File Created:,Thu Apr  4 07:57:10 2024
Heat Source Version:,9.0.0b26
Simulation Name:,WFK23
User Text:,Westfork Kickapoo
Output:,Evaporation Flux (watts/square meter)
""
Datetime,27.200,27.100,27.000,26.900,26.800,26.700,26.600,26.500,26.400,26.300,26.200,26.100,26.000,25.900,25.800,25.700,25.600,25.500,25.400,25.300,25.200,25.100,25.000,24.900,24.800,24.700,24.600,24.500,24.400,24.300,24.200,24.100,24.000,23.900,23.800,23.700,23.600,23.500,23.400,23.300,23.200,23.100,23.000,22.900,22.800,22.700,22.600,22.500,22.400,22.300,22.200,22.100,22.000,21.900,21.800,21.700,21.600,21.500,21.400,21.300,21.200,21.100,21.000,20.900,20.800,20.700,20.600,20.500,20.400,20.300,20.200,20.100,20.000,19.900,19.800,19.700,19.600,19.500,19.400,19.300,19.200,19.100,19.000,18.900,18.800,18.700,18.600,18.500,18.400,18.300,18.200,18.100,18.000,17.900,17.800,17.700,17.600,17.500,17.400,17.300,17.200,17.100,17.000,16.900,16.800,16.700,16.600,16.500,16.400,16.300,16.200,16.100,16.000,15.900,15.800,15.700,15.600,15.500,15.400,15.300,15.200,15.100,15.000,14.900,14.800,14.700,14.600,14.500,14.400,14.300,14.200,14.100,14.000,13.900,13.800,13.700,13.600,13.500,13.400,13.300,13.200,13.100,13.000,12.900,12.800,12.700,12.600,12.500,12.400,12.300,12.200,12.100,12.000,11.900,11.800,11.700,11.600,11.500,11.400,11.300,11.200,11.100,11.000,10.900,10.800,10.700,10.600,10.500,10.400,10.300,10.200,10.100,10.000,9.900,9.800,9.700,9.600,9.500,9.400,9.300,9.200,9.100,9.000,8.900,8.800,8.700,8.600,8.500,8.400,8.300,8.200,8.100,8.000,7.900,7.800,7.700,7.600,7.500,7.400,7.300,7.200,7.100,7.000,6.900,6.800,6.700,6.600,6.500,6.400,6.300,6.200,6.100,6.000,5.900,5.800,5.700,5.600,5.500,5.400,5.300,5.200,5.100,5.000,4.900,4.800,4.700,4.600,4.500,4.400,4.300,4.200,4.100,4.000,3.900,3.800,3.700,3.600,3.500,3.400,3.300,3.200,3.100,3.000,2.900,2.800,2.700,2.600,2.500,2.400,2.300,2.200,2.100,2.000,1.900,1.800,1.700,1.600,1.500,1.400,1.300,1.200,1.100,1.000,0.900,0.800,0.700,0.600,0.500,0.400,0.300,0.200,0.100,0.000
45108.0000000,-9.0898,-9.0898,-9.0898,-9.0898,-9.0898,-9.0898,-9.0898,-9.0898,-9.0898,-9.0898,-9.0898,-9.0898,-9.0898,-9.0898,-9.0898,-9.0898,-9.0898,-9.0898,-9.0898,-9.0898,-9.0898,-9.0898,-9.0898,-9.0898,-9.0898,-9.0898,-9.0898,-9.0898,-9.0898,-9.0898,-9.0898,-9.0898,-9.0898,-9.0898,-9.0898,-9.0898,-9.0898,-9.0898,-9.0898,-9.0898,-9.0898,-9.0898,-9.0898,-9.0898,-9.0898,-9.0898,-9.0898,-9.0898,-9.0898,-9.0898,-9.0898,-9.0898,-9.0898,-9.0898,-9.0898,-9.0898,-9.0898,-9.0898,-9.0898,-9.0898,-9.0898,-9.0898,-9.0898,-9.0898,-9.0898,-9.0898,-9.0898,-9.0898,-9.0898,-9.0898,-9.0898,-9.0898,-9.0898,-9.0898,-9.0898,-9.0898,-9.0898,-9.0898,-9.0898,-9.0898,-9.0898,-9.0898,-9.0898,-9.0898,-9.0898,-9.0898,-9.0898,-9.0898,-9.0898,-9.0898,-9.0898,-9.0898,-9.0898,-9.0898,-9.0898,-9.0898,-9.0898,-9.0898,-9.0898,-9.0898,-9.0898,-9.0898,-9.0898,-9.0898,-9.0898,-9.0898,-9.0898,-9.0898,-9.0898,-9.0898,-9.0898,-9.0898,-9.0898,-9.0898,-9.0898,-9.0898,-9.0898,-9.0898,-9.0898,-9.0898,-9.0898,-9.0898,-9.0898,-9.0898,-9.0898,-9.0898,-9.0898,-9.0898,-9.0898,-9.0898,-9.0898,-9.0898,-9.0898,-9.0898,-9.0898,-9.0898,-9.0898,-9.0898,-9.0898,-9.0898,-9.0898,-9.0898,-9.0898,-9.0898,-9.0898,-9.0898,-9.0898,-9.0898,-9.0898,-9.0898,-9.0898,-9.0898,-9.0898,-9.0898,-9.0898,-9.0898,-9.0898,-9.0898,-9.0898,-9.0898,-9.0898,-9.0898,-9.0898,-9.0898,-9.0898,-9.0898,-9.0898,-9.0898,-9.0898,-9.0898,-9.0898,-9.0898,-9.0898,-9.0898,-9.0898,-9.0898,-9.0898,-9.0898,-9.0898,-9.0898,-9.0898,-9.0898,-9.0898,-9.0898,-9.0898,-9.0898,-9.0898,-9.0898,-9.0898,-9.0898,-9.0898,-9.0898,-9.0898,-9.0898,-9.0898,-9.0898,-9.0898,-9.0898,-9.0898,-9.0898,-9.0898,-9.0898,-9.0898,-9.0898,-9.0898,-9.0898,-9.0898,-9.0898,-9.0898,-9.0898,-9.0898,-9.0898,-9.0898,-9.0898,-9.0898,-9.0898,-9.0898,-9.0898,-9.0898,-9.0898,-9.0898,-9.0898,-9.0898,-9.0898,-9.0898,-9.0898,-9.0898,-9.0898,-9.0898,-9.0898,-9.0898,-9.0898,-9.0898,-9.0898,-9.0898,-9.0898,-9.0898,-9.0898,-9.0898,-9.0898,-9.0898,-9.0898,-9.0898,-9.0898,-9.0898,-9.0898,-9.0898,-9.0898,-9.0898,-9.0898,-9.0898,-9.0898,-9.0898,-9.0898,-9.0898,-9.0898,-9.0898,-9.0898,-9.0898,-9.0898,-9.0898,-9.0898,-9.0898,-9.0898,-9.0898,-9.0898,-9.0898,-9.0898,-9.0898,-9.0898,-9.0898,-9.0898,-9.0898
45108.0416667,-7.8585,-7.8643,-7.8670,-7.8614,-7.8583,-7.8697,-7.5883,-7.6168,-7.6382,-7.6638,-7.7003,-7.7430,-7.3678,-7.4325,-7.4916,-7.5828,-7.6678,-7.7322,-7.8022,-7.8330,-7.8535,-7.8725,-7.8759,-7.8774,-7.8742,-7.6844,-7.6975,-7.7192,-7.7170,-7.7469,-7.7964,-7.8371,-7.8608,-7.8761,-7.8936,-7.8960,-7.8717,-7.8744,-7.6425,-7.6488,-7.6559,-7.6602,-7.6750,-7.6993,-7.7654,-7.8274,-7.6298,-7.6577,-7.6747,-7.7088,-7.7415,-7.7861,-7.8205,-7.9265,-7.9718,-7.9630,-7.9481,-7.9371,-7.8976,-7.8864,-7.8680,-7.8542,-7.8495,-7.8482,-7.8504,-7.7488,-7.7572,-7.8128,-7.8811,-7.8943,-7.8992,-7.9029,-7.9035,-7.9020,-7.9110,-7.9125,-7.9006,-7.8465,-7.8397,-7.8400,-7.8341,-7.8311,-7.7267,-7.7359,-7.6987,-7.7255,-7.7594,-7.7898,-7.8170,-7.8433,-7.8641,-7.8749,-7.8781,-7.8840,-7.8848,-7.8839,-7.8839,-7.8866,-7.8532,-7.8594,-7.5411,-7.5575,-7.5842,-7.6193,-7.6663,-7.5711,-7.6142,-7.6714,-7.7258,-7.7783,-7.8260,-7.8510,-7.8730,-7.8869,-7.9017,-7.9100,-7.9101,-7.9141,-7.9239,-7.8881,-7.8925,-7.8929,-7.8883,-7.8904,-7.8960,-7.8940,-7.8971,-7.9038,-7.9085,-7.8901,-7.8947,-7.8980,-7.8984,-7.9041,-7.9010,-7.9056,-7.9077,-7.9179,-7.9280,-7.9325,-7.9373,-7.9206,-7.9230,-7.9287,-7.9323,-7.9204,-7.9196,-7.9193,-7.9249,-7.9615,-7.9833,-7.9930,-7.9820,-7.9747,-7.9604,-7.9533,-7.9488,-7.8719,-7.8707,-7.8699,-7.8423,-7.8412,-7.8419,-7.8397,-7.8491,-7.8641,-7.8912,-7.9145,-7.9346,-7.6980,-7.7190,-7.7342,-7.7532,-7.7662,-7.7774,-7.7935,-7.8074,-7.8156,-7.8249,-7.8318,-7.8410,-7.8439,-7.8503,-7.8591,-7.8664,-7.8736,-7.8799,-7.8850,-7.8898,-7.8915,-7.8885,-7.8917,-7.8948,-7.8977,-7.9005,-7.9033,-7.9060,-7.9086,-7.9111,-7.9136,-7.9160,-7.9183,-7.9204,-7.9225,-7.9244,-7.9261,-7.9278,-7.9292,-7.9305,-7.9317,-7.9328,-7.9337,-7.9346,-7.9353,-7.9360,-7.9366,-7.9372,-7.9377,-7.9382,-7.9386,-7.9391,-7.9395,-7.9398,-7.9402,-7.9405,-7.9409,-7.9412,-7.9415,-7.9417,-7.9420,-7.9423,-7.9425,-7.9428,-7.9430,-7.9432,-7.9434,-7.9436,-7.9438,-7.9440,-7.9442,-7.9443,-7.9445,-7.9447,-7.9448,-7.9450,-7.9451,-7.9453,-7.9454,-7.9455,-7.9457,-7.9458,-7.9459,-7.9460,-7.9461,-7.9463,-7.9464,-7.9465,-7.9466,-7.9467,-7.9468,-7.9469,-7.9470,-7.9470,-7.9471,-7.9472,-7.9473,-7.9474,-7.9475,-7.9475,-7.9476,-7.9477,-7.9477,-7.9476
45108.0833333,-7.0121,-7.0201,-7.0253,-7.0234,-7.0232,-7.0357,-6.7890,-6.8074,-6.8172,-6.8256,-6.8352,-6.8481,-6.4752,-6.5089,-6.5413,-6.5902,-6.6374,-6.6791,-6.7390,-6.7775,-6.8149,-6.8601,-6.8926,-6.9279,-6.9559,-6.8173,-6.8511,-6.8775,-6.8690,-6.8824,-6.9087,-6.9342,-6.9553,-6.9757,-7.0046,-7.0231,-7.0184,-7.0330,-6.8353,-6.8429,-6.8470,-6.8465,-6.8503,-6.8555,-6.8802,-6.9108,-6.7355,-6.7567,-6.7709,-6.7974,-6.8223,-6.8557,-6.8958,-7.0296,-7.1334,-7.1380,-7.1365,-7.1370,-7.1109,-7.1088,-7.0986,-7.0902,-7.0872,-7.0843,-7.0809,-6.9765,-6.9633,-6.9849,-7.0241,-7.0335,-7.0392,-7.0453,-7.0499,-7.0548,-7.0745,-7.0883,-7.0836,-7.0400,-7.0362,-7.0381,-7.0328,-7.0292,-6.9325,-6.9343,-6.8904,-6.8994,-6.9129,-6.9232,-6.9337,-6.9482,-6.9652,-6.9805,-6.9916,-7.0044,-7.0122,-7.0174,-7.0242,-7.0342,-7.0138,-7.0257,-6.7567,-6.7680,-6.7821,-6.7954,-6.8119,-6.7014,-6.7174,-6.7413,-6.7680,-6.7994,-6.8346,-6.8575,-6.8817,-6.9017,-6.9287,-6.9524,-6.9726,-6.9984,-7.0439,-7.0316,-7.0546,-7.0707,-7.0762,-7.0861,-7.0945,-7.0939,-7.0969,-7.1023,-7.1059,-7.0889,-7.0926,-7.0956,-7.0963,-7.1016,-7.0992,-7.1036,-7.1060,-7.1156,-7.1256,-7.1311,-7.1375,-7.1252,-7.1303,-7.1387,-7.1449,-7.1361,-7.1371,-7.1381,-7.1447,-7.1819,-7.2120,-7.2343,-7.2279,-7.2238,-7.2137,-7.2089,-7.2053,-7.1293,-7.1247,-7.1193,-7.0880,-7.0830,-7.0794,-7.0720,-7.0723,-7.0755,-7.0864,-7.0982,-7.1105,-6.8963,-6.9098,-6.9169,-6.9270,-6.9336,-6.9382,-6.9460,-6.9516,-6.9549,-6.9591,-6.9615,-6.9664,-6.9668,-6.9710,-6.9772,-6.9833,-6.9905,-6.9980,-7.0055,-7.0136,-7.0198,-7.0224,-7.0308,-7.0392,-7.0476,-7.0558,-7.0638,-7.0715,-7.0789,-7.0859,-7.0925,-7.0986,-7.1043,-7.1095,-7.1144,-7.1189,-7.1230,-7.1269,-7.1304,-7.1337,-7.1368,-7.1397,-7.1425,-7.1450,-7.1475,-7.1498,-7.1520,-7.1540,-7.1559,-7.1578,-7.1595,-7.1611,-7.1625,-7.1639,-7.1652,-7.1664,-7.1675,-7.1685,-7.1694,-7.1703,-7.1711,-7.1718,-7.1725,-7.1731,-7.1737,-7.1743,-7.1748,-7.1753,-7.1758,-7.1762,-7.1767,-7.1771,-7.1775,-7.1778,-7.1782,-7.1785,-7.1789,-7.1792,-7.1795,-7.1798,-7.1800,-7.1803,-7.1806,-7.1808,-7.1811,-7.1813,-7.1815,-7.1818,-7.1820,-7.1822,-7.1824,-7.1826,-7.1828,-7.1830,-7.1831,-7.1833,-7.1835,-7.1836,-7.1838,-7.1840,-7.1841,-7.1842,-7.1843,-7.1844
45108.1250000,-5.8711,-5.8774,-5.8818,-5.8804,-5.8808,-5.8917,-5.6893,-5.7057,-5.7146,-5.7221,-5.7300,-5.7396,-5.3996,-5.4212,-5.4407,-5.4673,-5.4910,-5.5114,-5.5417,-5.5622,-5.5837,-5.6114,-5.6323,-5.6581,-5.6820,-5.5835,-5.6222,-5.6604,-5.6757,-5.7036,-5.7409,-5.7719,-5.7929,-5.8103,-5.8326,-5.8466,-5.8434,-5.8571,-5.7016,-5.7111,-5.7186,-5.7216,-5.7282,-5.7352,-5.7576,-5.7796,-5.6310,-5.6427,-5.6504,-5.6643,-5.6782,-5.6979,-5.7277,-5.8322,-5.9349,-5.9438,-5.9482,-5.9541,-5.9388,-5.9432,-5.9414,-5.9418,-5.9465,-5.9509,-5.9546,-5.8733,-5.8689,-5.8884,-5.9119,-5.9149,-5.9152,-5.9163,-5.9171,-5.9181,-5.9291,-5.9376,-5.9339,-5.8993,-5.8982,-5.9028,-5.9008,-5.9002,-5.8217,-5.8257,-5.7921,-5.8005,-5.8111,-5.8171,-5.8216,-5.8275,-5.8334,-5.8386,-5.8416,-5.8479,-5.8515,-5.8542,-5.8581,-5.8649,-5.8479,-5.8580,-5.6537,-5.6645,-5.6785,-5.6918,-5.7069,-5.6158,-5.6266,-5.6411,-5.6560,-5.6721,-5.6890,-5.6994,-5.7104,-5.7195,-5.7322,-5.7441,-5.7540,-5.7704,-5.8037,-5.7962,-5.8200,-5.8420,-5.8587,-5.8853,-5.9091,-5.9201,-5.9317,-5.9454,-5.9564,-5.9511,-5.9607,-5.9681,-5.9718,-5.9794,-5.9792,-5.9838,-5.9861,-5.9943,-6.0028,-6.0076,-6.0131,-6.0033,-6.0080,-6.0158,-6.0219,-6.0154,-6.0174,-6.0196,-6.0273,-6.0641,-6.0947,-6.1199,-6.1162,-6.1141,-6.1073,-6.1049,-6.1040,-6.0404,-6.0381,-6.0347,-6.0081,-6.0041,-6.0009,-5.9942,-5.9934,-5.9938,-5.9984,-6.0024,-6.0070,-5.8196,-5.8257,-5.8269,-5.8312,-5.8342,-5.8354,-5.8394,-5.8416,-5.8428,-5.8447,-5.8453,-5.8479,-5.8470,-5.8491,-5.8525,-5.8557,-5.8597,-5.8639,-5.8681,-5.8728,-5.8759,-5.8761,-5.8810,-5.8862,-5.8916,-5.8971,-5.9027,-5.9085,-5.9144,-5.9205,-5.9266,-5.9328,-5.9391,-5.9454,-5.9518,-5.9581,-5.9644,-5.9707,-5.9768,-5.9828,-5.9887,-5.9943,-5.9998,-6.0050,-6.0100,-6.0148,-6.0192,-6.0235,-6.0275,-6.0312,-6.0347,-6.0380,-6.0410,-6.0439,-6.0466,-6.0491,-6.0515,-6.0537,-6.0558,-6.0577,-6.0596,-6.0613,-6.0629,-6.0644,-6.0659,-6.0672,-6.0685,-6.0696,-6.0708,-6.0718,-6.0728,-6.0737,-6.0745,-6.0753,-6.0761,-6.0767,-6.0774,-6.0780,-6.0786,-6.0791,-6.0796,-6.0801,-6.0806,-6.0810,-6.0814,-6.0818,-6.0822,-6.0826,-6.0829,-6.0833,-6.0836,-6.0839,-6.0842,-6.0845,-6.0847,-6.0850,-6.0853,-6.0855,-6.0858,-6.0860,-6.0862,-6.0864,-6.0866,-6.0867
45108.1666667,-5.1409,-5.1504,-5.1574,-5.1594,-5.1622,-5.1743,-5.0004,-5.0161,-5.0248,-5.0321,-5.0396,-5.0485,-4.7318,-4.7501,-4.7664,-4.7877,-4.8055,-4.8199,-4.8399,-4.8532,-4.8669,-4.8841,-4.8960,-4.9108,-4.9243,-4.8400,-4.8648,-4.8916,-4.9025,-4.9275,-4.9647,-5.0009,-5.0284,-5.0520,-5.0804,-5.0999,-5.1034,-5.1189,-4.9920,-5.0017,-5.0092,-5.0127,-5.0193,-5.0265,-5.0473,-5.0684,-4.9452,-4.9563,-4.9634,-4.9753,-4.9866,-5.0013,-5.0230,-5.0980,-5.1798,-5.1882,-5.1930,-5.1992,-5.1878,-5.1933,-5.1938,-5.1968,-5.2038,-5.2109,-5.2181,-5.1535,-5.1579,-5.1845,-5.2146,-5.2204,-5.2228,-5.2251,-5.2265,-5.2272,-5.2354,-5.2398,-5.2351,-5.2034,-5.2007,-5.2020,-5.1991,-5.1977,-5.1282,-5.1311,-5.1023,-5.1101,-5.1202,-5.1266,-5.1316,-5.1376,-5.1429,-5.1468,-5.1484,-5.1527,-5.1548,-5.1562,-5.1582,-5.1622,-5.1451,-5.1509,-4.9773,-4.9849,-4.9949,-5.0047,-5.0165,-4.9378,-4.9470,-4.9595,-4.9722,-4.9857,-4.9995,-5.0077,-5.0160,-5.0227,-5.0315,-5.0392,-5.0443,-5.0539,-5.0720,-5.0607,-5.0744,-5.0867,-5.0973,-5.1163,-5.1356,-5.1460,-5.1576,-5.1719,-5.1850,-5.1867,-5.2016,-5.2150,-5.2255,-5.2421,-5.2517,-5.2645,-5.2730,-5.2857,-5.2976,-5.3049,-5.3120,-5.3049,-5.3101,-5.3177,-5.3236,-5.3184,-5.3206,-5.3229,-5.3305,-5.3654,-5.3959,-5.4225,-5.4205,-5.4197,-5.4149,-5.4138,-5.4144,-5.3577,-5.3569,-5.3552,-5.3316,-5.3288,-5.3267,-5.3215,-5.3216,-5.3228,-5.3276,-5.3312,-5.3348,-5.1646,-5.1685,-5.1677,-5.1698,-5.1710,-5.1707,-5.1725,-5.1728,-5.1726,-5.1731,-5.1724,-5.1735,-5.1716,-5.1722,-5.1738,-5.1752,-5.1772,-5.1795,-5.1818,-5.1845,-5.1859,-5.1848,-5.1878,-5.1911,-5.1945,-5.1980,-5.2017,-5.2055,-5.2094,-5.2134,-5.2175,-5.2217,-5.2260,-5.2304,-5.2349,-5.2394,-5.2441,-5.2487,-5.2535,-5.2583,-5.2631,-5.2680,-5.2730,-5.2779,-5.2829,-5.2879,-5.2929,-5.2978,-5.3028,-5.3077,-5.3125,-5.3172,-5.3219,-5.3265,-5.3309,-5.3352,-5.3394,-5.3434,-5.3473,-5.3510,-5.3545,-5.3579,-5.3611,-5.3641,-5.3670,-5.3697,-5.3722,-5.3746,-5.3769,-5.3790,-5.3810,-5.3829,-5.3847,-5.3863,-5.3879,-5.3894,-5.3908,-5.3921,-5.3933,-5.3944,-5.3955,-5.3965,-5.3975,-5.3984,-5.3993,-5.4001,-5.4008,-5.4015,-5.4022,-5.4028,-5.4034,-5.4040,-5.4045,-5.4050,-5.4055,-5.4059,-5.4064,-5.4068,-5.4072,-5.4075,-5.4079,-5.4082,-5.4085,-5.4087
45108.2083333,-4.5241,-4.5280,-4.5311,-4.5300,-4.5303,-4.5376,-4.3857,-4.3985,-4.4061,-4.4131,-4.4207,-4.4295,-4.1374,-4.1542,-4.1690,-4.1880,-4.2038,-4.2163,-4.2332,-4.2444,-4.2557,-4.2695,-4.2786,-4.2893,-4.2985,-4.2263,-4.2428,-4.2599,-4.2631,-4.2791,-4.3051,-4.3316,-4.3536,-4.3740,-4.4001,-4.4205,-4.4288,-4.4469,-4.3478,-4.3598,-4.3699,-4.3756,-4.3839,-4.3927,-4.4138,-4.4341,-4.3329,-4.3433,-4.3500,-4.3610,-4.3714,-4.3847,-4.4025,-4.4622,-4.5252,-4.5321,-4.5361,-4.5411,-4.5313,-4.5359,-4.5364,-4.5392,-4.5456,-4.5523,-4.5594,-4.5059,-4.5121,-4.5390,-4.5717,-4.5801,-4.5852,-4.5897,-4.5930,-4.5960,-4.6067,-4.6138,-4.6111,-4.5848,-4.5830,-4.5845,-4.5821,-4.5808,-4.5194,-4.5212,-4.4952,-4.5007,-4.5083,-4.5127,-4.5163,-4.5210,-4.5254,-4.5291,-4.5308,-4.5348,-4.5367,-4.5381,-4.5400,-4.5435,-4.5287,-4.5336,-4.3843,-4.3901,-4.3976,-4.4046,-4.4131,-4.3438,-4.3505,-4.3596,-4.3692,-4.3795,-4.3903,-4.3968,-4.4034,-4.4088,-4.4161,-4.4225,-4.4267,-4.4345,-4.4485,-4.4381,-4.4481,-4.4564,-4.4627,-4.4741,-4.4861,-4.4921,-4.4995,-4.5090,-4.5179,-4.5171,-4.5281,-4.5388,-4.5480,-4.5634,-4.5748,-4.5903,-4.6025,-4.6191,-4.6357,-4.6478,-4.6596,-4.6584,-4.6674,-4.6785,-4.6874,-4.6850,-4.6891,-4.6929,-4.7014,-4.7347,-4.7635,-4.7892,-4.7884,-4.7884,-4.7850,-4.7850,-4.7865,-4.7363,-4.7365,-4.7358,-4.7153,-4.7134,-4.7120,-4.7082,-4.7091,-4.7112,-4.7168,-4.7212,-4.7252,-4.5733,-4.5767,-4.5761,-4.5778,-4.5786,-4.5781,-4.5793,-4.5791,-4.5786,-4.5787,-4.5777,-4.5782,-4.5761,-4.5762,-4.5770,-4.5776,-4.5788,-4.5801,-4.5814,-4.5830,-4.5834,-4.5817,-4.5835,-4.5854,-4.5875,-4.5897,-4.5919,-4.5943,-4.5968,-4.5994,-4.6020,-4.6048,-4.6076,-4.6105,-4.6135,-4.6165,-4.6197,-4.6229,-4.6262,-4.6295,-4.6329,-4.6364,-4.6399,-4.6434,-4.6470,-4.6507,-4.6544,-4.6581,-4.6619,-4.6657,-4.6695,-4.6734,-4.6773,-4.6812,-4.6851,-4.6890,-4.6929,-4.6968,-4.7007,-4.7046,-4.7085,-4.7123,-4.7161,-4.7199,-4.7235,-4.7272,-4.7307,-4.7342,-4.7375,-4.7408,-4.7440,-4.7471,-4.7500,-4.7529,-4.7556,-4.7583,-4.7608,-4.7631,-4.7654,-4.7676,-4.7696,-4.7716,-4.7734,-4.7751,-4.7768,-4.7783,-4.7798,-4.7812,-4.7825,-4.7837,-4.7849,-4.7859,-4.7870,-4.7879,-4.7889,-4.7897,-4.7905,-4.7913,-4.7920,-4.7927,-4.7934,-4.7940,-4.7945,-4.7948
45108.2500000,-4.1446,-4.1520,-4.1569,-4.1602,-4.1627,-4.1669,-4.0256,-4.0332,-4.0390,-4.0446,-4.0499,-4.0560,-3.7746,-3.7879,-3.8007,-3.8169,-3.8314,-3.8439,-3.8587,-3.8704,-3.8816,-3.8942,-3.9033,-3.9141,-3.9243,-3.8604,-3.8713,-3.8857,-3.8851,-3.8966,-3.9153,-3.9345,-3.9515,-3.9671,-3.9861,-4.0037,-4.0113,-4.0262,-3.9457,-3.9575,-3.9681,-3.9740,-3.9832,-3.9941,-4.0135,-4.0328,-3.9491,-3.9611,-3.9693,-3.9801,-3.9901,-4.0024,-4.0194,-4.0679,-4.1205,-4.1295,-4.1355,-4.1424,-4.1354,-4.1407,-4.1417,-4.1431,-4.1478,-4.1536,-4.1600,-4.1130,-4.1166,-4.1375,-4.1653,-4.1758,-4.1833,-4.1900,-4.1951,-4.2004,-4.2112,-4.2200,-4.2223,-4.2024,-4.2042,-4.2077,-4.2086,-4.2085,-4.1524,-4.1549,-4.1319,-4.1360,-4.1410,-4.1455,-4.1481,-4.1512,-4.1552,-4.1591,-4.1596,-4.1622,-4.1642,-4.1660,-4.1678,-4.1708,-4.1575,-4.1615,-4.0286,-4.0336,-4.0394,-4.0447,-4.0514,-3.9879,-3.9940,-4.0012,-4.0079,-4.0153,-4.0229,-4.0280,-4.0332,-4.0378,-4.0442,-4.0499,-4.0535,-4.0598,-4.0687,-4.0593,-4.0676,-4.0748,-4.0805,-4.0901,-4.1000,-4.1054,-4.1110,-4.1173,-4.1238,-4.1210,-4.1286,-4.1363,-4.1438,-4.1545,-4.1622,-4.1744,-4.1843,-4.1969,-4.2108,-4.2233,-4.2359,-4.2373,-4.2486,-4.2613,-4.2728,-4.2743,-4.2821,-4.2892,-4.3012,-4.3374,-4.3681,-4.3950,-4.3971,-4.3991,-4.3983,-4.3999,-4.4024,-4.3552,-4.3571,-4.3582,-4.3404,-4.3402,-4.3403,-4.3374,-4.3386,-4.3400,-4.3443,-4.3485,-4.3524,-4.2125,-4.2161,-4.2164,-4.2187,-4.2203,-4.2202,-4.2218,-4.2222,-4.2228,-4.2238,-4.2232,-4.2236,-4.2219,-4.2224,-4.2229,-4.2232,-4.2239,-4.2246,-4.2253,-4.2261,-4.2259,-4.2237,-4.2247,-4.2258,-4.2270,-4.2283,-4.2297,-4.2311,-4.2327,-4.2343,-4.2360,-4.2378,-4.2396,-4.2416,-4.2435,-4.2456,-4.2477,-4.2499,-4.2521,-4.2544,-4.2567,-4.2591,-4.2615,-4.2640,-4.2666,-4.2692,-4.2718,-4.2745,-4.2772,-4.2800,-4.2828,-4.2857,-4.2886,-4.2915,-4.2944,-4.2974,-4.3005,-4.3035,-4.3066,-4.3097,-4.3128,-4.3160,-4.3191,-4.3223,-4.3255,-4.3286,-4.3318,-4.3350,-4.3382,-4.3414,-4.3445,-4.3477,-4.3508,-4.3539,-4.3570,-4.3601,-4.3631,-4.3660,-4.3689,-4.3718,-4.3746,-4.3773,-4.3799,-4.3825,-4.3850,-4.3875,-4.3898,-4.3921,-4.3943,-4.3964,-4.3984,-4.4003,-4.4021,-4.4039,-4.4055,-4.4071,-4.4087,-4.4101,-4.4114,-4.4127,-4.4140,-4.4151,-4.4161,-4.4168
45108.2916667,-6.0026,-6.0189,-6.0312,-6.0472,-6.0596,-6.0710,-5.8664,-5.8784,-5.8891,-5.8996,-5.9091,-5.9173,-5.4868,-5.5012,-5.5164,-5.5347,-5.5526,-5.5699,-5.5875,-5.6054,-5.6223,-5.6404,-5.6555,-5.6741,-5.6936,-5.6035,-5.6155,-5.6366,-5.6325,-5.6457,-5.6685,-5.6925,-5.7150,-5.7351,-5.7574,-5.7831,-5.7954,-5.8146,-5.7062,-5.7237,-5.7396,-5.7478,-5.7616,-5.7787,-5.8011,-5.8235,-5.7067,-5.7255,-5.7394,-5.7556,-5.7705,-5.7880,-5.8118,-5.8658,-5.9298,-5.9479,-5.9625,-5.9794,-5.9765,-5.9908,-5.9975,-6.0023,-6.0112,-6.0224,-6.0341,-5.9694,-5.9723,-5.9925,-6.0174,-6.0330,-6.0461,-6.0587,-6.0686,-6.0804,-6.0977,-6.1133,-6.1248,-6.1036,-6.1137,-6.1255,-6.1346,-6.1379,-6.0573,-6.0640,-6.0330,-6.0388,-6.0429,-6.0501,-6.0526,-6.0555,-6.0620,-6.0700,-6.0700,-6.0724,-6.0760,-6.0793,-6.0824,-6.0874,-6.0687,-6.0744,-5.8766,-5.8840,-5.8921,-5.8990,-5.9076,-5.8138,-5.8232,-5.8330,-5.8399,-5.8472,-5.8538,-5.8591,-5.8649,-5.8707,-5.8796,-5.8881,-5.8933,-5.9015,-5.9077,-5.8931,-5.9028,-5.9119,-5.9205,-5.9348,-5.9492,-5.9590,-5.9668,-5.9736,-5.9817,-5.9758,-5.9853,-5.9948,-6.0055,-6.0184,-6.0268,-6.0424,-6.0540,-6.0661,-6.0792,-6.0936,-6.1087,-6.1083,-6.1232,-6.1381,-6.1520,-6.1559,-6.1695,-6.1822,-6.2029,-6.2564,-6.3051,-6.3501,-6.3589,-6.3666,-6.3719,-6.3797,-6.3889,-6.3250,-6.3332,-6.3403,-6.3189,-6.3227,-6.3266,-6.3252,-6.3293,-6.3321,-6.3372,-6.3421,-6.3465,-6.1401,-6.1447,-6.1464,-6.1509,-6.1546,-6.1556,-6.1595,-6.1618,-6.1656,-6.1699,-6.1707,-6.1723,-6.1715,-6.1740,-6.1763,-6.1779,-6.1799,-6.1817,-6.1830,-6.1843,-6.1838,-6.1801,-6.1808,-6.1814,-6.1821,-6.1826,-6.1832,-6.1837,-6.1843,-6.1849,-6.1856,-6.1863,-6.1871,-6.1880,-6.1891,-6.1902,-6.1915,-6.1928,-6.1943,-6.1960,-6.1977,-6.1995,-6.2015,-6.2036,-6.2058,-6.2081,-6.2105,-6.2129,-6.2155,-6.2182,-6.2209,-6.2238,-6.2267,-6.2296,-6.2327,-6.2358,-6.2390,-6.2423,-6.2456,-6.2489,-6.2524,-6.2559,-6.2594,-6.2630,-6.2666,-6.2703,-6.2740,-6.2778,-6.2816,-6.2854,-6.2892,-6.2931,-6.2970,-6.3009,-6.3049,-6.3089,-6.3128,-6.3168,-6.3208,-6.3248,-6.3287,-6.3327,-6.3366,-6.3406,-6.3445,-6.3484,-6.3522,-6.3560,-6.3598,-6.3635,-6.3672,-6.3708,-6.3743,-6.3778,-6.3812,-6.3845,-6.3877,-6.3909,-6.3939,-6.3969,-6.3997,-6.4024,-6.4049,-6.4067
45108.3333333,-14.8906,-14.9203,-14.9448,-15.0117,-15.0597,-15.0794,-14.5703,-14.5985,-14.6353,-14.6648,-14.7028,-14.7338,-13.6659,-13.6902,-13.7079,-13.7427,-13.7802,-13.8244,-13.8542,-13.8914,-13.9234,-13.9560,-13.9929,-14.0519,-14.1028,-13.8845,-13.8922,-13.9535,-13.9324,-13.9605,-14.0180,-14.0792,-14.1388,-14.1758,-14.2152,-14.2817,-14.3286,-14.3725,-14.1211,-14.1584,-14.1949,-14.2080,-14.2409,-14.2979,-14.3435,-14.3768,-14.0902,-14.1434,-14.1811,-14.2173,-14.2416,-14.2699,-14.3170,-14.3960,-14.5149,-14.5685,-14.6170,-14.6813,-14.6923,-14.7425,-14.7775,-14.7922,-14.8146,-14.8522,-14.8898,-14.7545,-14.7681,-14.8084,-14.8376,-14.8761,-14.9117,-14.9531,-14.9786,-15.0188,-15.0550,-15.0990,-15.1421,-15.1046,-15.1555,-15.2026,-15.2455,-15.2647,-15.0584,-15.0730,-14.9961,-15.0060,-15.0125,-15.0501,-15.0659,-15.0677,-15.0882,-15.1191,-15.1106,-15.1095,-15.1259,-15.1394,-15.1504,-15.1661,-15.1227,-15.1344,-14.6376,-14.6536,-14.6678,-14.6781,-14.7013,-14.4623,-14.4929,-14.5162,-14.5281,-14.5398,-14.5452,-14.5498,-14.5622,-14.5761,-14.5977,-14.6149,-14.6293,-14.6441,-14.6336,-14.5975,-14.6115,-14.6346,-14.6535,-14.6889,-14.7317,-14.7622,-14.7828,-14.7948,-14.8063,-14.7820,-14.8041,-14.8299,-14.8548,-14.8807,-14.9056,-14.9467,-14.9659,-14.9779,-14.9920,-15.0204,-15.0522,-15.0491,-15.0774,-15.0966,-15.1154,-15.1213,-15.1532,-15.1795,-15.2219,-15.3191,-15.4258,-15.5401,-15.5762,-15.6111,-15.6417,-15.6749,-15.7104,-15.5629,-15.5970,-15.6353,-15.5977,-15.6174,-15.6405,-15.6469,-15.6663,-15.6860,-15.7080,-15.7285,-15.7438,-15.2342,-15.2447,-15.2539,-15.2697,-15.2835,-15.2853,-15.2990,-15.3109,-15.3292,-15.3471,-15.3541,-15.3595,-15.3554,-15.3620,-15.3665,-15.3693,-15.3723,-15.3751,-15.3770,-15.3790,-15.3766,-15.3664,-15.3673,-15.3683,-15.3691,-15.3698,-15.3704,-15.3708,-15.3711,-15.3714,-15.3715,-15.3716,-15.3716,-15.3716,-15.3716,-15.3715,-15.3715,-15.3715,-15.3716,-15.3718,-15.3721,-15.3725,-15.3731,-15.3739,-15.3748,-15.3760,-15.3774,-15.3791,-15.3810,-15.3831,-15.3856,-15.3883,-15.3913,-15.3945,-15.3981,-15.4019,-15.4059,-15.4102,-15.4148,-15.4196,-15.4246,-15.4298,-15.4353,-15.4409,-15.4468,-15.4528,-15.4590,-15.4654,-15.4719,-15.4786,-15.4854,-15.4924,-15.4995,-15.5067,-15.5140,-15.5215,-15.5291,-15.5367,-15.5445,-15.5523,-15.5602,-15.5682,-15.5763,-15.5844,-15.5925,-15.6007,-15.6090,-15.6173,-15.6256,-15.6339,-15.6422,-15.6505,-15.6588,-15.6671,-15.6754,-15.6837,-15.6919,-15.7000,-15.7081,-15.7161,-15.7240,-15.7316,-15.7388,-15.7442
45108.3750000,-25.4872,-25.5407,-25.5820,-25.7760,-25.9180,-25.9729,-25.0962,-25.1403,-25.2131,-25.2556,-25.3313,-25.3872,-23.6837,-23.6936,-23.7181,-23.7408,-23.7777,-23.8431,-23.8444,-23.8864,-23.9439,-23.9534,-24.0011,-24.1291,-24.2417,-23.8667,-23.8263,-23.9508,-23.8796,-23.8914,-23.9875,-24.0984,-24.2302,-24.2571,-24.2937,-24.4757,-24.5781,-24.6337,-24.2406,-24.2982,-24.3975,-24.3952,-24.4526,-24.5683,-24.6126,-24.6088,-24.1002,-24.1972,-24.2636,-24.3287,-24.3906,-24.4406,-24.4836,-24.4121,-24.4819,-24.5854,-24.6873,-24.8393,-24.8953,-25.0269,-25.1152,-25.1380,-25.1659,-25.2429,-25.3185,-25.1414,-25.1850,-25.2406,-25.2545,-25.3181,-25.3943,-25.4929,-25.5754,-25.6639,-25.7022,-25.7876,-25.9188,-25.8749,-26.0120,-26.1250,-26.2403,-26.2896,-25.9090,-25.9267,-25.7791,-25.7583,-25.7374,-25.8310,-25.8772,-25.9169,-25.9877,-26.0407,-26.0021,-25.9823,-26.0244,-26.0673,-26.1004,-26.1380,-26.0682,-26.0810,-25.2187,-25.2519,-25.2814,-25.2775,-25.3119,-24.8755,-24.9480,-24.9953,-25.0094,-25.0166,-25.0003,-25.0128,-25.0217,-25.0440,-25.0852,-25.1116,-25.1462,-25.1824,-25.1279,-25.0497,-25.0354,-25.0647,-25.0825,-25.1478,-25.2264,-25.2917,-25.3288,-25.3419,-25.3745,-25.3393,-25.3715,-25.4130,-25.4414,-25.4543,-25.4970,-25.5769,-25.6241,-25.6017,-25.5787,-25.5955,-25.6553,-25.6417,-25.6975,-25.6861,-25.7085,-25.7044,-25.7711,-25.8069,-25.8446,-25.8876,-25.9818,-26.1316,-26.2275,-26.3105,-26.3905,-26.4671,-26.5511,-26.3131,-26.4191,-26.5184,-26.4861,-26.5328,-26.5951,-26.6227,-26.6719,-26.7239,-26.7719,-26.8202,-26.8563,-26.0019,-26.0224,-26.0590,-26.1033,-26.1414,-26.1486,-26.1883,-26.2273,-26.2831,-26.3361,-26.3643,-26.3854,-26.3835,-26.4101,-26.4425,-26.4635,-26.4689,-26.4529,-26.4380,-26.4214,-26.3976,-26.3608,-26.3447,-26.3298,-26.3158,-26.3027,-26.2906,-26.2793,-26.2688,-26.2591,-26.2502,-26.2419,-26.2343,-26.2272,-26.2207,-26.2147,-26.2091,-26.2039,-26.1991,-26.1946,-26.1905,-26.1866,-26.1830,-26.1796,-26.1765,-26.1736,-26.1709,-26.1685,-26.1664,-26.1645,-26.1628,-26.1614,-26.1603,-26.1595,-26.1590,-26.1588,-26.1590,-26.1595,-26.1603,-26.1616,-26.1632,-26.1653,-26.1677,-26.1706,-26.1738,-26.1775,-26.1816,-26.1861,-26.1910,-26.1963,-26.2020,-26.2081,-26.2145,-26.2213,-26.2284,-26.2359,-26.2436,-26.2517,-26.2601,-26.2687,-26.2777,-26.2868,-26.2962,-26.3059,-26.3157,-26.3258,-26.3360,-26.3464,-26.3570,-26.3677,-26.3786,-26.3896,-26.4008,-26.4121,-26.4234,-26.4349,-26.4464,-26.4580,-26.4697,-26.4814,-26.4931,-26.5046,-26.5155,-26.5239
45108.4166667,-46.8055,-46.8197,-46.9781,-47.4841,-47.8505,-47.9492,-46.3325,-46.4208,-46.5997,-46.7043,-46.8908,-47.0233,-44.2559,-44.2319,-44.2049,-44.2095,-44.2483,-44.3708,-44.3644,-44.4084,-44.4238,-44.2967,-44.2921,-44.6115,-44.9733,-44.2443,-43.9895,-44.2487,-44.0179,-43.9362,-44.0793,-44.2813,-44.6024,-44.7863,-44.6451,-45.0412,-45.2883,-45.3220,-44.7004,-45.0069,-45.2147,-45.1577,-45.2027,-45.4324,-45.4137,-45.2505,-44.2866,-44.5124,-44.7097,-44.7872,-44.8825,-44.9370,-45.0247,-44.4312,-44.2704,-44.4582,-44.6596,-45.0180,-45.1833,-45.4958,-45.7169,-45.7697,-45.8701,-46.0267,-46.1492,-45.9098,-45.9901,-46.0207,-45.9295,-46.0822,-46.2692,-46.5052,-46.7142,-46.9348,-46.9635,-47.1889,-47.5483,-47.5219,-47.9057,-48.2032,-48.5176,-48.6550,-47.9319,-47.8834,-47.6844,-47.5359,-47.3333,-47.5388,-47.6451,-47.7514,-47.9763,-48.2737,-48.3690,-48.3932,-48.4711,-48.5593,-48.6107,-48.6622,-48.5067,-48.5650,-46.8467,-46.8536,-46.8616,-46.7492,-46.7922,-45.9218,-46.0970,-46.1877,-46.1873,-46.1629,-46.0530,-46.0811,-46.1051,-46.1647,-46.2583,-46.2548,-46.3423,-46.4250,-46.2523,-46.0996,-46.0293,-46.0798,-46.0748,-46.2622,-46.4367,-46.5803,-46.6451,-46.6416,-46.6925,-46.6005,-46.6470,-46.7357,-46.8646,-46.8077,-46.8838,-47.0424,-47.1334,-47.1029,-47.0556,-46.9784,-47.0256,-46.9350,-46.9941,-46.8364,-46.8399,-46.9223,-47.0238,-46.9950,-46.9704,-46.7984,-46.7691,-46.8949,-47.1196,-47.3172,-47.5188,-47.7440,-47.9225,-47.4756,-47.7354,-47.9899,-47.9993,-48.1081,-48.2579,-48.3341,-48.4553,-48.5818,-48.6742,-48.7750,-48.8481,-47.3085,-47.3190,-47.4275,-47.5451,-47.6456,-47.6611,-47.7711,-47.8871,-48.0491,-48.2003,-48.2917,-48.3565,-48.3516,-48.4051,-48.5165,-48.6145,-48.7072,-48.7879,-48.8486,-48.8751,-48.8018,-48.6474,-48.5447,-48.4371,-48.3350,-48.2396,-48.1510,-48.0691,-47.9933,-47.9230,-47.8576,-47.7967,-47.7400,-47.6871,-47.6377,-47.5916,-47.5487,-47.5086,-47.4713,-47.4365,-47.4041,-47.3741,-47.3461,-47.3202,-47.2961,-47.2738,-47.2531,-47.2339,-47.2161,-47.1997,-47.1844,-47.1703,-47.1573,-47.1452,-47.1340,-47.1237,-47.1142,-47.1055,-47.0974,-47.0901,-47.0834,-47.0774,-47.0720,-47.0672,-47.0631,-47.0595,-47.0566,-47.0543,-47.0526,-47.0515,-47.0510,-47.0512,-47.0521,-47.0535,-47.0557,-47.0585,-47.0619,-47.0660,-47.0707,-47.0761,-47.0821,-47.0888,-47.0961,-47.1040,-47.1124,-47.1215,-47.1311,-47.1413,-47.1520,-47.1632,-47.1749,-47.1871,-47.1997,-47.2127,-47.2261,-47.2400,-47.2542,-47.2687,-47.2835,-47.2987,-47.3140,-47.3294,-47.3441,-47.3556
45108.4583333,-70.9896,-71.0572,-71.7335,-72.6742,-73.3406,-73.3993,-70.7791,-70.8969,-71.2394,-71.6850,-72.0119,-72.2345,-68.3397,-68.2953,-68.3944,-68.3012,-68.2932,-68.4858,-68.4691,-68.8412,-68.8216,-69.0895,-68.7577,-69.1921,-69.6949,-68.2986,-67.3970,-67.7775,-67.0821,-67.2709,-66.9280,-67.2186,-67.6144,-68.3372,-68.7375,-69.3538,-69.6112,-69.3894,-68.3886,-68.9642,-69.3238,-69.0459,-69.0927,-69.5870,-69.5066,-69.0037,-67.3522,-67.7122,-67.7900,-68.0448,-68.3093,-68.4164,-68.1902,-66.9084,-65.9202,-66.3102,-67.0158,-67.6097,-67.8582,-68.3583,-68.7195,-68.7269,-68.6172,-68.6988,-68.9969,-68.8784,-68.9146,-69.0838,-68.8080,-69.2452,-69.7907,-70.2519,-70.6920,-71.1540,-71.2566,-71.1128,-71.9656,-72.3414,-73.0675,-73.5542,-74.1608,-74.4573,-73.5748,-73.6306,-73.3303,-73.2991,-72.5268,-72.7223,-72.7696,-72.8681,-73.2502,-73.8469,-74.0709,-74.1228,-74.2804,-74.4714,-74.5894,-74.7144,-74.5271,-74.7296,-71.8697,-72.0707,-72.1433,-72.1069,-72.0086,-70.5032,-70.7127,-70.7234,-70.5957,-70.4495,-70.2543,-70.2474,-70.2259,-70.2953,-70.4232,-70.3245,-70.4822,-70.6203,-70.0935,-69.8780,-69.9749,-70.0509,-69.9835,-70.0104,-70.4236,-70.7431,-70.8749,-70.7323,-70.8718,-70.7467,-70.6594,-70.6347,-71.0372,-71.2350,-71.3319,-71.5546,-71.6673,-71.5339,-71.1670,-71.3614,-71.5065,-71.3523,-71.4245,-71.3143,-71.0562,-71.1404,-71.2151,-70.9945,-70.8536,-69.7972,-69.2659,-69.1144,-69.4935,-69.6233,-69.8060,-70.1259,-70.6184,-70.2383,-70.7601,-71.2906,-71.4499,-71.7662,-72.1834,-72.4481,-72.7094,-72.8427,-72.8554,-72.9442,-73.0199,-70.6738,-70.7680,-70.9252,-71.1275,-71.3563,-71.4929,-71.6691,-71.8663,-72.1792,-72.4715,-72.6591,-72.8143,-72.9825,-73.2188,-73.4149,-73.5836,-73.7432,-73.8923,-74.0327,-74.1730,-74.2854,-74.3466,-74.4556,-74.5345,-74.5543,-74.4522,-74.0341,-73.6092,-73.1962,-72.7978,-72.4363,-72.1108,-71.8177,-71.5532,-71.3138,-71.0962,-70.8978,-70.7165,-70.5502,-70.3975,-70.2569,-70.1272,-70.0075,-69.8968,-69.7943,-69.6993,-69.6111,-69.5292,-69.4531,-69.3823,-69.3165,-69.2553,-69.1983,-69.1452,-69.0959,-69.0500,-69.0073,-68.9676,-68.9307,-68.8965,-68.8647,-68.8352,-68.8078,-68.7825,-68.7590,-68.7372,-68.7172,-68.6986,-68.6815,-68.6658,-68.6514,-68.6382,-68.6261,-68.6152,-68.6053,-68.5964,-68.5885,-68.5816,-68.5756,-68.5706,-68.5664,-68.5631,-68.5607,-68.5592,-68.5586,-68.5587,-68.5598,-68.5617,-68.5644,-68.5680,-68.5724,-68.5776,-68.5836,-68.5904,-68.5980,-68.6064,-68.6155,-68.6254,-68.6360,-68.6472,-68.6591,-68.6714,-68.6835,-68.6933
45108.5000000,-70.3030,-70.4161,-71.2640,-72.4808,-73.3963,-73.7256,-71.0626,-71.3043,-71.7182,-72.2318,-72.6114,-72.8758,-69.1052,-69.1235,-69.2922,-69.2750,-69.3322,-69.5879,-69.6290,-70.0686,-70.1124,-70.4696,-70.2462,-70.8000,-71.4415,-69.8961,-69.7618,-69.8579,-68.6227,-68.4859,-67.8206,-67.6810,-68.2856,-68.8528,-69.2160,-69.9792,-70.3830,-70.1912,-69.0992,-69.7590,-70.1702,-69.8914,-69.9849,-70.4718,-70.2861,-69.6012,-67.6458,-67.9622,-67.9637,-68.1025,-68.2827,-68.3365,-68.4243,-66.7375,-64.9870,-65.3172,-66.0496,-66.7071,-67.0314,-67.6355,-68.0624,-67.9762,-67.8348,-67.9350,-68.1581,-67.9485,-67.7719,-67.7535,-67.4393,-68.1053,-68.7987,-69.3318,-69.8303,-70.4066,-70.7509,-71.1883,-72.1208,-72.5596,-73.3894,-73.9806,-74.6784,-75.0380,-74.1998,-74.6755,-74.4216,-74.4893,-73.6533,-73.8867,-73.8956,-73.9112,-74.2132,-74.7781,-74.9516,-74.9572,-75.0885,-75.2685,-75.3726,-75.4886,-75.2664,-75.4935,-72.2720,-72.5373,-72.7065,-72.8091,-72.8702,-71.4015,-71.7101,-71.7783,-71.6288,-71.4011,-71.0939,-71.0149,-70.9185,-70.9306,-71.0168,-71.1642,-71.2442,-71.3168,-70.7186,-70.3401,-70.2916,-70.2293,-70.0143,-69.8524,-70.1653,-70.4394,-70.5412,-70.3710,-70.4876,-70.3491,-70.4367,-70.3308,-70.7114,-70.9042,-71.0705,-71.4036,-71.5894,-71.4810,-71.0198,-71.1449,-71.2284,-71.0243,-71.1131,-71.0862,-70.9411,-71.1127,-71.3209,-71.4277,-71.2547,-69.4414,-68.1201,-67.3924,-67.7058,-67.9691,-67.9508,-68.0942,-68.4244,-68.0463,-68.5924,-69.1901,-69.4722,-69.9769,-70.4845,-70.8522,-71.2431,-71.5101,-71.6432,-71.7780,-71.8635,-69.5089,-69.6714,-69.8724,-70.0995,-70.3479,-70.5011,-70.7024,-70.9335,-71.2865,-71.6180,-71.8371,-72.0215,-72.2262,-72.5138,-72.7733,-73.0150,-73.2538,-73.4819,-73.6952,-73.9004,-74.0683,-74.1782,-74.3460,-74.5034,-74.6491,-74.7824,-74.9023,-75.0070,-75.0923,-75.1509,-75.1687,-75.1206,-74.9635,-74.6189,-73.8738,-73.1298,-72.4226,-71.7619,-71.1594,-70.6119,-70.1149,-69.6637,-69.2544,-68.8831,-68.5463,-68.2409,-67.9639,-67.7124,-67.4841,-67.2765,-67.0876,-66.9153,-66.7580,-66.6141,-66.4822,-66.3612,-66.2499,-66.1474,-66.0528,-65.9655,-65.8847,-65.8099,-65.7406,-65.6763,-65.6167,-65.5613,-65.5098,-65.4620,-65.4176,-65.3764,-65.3380,-65.3024,-65.2693,-65.2386,-65.2102,-65.1838,-65.1593,-65.1367,-65.1158,-65.0964,-65.0786,-65.0622,-65.0472,-65.0334,-65.0208,-65.0093,-64.9990,-64.9896,-64.9812,-64.9738,-64.9673,-64.9616,-64.9568,-64.9528,-64.9497,-64.9472,-64.9456,-64.9447,-64.9446,-64.9451,-64.9463,-64.9482,-64.9505,-64.9528
45108.5416667,-86.2022,-87.1846,-88.2058,-89.6855,-90.7873,-91.1321,-86.9507,-87.4763,-88.2035,-89.0724,-89.8054,-90.3532,-86.1570,-86.2931,-86.5750,-86.6431,-86.7830,-87.1549,-87.2858,-87.9323,-88.5607,-88.9765,-88.6143,-89.2485,-90.0240,-87.7558,-86.8450,-87.4808,-86.4030,-85.9335,-85.3999,-85.0778,-85.8538,-86.5224,-86.9003,-87.7760,-88.1802,-87.8734,-86.2941,-87.1214,-87.7612,-88.1608,-88.6237,-89.0746,-88.5992,-88.0730,-84.9500,-85.2111,-85.5537,-85.4757,-85.4817,-85.2950,-85.1512,-82.3404,-80.0895,-80.4409,-81.2947,-82.0610,-82.3915,-83.0877,-83.5608,-83.4114,-83.2759,-83.3518,-83.6090,-83.3089,-83.0543,-82.9298,-82.3712,-83.0287,-83.3352,-84.0326,-84.7071,-85.5294,-86.2082,-87.0361,-88.1724,-88.4144,-89.7563,-90.9403,-92.0617,-92.7264,-91.8649,-92.6763,-92.5471,-92.8703,-92.0507,-92.5806,-92.7718,-92.8918,-93.2992,-93.9930,-94.1767,-94.1606,-94.2998,-94.4994,-94.6065,-94.7295,-94.3735,-94.6307,-89.9360,-90.2740,-90.5073,-90.6688,-90.7946,-88.9380,-89.3736,-89.5437,-89.4458,-89.2553,-88.9601,-88.9033,-88.8198,-88.8535,-88.9785,-89.1632,-89.2459,-89.3131,-88.5312,-87.9800,-87.8866,-87.8166,-88.0610,-88.1974,-88.3278,-88.4507,-88.3775,-87.8474,-87.8095,-87.3945,-86.9955,-86.8094,-87.2750,-87.5481,-87.7853,-88.2235,-88.4617,-88.3512,-88.2027,-88.2731,-88.2756,-87.9189,-87.9570,-87.8405,-87.2467,-87.4097,-87.3242,-87.5960,-87.6176,-85.8534,-84.0428,-82.6309,-82.8888,-83.1661,-83.3922,-83.4895,-83.7968,-83.1659,-83.7055,-84.3026,-84.5279,-85.0694,-85.6346,-86.0240,-86.4463,-86.7397,-86.9092,-87.1296,-87.3040,-84.4426,-84.7125,-85.0202,-85.3538,-85.6932,-85.9147,-86.1979,-86.5150,-86.9720,-87.4039,-87.6954,-87.9455,-88.2175,-88.5970,-88.9480,-89.2775,-89.6053,-89.9211,-90.2202,-90.5114,-90.7570,-90.9301,-91.1825,-91.4253,-91.6573,-91.8786,-92.0890,-92.2886,-92.4774,-92.6551,-92.8216,-92.9764,-93.1188,-93.2476,-93.3605,-93.4539,-93.5212,-93.5509,-93.5220,-93.3930,-93.0588,-92.1967,-91.2711,-90.3067,-89.3286,-88.3676,-87.4408,-86.5589,-85.7279,-84.9507,-84.2279,-83.5584,-82.9403,-82.3712,-81.8482,-81.3684,-80.9289,-80.5269,-80.1596,-79.8241,-79.5180,-79.2387,-78.9839,-78.7514,-78.5391,-78.3453,-78.1682,-78.0061,-77.8577,-77.7217,-77.5969,-77.4822,-77.3766,-77.2795,-77.1899,-77.1071,-77.0307,-76.9601,-76.8947,-76.8342,-76.7781,-76.7261,-76.6779,-76.6332,-76.5917,-76.5533,-76.5177,-76.4847,-76.4541,-76.4259,-76.3997,-76.3756,-76.3533,-76.3328,-76.3140,-76.2967,-76.2809,-76.2665,-76.2534,-76.2416,-76.2309,-76.2215,-76.2136,-76.2082
45108.5833333,-103.4701,-104.6527,-105.8521,-107.6439,-109.0743,-110.0569,-105.2685,-105.6222,-106.6775,-107.8070,-108.8046,-109.5780,-105.5141,-105.8326,-106.2735,-106.6112,-106.9709,-107.4991,-107.7932,-108.5260,-109.2426,-109.8826,-110.3049,-110.9426,-111.7300,-108.5258,-107.4686,-107.5693,-106.3595,-105.8148,-105.0589,-104.8147,-105.7654,-106.6164,-107.2021,-108.4310,-108.9849,-108.7970,-106.4104,-107.3212,-108.0906,-108.5206,-109.1491,-109.8866,-110.0097,-109.6265,-105.8858,-106.3376,-106.7286,-106.7615,-106.7995,-106.5960,-106.1362,-102.4312,-98.8865,-99.0221,-99.7145,-100.4156,-100.6235,-101.3185,-101.7842,-101.6695,-102.1028,-102.2027,-102.2706,-101.6353,-101.5763,-101.3610,-100.6668,-101.2087,-101.3781,-101.9971,-102.5916,-103.3475,-103.9925,-104.8852,-106.2399,-106.8819,-108.2192,-109.4538,-110.6280,-111.3719,-110.3458,-111.4506,-111.5923,-112.4948,-112.9303,-113.4381,-113.6380,-113.9270,-114.6648,-115.6529,-116.0550,-116.2104,-116.4708,-116.7344,-116.9313,-117.1701,-116.7603,-117.1317,-110.2799,-110.7287,-111.1186,-111.4283,-111.7195,-109.4209,-109.9270,-110.2245,-110.2366,-110.1484,-109.9278,-109.8884,-109.8287,-109.8708,-110.0245,-110.2253,-110.3160,-110.3434,-109.7284,-109.0445,-108.9691,-108.9101,-109.1329,-109.3690,-109.6249,-109.8248,-109.8227,-109.3493,-109.3218,-108.7613,-108.2293,-107.8449,-108.1078,-108.1222,-108.1038,-108.3907,-108.5379,-108.3778,-107.8895,-108.1642,-108.3919,-108.1229,-108.2634,-108.1509,-107.4859,-107.4858,-107.1877,-106.9409,-106.8742,-105.0139,-103.2553,-101.6066,-101.7520,-101.9500,-102.0823,-102.0967,-102.3313,-101.4152,-101.9224,-102.5087,-102.6519,-103.1901,-103.7515,-104.1118,-104.5177,-104.6684,-105.0563,-105.4145,-105.6644,-102.0350,-102.3519,-102.6983,-103.0863,-103.4641,-103.7229,-104.0669,-104.4416,-104.9399,-105.4230,-105.7584,-106.0594,-106.3633,-106.7969,-107.2243,-107.6296,-108.0371,-108.4337,-108.8128,-109.1855,-109.5040,-109.7345,-110.0668,-110.3895,-110.7011,-111.0014,-111.2904,-111.5682,-111.8348,-112.0903,-112.3346,-112.5678,-112.7900,-113.0011,-113.2006,-113.3882,-113.5625,-113.7197,-113.8526,-113.9492,-113.9884,-113.9339,-113.6301,-113.0885,-112.4518,-111.7698,-111.0509,-110.3205,-109.5925,-108.8724,-108.1574,-107.4407,-106.7150,-105.9753,-105.2197,-104.4493,-103.6674,-102.8794,-102.0914,-101.3097,-100.5410,-99.7910,-99.0652,-98.3678,-97.7024,-97.0714,-96.4764,-95.9181,-95.3965,-94.9111,-94.4608,-94.0443,-93.6599,-93.3058,-92.9801,-92.6809,-92.4063,-92.1545,-91.9236,-91.7120,-91.5181,-91.3403,-91.1772,-91.0277,-90.8904,-90.7643,-90.6484,-90.5418,-90.4437,-90.3533,-90.2700,-90.1931,-90.1222,-90.0566,-89.9960,-89.9400,-89.8882,-89.8403,-89.7960,-89.7551,-89.7173,-89.6827,-89.6522,-89.6298
45108.6250000,-89.0908,-90.0889,-91.0842,-92.5193,-93.6237,-94.1843,-90.0207,-89.9635,-90.7340,-91.6525,-92.5375,-93.3143,-90.9275,-91.3833,-91.9160,-92.3665,-92.8175,-93.3871,-93.5557,-94.4228,-95.1883,-95.8453,-96.3342,-97.0784,-97.8841,-94.6297,-93.6927,-93.6453,-92.6423,-92.2903,-91.6038,-91.3198,-91.9226,-92.1809,-92.2906,-93.4822,-94.1554,-94.1487,-92.0755,-93.0334,-93.8231,-94.2891,-94.8967,-95.5875,-95.7281,-95.3428,-92.0055,-92.4975,-92.6477,-92.9119,-93.1755,-93.2934,-93.2383,-90.8569,-87.6932,-87.6043,-87.7218,-88.2308,-88.2585,-88.7136,-88.9319,-88.4812,-87.9462,-87.8925,-88.0771,-87.7044,-87.9246,-88.0120,-87.5607,-88.0566,-88.1452,-88.6458,-89.1222,-89.7002,-90.0297,-90.1687,-91.4225,-92.0354,-93.2310,-94.2786,-95.2642,-95.8435,-94.8461,-95.6797,-95.6480,-96.4298,-97.0215,-97.7676,-98.2209,-98.6731,-99.4444,-100.3880,-100.7808,-100.9366,-101.1827,-101.4404,-101.6351,-101.8733,-101.5404,-101.9360,-95.3543,-95.7865,-96.2173,-96.6115,-96.9500,-94.9431,-95.4669,-95.7845,-95.7131,-95.7881,-95.7453,-95.8089,-95.8402,-95.9439,-96.1484,-96.3780,-96.4521,-96.1636,-95.6415,-95.0733,-95.0899,-95.0921,-94.9671,-95.3229,-95.6746,-95.9295,-95.9930,-95.6209,-95.4525,-95.0657,-94.6912,-94.5949,-94.9428,-94.9682,-94.4307,-94.3421,-94.4966,-94.3670,-93.8649,-94.0356,-94.1705,-93.8907,-93.9947,-93.4584,-93.1480,-93.3195,-93.1775,-93.0038,-92.9238,-91.0529,-89.7657,-88.6329,-88.8191,-89.0207,-89.1244,-89.0198,-89.2005,-88.2692,-88.6650,-89.1163,-89.1532,-89.5722,-90.0043,-90.2273,-90.4308,-90.3462,-90.4371,-90.6076,-90.7692,-87.5179,-87.8146,-88.1339,-88.4856,-88.8283,-89.0614,-89.3626,-89.6862,-90.1241,-90.5422,-90.8269,-91.0806,-91.3392,-91.7078,-92.0558,-92.3828,-92.7108,-93.0290,-93.3324,-93.6311,-93.8838,-94.0613,-94.3314,-94.5964,-94.8550,-95.1075,-95.3538,-95.5942,-95.8286,-96.0567,-96.2774,-96.4765,-96.5198,-96.4204,-96.2966,-96.1749,-96.0359,-95.8919,-95.7416,-95.5866,-95.4251,-95.2542,-95.0794,-94.8995,-94.7129,-94.5192,-94.3173,-94.1060,-93.8837,-93.6488,-93.3994,-93.1336,-92.8494,-92.5452,-92.2196,-91.8719,-91.5018,-91.1098,-90.6969,-90.2648,-89.8152,-89.3504,-88.8723,-88.3832,-87.8850,-87.3795,-86.8684,-86.3533,-85.8360,-85.3181,-84.8013,-84.2877,-83.7793,-83.2780,-82.7861,-82.3056,-81.8385,-81.3865,-80.9513,-80.5342,-80.1363,-79.7582,-79.4006,-79.0635,-78.7469,-78.4505,-78.1739,-77.9165,-77.6774,-77.4558,-77.2508,-77.0615,-76.8869,-76.7259,-76.5777,-76.4414,-76.3159,-76.2006,-76.0945,-75.9971,-75.9076,-75.8263,-75.7550,-75.7031
45108.6666667,-122.9217,-123.2810,-123.0323,-124.4585,-125.6543,-126.5349,-120.7891,-121.4797,-122.2577,-123.0869,-123.9132,-124.6707,-122.0844,-122.6628,-123.3433,-124.1632,-124.9528,-125.7303,-125.6986,-126.6264,-127.5023,-128.4065,-129.0708,-129.2818,-130.6630,-127.0570,-126.6167,-127.2127,-125.9008,-125.3247,-124.7068,-124.3899,-125.1212,-125.5988,-125.4095,-126.3970,-126.8875,-126.9255,-123.8553,-124.8530,-125.7208,-125.7165,-126.5780,-127.6962,-128.8351,-129.5131,-125.0057,-125.5619,-125.9675,-126.2447,-126.3521,-126.6306,-126.5828,-124.4824,-121.6711,-121.2408,-120.9713,-121.4107,-121.2406,-121.6897,-121.8719,-121.3944,-120.9329,-121.2961,-121.5412,-120.3823,-120.0833,-119.8396,-119.2437,-119.6048,-119.6841,-120.1328,-120.5624,-121.1422,-121.6664,-121.8717,-123.0237,-123.3596,-124.4292,-125.8700,-127.0688,-127.8772,-126.6969,-127.8426,-127.9036,-129.0478,-129.9285,-130.9501,-131.1812,-132.0125,-133.1954,-134.3863,-134.9464,-135.2637,-135.6156,-135.9332,-136.2657,-136.7222,-136.4400,-137.1285,-128.5573,-129.1121,-129.6593,-130.1135,-130.5961,-127.9934,-128.6166,-129.1975,-129.5344,-129.7772,-129.8650,-129.9646,-130.0554,-130.1939,-130.4740,-130.7616,-130.8959,-130.7164,-130.4675,-129.7265,-129.7838,-129.7687,-129.4797,-129.6757,-129.6169,-129.9683,-130.1750,-129.9978,-129.9051,-129.2676,-129.1095,-128.8981,-129.2348,-129.4340,-129.4214,-129.6031,-129.5864,-129.2948,-128.5770,-128.2569,-127.9033,-127.5138,-127.6390,-127.0181,-126.5172,-126.4395,-126.1376,-125.7755,-125.3682,-123.9652,-122.6910,-121.3636,-121.0429,-121.0149,-121.1055,-121.1076,-121.3778,-120.3692,-120.7959,-121.2654,-121.1951,-121.5636,-121.8984,-121.9313,-122.2716,-122.4110,-122.6969,-122.9542,-123.1257,-118.7213,-118.9377,-119.1647,-119.4692,-119.7814,-119.9906,-120.3060,-120.6412,-121.0791,-121.5189,-121.8257,-122.1226,-122.3935,-122.8082,-123.2409,-123.6562,-124.0826,-124.5036,-124.9108,-125.3166,-125.6626,-125.9035,-126.2334,-126.3276,-126.4105,-126.4508,-126.4490,-126.4457,-126.4445,-126.4466,-126.4513,-126.4554,-126.4538,-126.4410,-126.4113,-126.3611,-126.2887,-126.1944,-126.0793,-125.9456,-125.7928,-125.6201,-125.4359,-125.2418,-125.0389,-124.8288,-124.6128,-124.3915,-124.1653,-123.9346,-123.6996,-123.4605,-123.2173,-122.9697,-122.7177,-122.4607,-122.1983,-121.9298,-121.6544,-121.3712,-121.0791,-120.7770,-120.4639,-120.1384,-119.7997,-119.4465,-119.0782,-118.6941,-118.2936,-117.8765,-117.4431,-116.9935,-116.5283,-116.0485,-115.5550,-115.0491,-114.5323,-114.0059,-113.4718,-112.9315,-112.3870,-111.8398,-111.2921,-110.7454,-110.2019,-109.6632,-109.1312,-108.6076,-108.0943,-107.5927,-107.1045,-106.6309,-106.1733,-105.7326,-105.3098,-104.9056,-104.5204,-104.1546,-103.8083,-103.4816,-103.1750,-102.8904,-102.6368,-102.4491
45108.7083333,-104.6111,-104.8079,-104.5638,-105.1393,-105.6366,-106.0386,-101.2408,-101.4169,-101.9328,-102.5420,-103.2098,-103.8398,-102.2627,-102.7513,-103.2263,-103.8204,-104.3582,-104.8587,-104.9473,-105.3154,-105.5931,-105.7111,-106.1839,-106.5321,-107.4320,-104.4935,-104.5604,-105.1702,-104.6733,-104.6736,-104.8060,-104.8601,-105.0657,-105.1268,-105.2661,-106.1020,-106.4412,-106.5821,-103.6811,-104.2382,-104.7421,-104.8049,-105.2504,-105.8951,-106.7286,-107.4670,-104.0687,-104.6823,-105.0796,-105.5756,-105.8005,-106.2100,-106.2557,-105.7857,-104.5737,-104.2913,-104.0117,-104.0590,-103.7090,-103.8769,-103.8517,-103.5174,-103.1680,-103.2274,-103.1366,-101.8199,-101.7136,-101.8770,-101.7467,-101.8354,-101.8771,-102.0832,-102.2707,-102.5380,-102.7937,-102.8901,-103.2256,-103.1362,-103.7266,-104.5737,-105.2495,-105.7025,-104.5002,-105.3027,-105.2167,-106.0030,-106.3416,-107.2687,-107.7714,-108.5767,-109.6107,-110.4383,-111.1382,-111.6453,-112.0914,-112.4334,-112.8044,-113.2727,-113.0941,-113.6693,-106.7380,-107.1212,-107.7215,-108.3004,-108.9341,-106.9299,-107.4557,-108.0130,-108.4131,-108.7695,-108.9858,-109.1674,-109.3457,-109.5036,-109.6855,-109.8865,-109.8826,-109.9063,-110.0174,-109.4654,-109.6147,-109.7155,-109.5561,-109.7045,-109.6919,-109.8216,-109.8950,-109.7655,-109.6819,-109.1204,-108.9742,-108.8476,-109.0347,-109.2305,-109.3187,-109.6282,-109.8017,-109.8722,-109.6843,-109.6103,-109.3855,-108.9480,-108.8794,-108.3934,-107.9410,-107.4582,-107.2025,-106.8639,-106.4812,-105.5938,-104.8713,-103.8898,-103.6562,-103.5101,-103.4231,-103.3489,-103.3767,-102.3567,-102.4883,-102.5706,-102.3042,-102.4911,-102.6760,-102.6665,-102.8929,-103.0215,-103.2999,-103.6508,-103.9267,-100.3307,-100.5565,-100.7062,-100.9417,-101.1463,-101.2742,-101.4770,-101.6682,-101.9067,-102.1520,-102.3089,-102.4727,-102.5925,-102.8166,-103.0554,-103.2812,-103.5174,-103.7442,-103.9062,-104.0080,-104.0451,-103.9982,-104.0546,-104.1083,-104.1577,-104.2021,-104.2420,-104.2778,-104.3087,-104.3344,-104.3545,-104.3686,-104.3764,-104.3777,-104.3722,-104.3598,-104.3406,-104.3148,-104.2824,-104.2434,-104.1960,-104.1382,-104.0743,-104.0042,-103.9275,-103.8443,-103.7544,-103.6574,-103.5530,-103.4407,-103.3202,-103.1916,-103.0547,-102.9099,-102.7575,-102.5979,-102.4316,-102.2592,-102.0812,-101.8982,-101.7106,-101.5190,-101.3235,-101.1246,-100.9223,-100.7168,-100.5082,-100.2963,-100.0809,-99.8620,-99.6391,-99.4120,-99.1802,-98.9434,-98.7010,-98.4526,-98.1978,-97.9360,-97.6669,-97.3902,-97.1055,-96.8126,-96.5116,-96.2023,-95.8849,-95.5596,-95.2268,-94.8868,-94.5403,-94.1880,-93.8305,-93.4686,-93.1034,-92.7357,-92.3666,-91.9970,-91.6281,-91.2609,-90.8965,-90.5363,-90.1823,-89.8390,-89.5212,-89.2796
45108.7500000,-83.6037,-83.6884,-83.6844,-83.9705,-84.2269,-84.5449,-80.8637,-81.1017,-81.3078,-81.5732,-81.8679,-82.1646,-81.0139,-81.3277,-81.6391,-82.1018,-82.5118,-82.8623,-83.1104,-83.2912,-83.3989,-83.5418,-83.7171,-83.8940,-84.2521,-81.7642,-81.8542,-82.2915,-82.0759,-82.2524,-82.5940,-82.9217,-83.2413,-83.3820,-83.5689,-83.8831,-83.9700,-84.1773,-81.8036,-82.0434,-82.3857,-82.4639,-82.7675,-83.2032,-83.9032,-84.5024,-81.8533,-82.2605,-82.5073,-82.8998,-83.1562,-83.5119,-83.7755,-84.4638,-84.5383,-84.4045,-84.2505,-84.2731,-83.9070,-83.9401,-83.8302,-83.5695,-83.3369,-83.2209,-83.1632,-82.0265,-81.8501,-81.9846,-82.0271,-81.9748,-81.9366,-82.0430,-82.1301,-82.2614,-82.4572,-82.5652,-82.6856,-82.3462,-82.5939,-82.9706,-83.2547,-83.4347,-82.3530,-82.7034,-82.4108,-82.8631,-83.1721,-83.7336,-84.1182,-84.5483,-85.2009,-85.7066,-86.0022,-86.2873,-86.5983,-86.8483,-87.1578,-87.5713,-87.5444,-88.1047,-83.0451,-83.4778,-84.0491,-84.6253,-85.2447,-83.8209,-84.2613,-84.7896,-85.2361,-85.6678,-85.9935,-86.2136,-86.4328,-86.6066,-86.8363,-87.0261,-87.0916,-87.2029,-87.4414,-87.0421,-87.2131,-87.3514,-87.3243,-87.4559,-87.6149,-87.7098,-87.8012,-87.8370,-87.8643,-87.5201,-87.4761,-87.4235,-87.4628,-87.5247,-87.4855,-87.6140,-87.6813,-87.7181,-87.7414,-87.7823,-87.8199,-87.5996,-87.6715,-87.5759,-87.4598,-87.1759,-87.0399,-86.8574,-86.6015,-85.9580,-85.3806,-84.7167,-84.4714,-84.3163,-84.1256,-83.9974,-83.9155,-82.9840,-82.9643,-82.9347,-82.5967,-82.6089,-82.6396,-82.5483,-82.5934,-82.6292,-82.7564,-82.9409,-83.1159,-80.1642,-80.3413,-80.4500,-80.6164,-80.7508,-80.8403,-80.9896,-81.1190,-81.2539,-81.3992,-81.4906,-81.5972,-81.6528,-81.7785,-81.9154,-82.0122,-82.1151,-82.2121,-82.2946,-82.3745,-82.4158,-82.3935,-82.4514,-82.5055,-82.5544,-82.5983,-82.6379,-82.6736,-82.7051,-82.7325,-82.7560,-82.7757,-82.7917,-82.8041,-82.8129,-82.8181,-82.8197,-82.8178,-82.8120,-82.8024,-82.7874,-82.7656,-82.7399,-82.7099,-82.6756,-82.6372,-82.5950,-82.5489,-82.4988,-82.4449,-82.3871,-82.3255,-82.2601,-82.1908,-82.1178,-82.0409,-81.9603,-81.8757,-81.7873,-81.6948,-81.5983,-81.4977,-81.3929,-81.2839,-81.1708,-81.0534,-80.9320,-80.8065,-80.6772,-80.5440,-80.4073,-80.2672,-80.1239,-79.9776,-79.8284,-79.6766,-79.5223,-79.3656,-79.2066,-79.0453,-78.8819,-78.7161,-78.5481,-78.3776,-78.2047,-78.0291,-77.8508,-77.6695,-77.4850,-77.2972,-77.1060,-76.9111,-76.7124,-76.5098,-76.3033,-76.0928,-75.8784,-75.6600,-75.4379,-75.2125,-74.9847,-74.7577,-74.5420,-74.3743
45108.7916667,-64.7367,-64.8840,-64.9658,-65.1358,-65.2978,-65.5973,-62.8530,-63.1149,-63.3245,-63.5389,-63.7429,-63.9672,-62.9927,-63.2295,-63.4412,-63.7425,-63.9939,-64.2032,-64.3871,-64.5065,-64.5918,-64.7144,-64.7914,-64.9379,-65.1387,-63.2957,-63.3887,-63.6462,-63.4180,-63.5063,-63.7369,-64.0138,-64.2873,-64.4810,-64.7283,-64.9985,-65.0549,-65.2239,-63.4136,-63.5460,-63.6845,-63.7053,-63.8600,-64.0762,-64.5111,-64.9670,-63.0460,-63.3223,-63.4914,-63.7722,-63.9956,-64.2816,-64.5938,-65.5260,-66.1526,-66.1240,-66.0755,-66.1433,-65.8997,-65.9580,-65.9044,-65.7618,-65.6480,-65.5904,-65.5520,-64.6115,-64.4576,-64.5542,-64.6349,-64.6137,-64.5684,-64.5713,-64.5630,-64.5740,-64.6380,-64.6855,-64.7447,-64.4204,-64.5258,-64.6948,-64.8361,-64.9302,-64.0860,-64.2657,-63.9258,-64.1597,-64.3273,-64.6246,-64.8348,-65.0646,-65.3855,-65.6785,-65.8503,-66.0346,-66.2037,-66.3413,-66.5320,-66.7869,-66.6987,-67.0317,-63.5035,-63.7830,-64.1487,-64.5390,-65.0105,-64.0195,-64.3612,-64.8094,-65.2109,-65.6091,-65.9628,-66.1710,-66.3857,-66.5571,-66.7869,-66.9788,-67.1192,-67.3043,-67.6196,-67.3881,-67.5917,-67.7719,-67.8295,-68.0164,-68.1975,-68.2883,-68.3703,-68.4546,-68.5144,-68.3073,-68.3570,-68.3917,-68.4407,-68.5530,-68.5628,-68.6669,-68.6999,-68.7600,-68.7872,-68.8232,-68.8581,-68.6736,-68.7293,-68.7362,-68.7303,-68.5711,-68.5366,-68.4941,-68.4529,-68.3894,-68.1343,-67.7567,-67.5643,-67.4316,-67.2487,-67.1142,-66.9840,-66.1293,-66.0352,-65.9493,-65.6161,-65.5691,-65.5498,-65.4389,-65.4117,-65.3738,-65.3804,-65.4223,-65.4755,-63.0369,-63.1106,-63.1303,-63.1919,-63.2507,-63.2905,-63.3758,-63.4426,-63.5167,-63.5964,-63.6330,-63.6884,-63.7118,-63.7766,-63.8521,-63.9166,-63.9855,-64.0515,-64.1115,-64.1723,-64.2067,-64.1954,-64.2479,-64.2997,-64.3497,-64.3976,-64.4437,-64.4878,-64.5295,-64.5686,-64.6050,-64.6384,-64.6688,-64.6960,-64.7200,-64.7406,-64.7579,-64.7719,-64.7824,-64.7895,-64.7923,-64.7900,-64.7845,-64.7757,-64.7638,-64.7489,-64.7312,-64.7110,-64.6881,-64.6627,-64.6348,-64.6045,-64.5718,-64.5367,-64.4992,-64.4594,-64.4172,-64.3726,-64.3257,-64.2765,-64.2249,-64.1709,-64.1146,-64.0559,-63.9949,-63.9315,-63.8658,-63.7977,-63.7272,-63.6544,-63.5792,-63.5017,-63.4217,-63.3394,-63.2547,-63.1677,-63.0783,-62.9865,-62.8924,-62.7961,-62.6975,-62.5967,-62.4939,-62.3890,-62.2821,-62.1734,-62.0628,-61.9506,-61.8367,-61.7212,-61.6042,-61.4857,-61.3659,-61.2446,-61.1219,-60.9979,-60.8725,-60.7456,-60.6174,-60.4878,-60.3572,-60.2273,-60.1037,-60.0070
45108.8333333,-44.4298,-44.5916,-44.7020,-44.8420,-44.9724,-45.2051,-43.3860,-43.6273,-43.7874,-43.9330,-44.0902,-44.2479,-43.4941,-43.6889,-43.8561,-44.0933,-44.2807,-44.4198,-44.5726,-44.6662,-44.7386,-44.8374,-44.8882,-44.9757,-45.0741,-43.8208,-43.8967,-44.0455,-43.9029,-43.9692,-44.1219,-44.2730,-44.4213,-44.5436,-44.7166,-44.8887,-44.9000,-45.0248,-43.7837,-43.8943,-44.0005,-44.0186,-44.1081,-44.2394,-44.5137,-44.7712,-43.4473,-43.6076,-43.7043,-43.8786,-44.0340,-44.2426,-44.4942,-45.2833,-45.9392,-45.9512,-45.9409,-45.9845,-45.8172,-45.8558,-45.8275,-45.7688,-45.7476,-45.7565,-45.7671,-45.1415,-45.0940,-45.2631,-45.4206,-45.4225,-45.3980,-45.4010,-45.3945,-45.3931,-45.4318,-45.4344,-45.4123,-45.1183,-45.1382,-45.1926,-45.2204,-45.2356,-44.6249,-44.6941,-44.4051,-44.5215,-44.6290,-44.7775,-44.8948,-45.0282,-45.1934,-45.3418,-45.4248,-45.5285,-45.6171,-45.6895,-45.7805,-45.9059,-45.7905,-45.9573,-43.5844,-43.7575,-43.9801,-44.2083,-44.4713,-43.7959,-43.9958,-44.2565,-44.5088,-44.7760,-45.0406,-45.2050,-45.3742,-45.5114,-45.6904,-45.8420,-45.9623,-46.1228,-46.4159,-46.2937,-46.4750,-46.6353,-46.7204,-46.9087,-47.0859,-47.1757,-47.2745,-47.3832,-47.4744,-47.3927,-47.4745,-47.5359,-47.5916,-47.6905,-47.7168,-47.8064,-47.8641,-47.9628,-48.0447,-48.1050,-48.1646,-48.0605,-48.1073,-48.1402,-48.1645,-48.0652,-48.0510,-48.0348,-48.0551,-48.2379,-48.2909,-48.2134,-48.0954,-48.0144,-47.8810,-47.7866,-47.7030,-47.0465,-46.9713,-46.8941,-46.6183,-46.5599,-46.5161,-46.4186,-46.3763,-46.3239,-46.2934,-46.2730,-46.2668,-44.4454,-44.4592,-44.4356,-44.4464,-44.4601,-44.4567,-44.4821,-44.4935,-44.5092,-44.5332,-44.5387,-44.5599,-44.5513,-44.5757,-44.6080,-44.6371,-44.6727,-44.7092,-44.7440,-44.7813,-44.8020,-44.7929,-44.8283,-44.8641,-44.8996,-44.9344,-44.9685,-45.0020,-45.0346,-45.0660,-45.0962,-45.1252,-45.1528,-45.1790,-45.2038,-45.2270,-45.2487,-45.2689,-45.2874,-45.3041,-45.3186,-45.3303,-45.3401,-45.3479,-45.3537,-45.3576,-45.3596,-45.3596,-45.3577,-45.3539,-45.3481,-45.3404,-45.3308,-45.3194,-45.3060,-45.2909,-45.2739,-45.2553,-45.2349,-45.2128,-45.1891,-45.1638,-45.1370,-45.1086,-45.0787,-45.0474,-45.0146,-44.9804,-44.9448,-44.9077,-44.8694,-44.8296,-44.7885,-44.7460,-44.7022,-44.6571,-44.6107,-44.5629,-44.5138,-44.4635,-44.4118,-44.3588,-44.3045,-44.2489,-44.1921,-44.1340,-44.0746,-44.0140,-43.9521,-43.8891,-43.8248,-43.7593,-43.6927,-43.6249,-43.5560,-43.4861,-43.4151,-43.3431,-43.2702,-43.1964,-43.1221,-43.0481,-42.9776,-42.9222
45108.8750000,-27.1063,-27.1699,-27.2157,-27.2495,-27.2944,-27.4282,-26.3698,-26.5366,-26.6387,-26.7310,-26.8359,-26.9475,-26.4125,-26.5660,-26.6912,-26.8647,-26.9985,-27.0912,-27.2143,-27.2744,-27.3271,-27.4031,-27.4394,-27.4906,-27.5355,-26.8004,-26.8824,-26.9716,-26.9082,-26.9569,-27.0578,-27.1444,-27.2150,-27.2790,-27.3794,-27.4507,-27.4287,-27.4967,-26.7246,-26.7790,-26.8298,-26.8434,-26.8916,-26.9600,-27.1467,-27.3254,-26.5470,-26.6330,-26.6816,-26.7824,-26.8739,-26.9986,-27.1549,-27.7074,-28.1950,-28.1952,-28.1798,-28.1900,-28.0798,-28.0917,-28.0704,-28.0507,-28.0562,-28.0721,-28.0897,-27.7114,-27.7274,-27.9090,-28.1128,-28.1279,-28.1174,-28.1194,-28.1159,-28.1123,-28.1623,-28.1816,-28.1412,-27.9364,-27.9203,-27.9334,-27.9197,-27.9149,-27.5264,-27.5503,-27.3567,-27.4154,-27.4806,-27.5399,-27.5906,-27.6524,-27.7183,-27.7737,-27.8115,-27.8691,-27.9090,-27.9406,-27.9830,-28.0447,-27.9606,-28.0393,-26.6982,-26.7692,-26.8663,-26.9671,-27.0888,-26.6627,-26.7546,-26.8848,-27.0209,-27.1685,-27.3202,-27.4116,-27.5058,-27.5805,-27.6769,-27.7601,-27.8275,-27.9275,-28.1343,-28.0759,-28.2023,-28.3135,-28.3799,-28.5111,-28.6356,-28.6975,-28.7714,-28.8632,-28.9405,-28.9239,-29.0032,-29.0674,-29.1171,-29.2106,-29.2579,-29.3363,-29.3939,-29.4928,-29.5842,-29.6419,-29.7003,-29.6576,-29.7036,-29.7605,-29.8095,-29.7590,-29.7624,-29.7664,-29.8062,-30.0357,-30.1817,-30.2465,-30.1787,-30.1307,-30.0480,-29.9913,-29.9481,-29.5351,-29.4851,-29.4301,-29.2386,-29.1907,-29.1514,-29.0866,-29.0579,-29.0311,-29.0240,-29.0119,-29.0047,-27.8222,-27.8167,-27.7805,-27.7666,-27.7568,-27.7390,-27.7373,-27.7248,-27.7124,-27.7063,-27.6936,-27.6943,-27.6749,-27.6736,-27.6788,-27.6836,-27.6938,-27.7059,-27.7182,-27.7332,-27.7393,-27.7282,-27.7450,-27.7628,-27.7812,-27.8000,-27.8191,-27.8385,-27.8580,-27.8775,-27.8970,-27.9163,-27.9354,-27.9542,-27.9727,-27.9908,-28.0083,-28.0253,-28.0416,-28.0572,-28.0718,-28.0851,-28.0975,-28.1090,-28.1196,-28.1292,-28.1378,-28.1455,-28.1523,-28.1581,-28.1629,-28.1668,-28.1696,-28.1714,-28.1722,-28.1720,-28.1708,-28.1685,-28.1652,-28.1608,-28.1555,-28.1490,-28.1416,-28.1330,-28.1235,-28.1129,-28.1014,-28.0888,-28.0752,-28.0607,-28.0452,-28.0288,-28.0115,-27.9932,-27.9741,-27.9542,-27.9333,-27.9117,-27.8893,-27.8661,-27.8421,-27.8173,-27.7918,-27.7656,-27.7386,-27.7110,-27.6826,-27.6536,-27.6238,-27.5934,-27.5623,-27.5306,-27.4982,-27.4652,-27.4315,-27.3972,-27.3623,-27.3268,-27.2907,-27.2540,-27.2169,-27.1798,-27.1444,-27.1162
45108.9166667,-12.8785,-12.9213,-12.9526,-12.9755,-12.9996,-13.0575,-12.5638,-12.6297,-12.6708,-12.7086,-12.7517,-12.7999,-12.4955,-12.5698,-12.6334,-12.7221,-12.7950,-12.8493,-12.9201,-12.9589,-12.9935,-13.0386,-13.0637,-13.0948,-13.1212,-12.7892,-12.8307,-12.8755,-12.8518,-12.8802,-12.9339,-12.9809,-13.0183,-13.0512,-13.0987,-13.1302,-13.1163,-13.1438,-12.7693,-12.7914,-12.8103,-12.8147,-12.8334,-12.8600,-12.9351,-13.0122,-12.6513,-12.6934,-12.7190,-12.7675,-12.8120,-12.8713,-12.9496,-13.2183,-13.4730,-13.4827,-13.4838,-13.4946,-13.4483,-13.4567,-13.4481,-13.4397,-13.4423,-13.4493,-13.4571,-13.2718,-13.2798,-13.3713,-13.4908,-13.5119,-13.5193,-13.5304,-13.5369,-13.5431,-13.5769,-13.5949,-13.5798,-13.4829,-13.4753,-13.4795,-13.4716,-13.4673,-13.2709,-13.2773,-13.1795,-13.2000,-13.2245,-13.2462,-13.2646,-13.2879,-13.3119,-13.3315,-13.3430,-13.3650,-13.3800,-13.3921,-13.4080,-13.4316,-13.3864,-13.4169,-12.7831,-12.8158,-12.8587,-12.9015,-12.9519,-12.7405,-12.7773,-12.8281,-12.8810,-12.9387,-12.9987,-13.0358,-13.0745,-13.1060,-13.1468,-13.1826,-13.2109,-13.2540,-13.3399,-13.3126,-13.3692,-13.4200,-13.4538,-13.5171,-13.5783,-13.6114,-13.6493,-13.6956,-13.7364,-13.7360,-13.7800,-13.8183,-13.8505,-13.9052,-13.9402,-13.9902,-14.0291,-14.0877,-14.1446,-14.1854,-14.2269,-14.2195,-14.2539,-14.2947,-14.3314,-14.3174,-14.3303,-14.3431,-14.3781,-14.5291,-14.6452,-14.7254,-14.7057,-14.6921,-14.6623,-14.6430,-14.6300,-14.4230,-14.4034,-14.3803,-14.2843,-14.2626,-14.2444,-14.2137,-14.1997,-14.1862,-14.1816,-14.1757,-14.1727,-13.5847,-13.5816,-13.5630,-13.5549,-13.5488,-13.5384,-13.5350,-13.5258,-13.5172,-13.5112,-13.5018,-13.4987,-13.4858,-13.4810,-13.4781,-13.4747,-13.4734,-13.4730,-13.4724,-13.4732,-13.4697,-13.4582,-13.4602,-13.4630,-13.4664,-13.4703,-13.4748,-13.4799,-13.4854,-13.4914,-13.4978,-13.5045,-13.5116,-13.5189,-13.5264,-13.5341,-13.5418,-13.5496,-13.5575,-13.5652,-13.5728,-13.5800,-13.5871,-13.5940,-13.6007,-13.6071,-13.6133,-13.6193,-13.6249,-13.6303,-13.6354,-13.6401,-13.6445,-13.6485,-13.6521,-13.6554,-13.6583,-13.6608,-13.6628,-13.6645,-13.6657,-13.6665,-13.6668,-13.6667,-13.6662,-13.6652,-13.6638,-13.6619,-13.6596,-13.6568,-13.6536,-13.6499,-13.6458,-13.6412,-13.6362,-13.6307,-13.6248,-13.6185,-13.6117,-13.6045,-13.5969,-13.5888,-13.5804,-13.5715,-13.5623,-13.5527,-13.5427,-13.5323,-13.5215,-13.5104,-13.4990,-13.4872,-13.4751,-13.4627,-13.4499,-13.4369,-13.4235,-13.4098,-13.3959,-13.3817,-13.3673,-13.3528,-13.3389,-13.3278
45108.9583333,-11.0244,-11.0611,-11.0893,-11.1106,-11.1332,-11.1839,-10.7777,-10.8358,-10.8723,-10.9056,-10.9421,-10.9817,-10.6643,-10.7252,-10.7777,-10.8500,-10.9107,-10.9580,-11.0209,-11.0583,-11.0932,-11.1377,-11.1657,-11.1995,-11.2292,-10.9643,-11.0076,-11.0522,-11.0402,-11.0693,-11.1192,-11.1632,-11.1984,-11.2299,-11.2736,-11.3033,-11.2950,-11.3205,-10.9995,-11.0187,-11.0346,-11.0391,-11.0542,-11.0745,-11.1312,-11.1891,-10.8805,-10.9123,-10.9325,-10.9699,-11.0053,-11.0531,-11.1189,-11.3424,-11.5634,-11.5768,-11.5831,-11.5969,-11.5636,-11.5757,-11.5740,-11.5732,-11.5816,-11.5928,-11.6042,-11.4467,-11.4563,-11.5332,-11.6332,-11.6535,-11.6630,-11.6756,-11.6846,-11.6945,-11.7314,-11.7568,-11.7504,-11.6734,-11.6727,-11.6835,-11.6809,-11.6809,-11.5103,-11.5182,-11.4374,-11.4550,-11.4751,-11.4909,-11.5032,-11.5188,-11.5339,-11.5461,-11.5522,-11.5681,-11.5785,-11.5871,-11.5982,-11.6154,-11.5745,-11.5967,-11.0421,-11.0671,-11.0997,-11.1319,-11.1702,-10.9849,-11.0130,-11.0519,-11.0924,-11.1364,-11.1817,-11.2097,-11.2387,-11.2622,-11.2926,-11.3193,-11.3394,-11.3714,-11.4338,-11.4082,-11.4508,-11.4888,-11.5146,-11.5629,-11.6112,-11.6380,-11.6692,-11.7074,-11.7419,-11.7432,-11.7816,-11.8162,-11.8462,-11.8958,-11.9305,-11.9785,-12.0174,-12.0732,-12.1290,-12.1713,-12.2146,-12.2167,-12.2543,-12.2991,-12.3404,-12.3365,-12.3568,-12.3770,-12.4206,-12.5834,-12.7160,-12.8200,-12.8130,-12.8091,-12.7928,-12.7848,-12.7839,-12.6094,-12.6007,-12.5882,-12.5069,-12.4923,-12.4800,-12.4575,-12.4504,-12.4442,-12.4465,-12.4452,-12.4449,-11.9233,-11.9208,-11.9045,-11.8972,-11.8915,-11.8821,-11.8786,-11.8702,-11.8620,-11.8561,-11.8473,-11.8439,-11.8319,-11.8269,-11.8234,-11.8194,-11.8171,-11.8154,-11.8135,-11.8125,-11.8076,-11.7957,-11.7952,-11.7951,-11.7953,-11.7958,-11.7966,-11.7976,-11.7990,-11.8005,-11.8023,-11.8043,-11.8066,-11.8090,-11.8117,-11.8147,-11.8178,-11.8211,-11.8246,-11.8283,-11.8321,-11.8359,-11.8398,-11.8439,-11.8480,-11.8522,-11.8565,-11.8608,-11.8652,-11.8695,-11.8739,-11.8781,-11.8824,-11.8865,-11.8905,-11.8944,-11.8981,-11.9016,-11.9050,-11.9082,-11.9111,-11.9138,-11.9162,-11.9184,-11.9204,-11.9220,-11.9233,-11.9244,-11.9251,-11.9256,-11.9257,-11.9255,-11.9249,-11.9240,-11.9228,-11.9213,-11.9193,-11.9171,-11.9145,-11.9115,-11.9083,-11.9046,-11.9006,-11.8963,-11.8916,-11.8866,-11.8812,-11.8755,-11.8694,-11.8631,-11.8563,-11.8493,-11.8420,-11.8343,-11.8263,-11.8180,-11.8094,-11.8006,-11.7914,-11.7820,-11.7723,-11.7625,-11.7530,-11.7454
