File Created:,Thu Apr  4 07:58:10 2024
Heat Source Version:,9.0.0b26
Simulation Name:,WFK23
User Text:,Westfork Kickapoo
Output:,Stream Temperature (Celsius)
""
Datetime,27.200,27.100,27.000,26.900,26.800,26.700,26.600,26.500,26.400,26.300,26.200,26.100,26.000,25.900,25.800,25.700,25.600,25.500,25.400,25.300,25.200,25.100,25.000,24.900,24.800,24.700,24.600,24.500,24.400,24.300,24.200,24.100,24.000,23.900,23.800,23.700,23.600,23.500,23.400,23.300,23.200,23.100,23.000,22.900,22.800,22.700,22.600,22.500,22.400,22.300,22.200,22.100,22.000,21.900,21.800,21.700,21.600,21.500,21.400,21.300,21.200,21.100,21.000,20.900,20.800,20.700,20.600,20.500,20.400,20.300,20.200,20.100,20.000,19.900,19.800,19.700,19.600,19.500,19.400,19.300,19.200,19.100,19.000,18.900,18.800,18.700,18.600,18.500,18.400,18.300,18.200,18.100,18.000,17.900,17.800,17.700,17.600,17.500,17.400,17.300,17.200,17.100,17.000,16.900,16.800,16.700,16.600,16.500,16.400,16.300,16.200,16.100,16.000,15.900,15.800,15.700,15.600,15.500,15.400,15.300,15.200,15.100,15.000,14.900,14.800,14.700,14.600,14.500,14.400,14.300,14.200,14.100,14.000,13.900,13.800,13.700,13.600,13.500,13.400,13.300,13.200,13.100,13.000,12.900,12.800,12.700,12.600,12.500,12.400,12.300,12.200,12.100,12.000,11.900,11.800,11.700,11.600,11.500,11.400,11.300,11.200,11.100,11.000,10.900,10.800,10.700,10.600,10.500,10.400,10.300,10.200,10.100,10.000,9.900,9.800,9.700,9.600,9.500,9.400,9.300,9.200,9.100,9.000,8.900,8.800,8.700,8.600,8.500,8.400,8.300,8.200,8.100,8.000,7.900,7.800,7.700,7.600,7.500,7.400,7.300,7.200,7.100,7.000,6.900,6.800,6.700,6.600,6.500,6.400,6.300,6.200,6.100,6.000,5.900,5.800,5.700,5.600,5.500,5.400,5.300,5.200,5.100,5.000,4.900,4.800,4.700,4.600,4.500,4.400,4.300,4.200,4.100,4.000,3.900,3.800,3.700,3.600,3.500,3.400,3.300,3.200,3.100,3.000,2.900,2.800,2.700,2.600,2.500,2.400,2.300,2.200,2.100,2.000,1.900,1.800,1.700,1.600,1.500,1.400,1.300,1.200,1.100,1.000,0.900,0.800,0.700,0.600,0.500,0.400,0.300,0.200,0.100,0.000
45108.0000000,20.8170,20.8127,20.8118,20.8094,20.8092,20.8142,20.7458,20.8114,20.8127,20.8122,20.8123,20.8155,20.7276,20.8098,20.8132,20.8142,20.8132,20.8121,20.8131,20.8117,20.8116,20.8129,20.8109,20.8114,20.8139,20.7526,20.8101,20.8129,20.8067,20.8113,20.8137,20.8130,20.8125,20.8125,20.8138,20.8126,20.8071,20.8153,20.7466,20.8060,20.8103,20.8083,20.8103,20.8084,20.8136,20.8163,20.7769,20.8108,20.8110,20.8131,20.8135,20.8139,20.8109,20.8159,20.8161,20.8122,20.8098,20.8117,20.8013,20.8102,20.8081,20.8088,20.8112,20.8117,20.8171,20.7759,20.8079,20.8150,20.8156,20.8133,20.8120,20.8123,20.8118,20.8100,20.8141,20.8137,20.8142,20.7915,20.8012,20.8118,20.8091,20.8122,20.7740,20.8105,20.7981,20.8120,20.8139,20.8128,20.8125,20.8128,20.8126,20.8120,20.8111,20.8128,20.8117,20.8108,20.8110,20.8141,20.7999,20.8234,20.6418,20.7940,20.8122,20.8130,20.8171,20.7815,20.8091,20.8134,20.8143,20.8148,20.8150,20.8138,20.8139,20.8132,20.8136,20.8131,20.8113,20.8128,20.8148,20.8026,20.8137,20.8134,20.8107,20.8127,20.8138,20.8115,20.8130,20.8143,20.8143,20.8076,20.8133,20.8136,20.8122,20.8139,20.8119,20.8135,20.8129,20.8148,20.8150,20.8142,20.8146,20.8095,20.8139,20.8149,20.8147,20.8089,20.8130,20.8132,20.8135,20.8163,20.8163,20.8163,20.8130,20.8131,20.8114,20.8124,20.8163,20.8041,20.8125,20.8150,20.8024,20.8088,20.8104,20.8067,20.8121,20.8132,20.8152,20.8150,20.8228,20.7559,20.8106,20.8114,20.8137,20.8134,20.8120,20.8137,20.8128,20.8112,20.8117,20.8105,20.8124,20.8090,20.8105,20.8123,20.8122,20.8128,20.8130,20.8128,20.8132,20.8123,20.8093,20.8125,20.8131,20.8133,20.8133,20.8134,20.8134,20.8135,20.8135,20.8136,20.8136,20.8136,20.8137,20.8137,20.8137,20.8137,20.8138,20.8138,20.8138,20.8138,20.8138,20.8138,20.8139,20.8139,20.8139,20.8139,20.8139,20.8139,20.8139,20.8140,20.8140,20.8140,20.8140,20.8140,20.8140,20.8140,20.8140,20.8140,20.8140,20.8140,20.8141,20.8141,20.8141,20.8141,20.8141,20.8141,20.8141,20.8141,20.8141,20.8141,20.8141,20.8141,20.8141,20.8141,20.8141,20.8141,20.8141,20.8141,20.8142,20.8142,20.8142,20.8142,20.8142,20.8142,20.8142,20.8142,20.8142,20.8142,20.8142,20.8142,20.8142,20.8142,20.8142,20.8142,20.8142,20.8142,20.8142,20.8142,20.8142,20.8142,20.8142,20.8142,20.8142
45108.0416667,20.4840,20.4961,20.5017,20.4904,20.4842,20.5074,19.9250,19.9836,20.0272,20.0791,20.1531,20.2404,19.4475,19.5862,19.7115,19.9025,20.0796,20.2138,20.3605,20.4256,20.4696,20.5103,20.5187,20.5227,20.5167,20.1266,20.1532,20.1970,20.1907,20.2515,20.3530,20.4372,20.4865,20.5188,20.5553,20.5611,20.5121,20.5177,20.0391,20.0517,20.0657,20.0737,20.1035,20.1530,20.2882,20.4156,20.0080,20.0665,20.1020,20.1724,20.2394,20.3302,20.3891,20.6159,20.7140,20.6961,20.6663,20.6448,20.5651,20.5427,20.5054,20.4771,20.4672,20.4642,20.4683,20.2590,20.2756,20.3892,20.5289,20.5563,20.5667,20.5746,20.5764,20.5748,20.5933,20.5969,20.5712,20.4613,20.4473,20.4479,20.4356,20.4294,20.2142,20.2328,20.1548,20.2094,20.2785,20.3403,20.3959,20.4501,20.4934,20.5165,20.5237,20.5363,20.5383,20.5367,20.5368,20.5426,20.4746,20.4870,19.8260,19.8599,19.9148,19.9868,20.0831,19.8819,19.9718,20.0908,20.2037,20.3128,20.4118,20.4638,20.5096,20.5389,20.5702,20.5882,20.5892,20.5984,20.6190,20.5467,20.5557,20.5563,20.5468,20.5508,20.5620,20.5579,20.5642,20.5776,20.5873,20.5499,20.5594,20.5663,20.5670,20.5787,20.5723,20.5816,20.5859,20.6066,20.6272,20.6365,20.6462,20.6128,20.6178,20.6294,20.6368,20.6126,20.6109,20.6103,20.6217,20.6960,20.7405,20.7605,20.7387,20.7240,20.6952,20.6809,20.6715,20.5149,20.5120,20.5100,20.4532,20.4506,20.4518,20.4472,20.4659,20.4962,20.5512,20.5986,20.6393,20.1545,20.1977,20.2285,20.2673,20.2935,20.3161,20.3488,20.3768,20.3936,20.4126,20.4266,20.4454,20.4515,20.4649,20.4833,20.4986,20.5137,20.5270,20.5379,20.5480,20.5519,20.5460,20.5527,20.5591,20.5652,20.5711,20.5768,20.5823,20.5876,20.5929,20.5979,20.6028,20.6074,20.6119,20.6161,20.6200,20.6237,20.6270,20.6301,20.6328,20.6353,20.6375,20.6395,20.6413,20.6429,20.6443,20.6456,20.6467,20.6478,20.6488,20.6498,20.6506,20.6515,20.6523,20.6530,20.6537,20.6544,20.6550,20.6556,20.6562,20.6567,20.6573,20.6578,20.6583,20.6587,20.6592,20.6596,20.6600,20.6604,20.6608,20.6612,20.6615,20.6619,20.6622,20.6625,20.6628,20.6631,20.6634,20.6637,20.6640,20.6643,20.6645,20.6648,20.6650,20.6652,20.6655,20.6657,20.6659,20.6661,20.6663,20.6665,20.6667,20.6669,20.6671,20.6673,20.6675,20.6676,20.6678,20.6680,20.6681,20.6683,20.6684,20.6684,20.6683
45108.0833333,20.1500,20.1685,20.1803,20.1760,20.1758,20.2042,19.6350,19.6781,19.7009,19.7206,19.7427,19.7726,18.8813,18.9628,19.0408,19.1578,19.2700,19.3687,19.5097,19.6000,19.6872,19.7927,19.8681,19.9502,20.0153,19.6957,19.7757,19.8383,19.8199,19.8513,19.9124,19.9708,20.0189,20.0654,20.1314,20.1735,20.1631,20.1967,19.7422,19.7602,19.7700,19.7692,19.7782,19.7902,19.8471,19.9171,19.5073,19.5567,19.5899,19.6516,19.7095,19.7856,19.8582,20.1707,20.4135,20.4242,20.4219,20.4244,20.3672,20.3637,20.3418,20.3241,20.3183,20.3127,20.3057,20.0689,20.0391,20.0887,20.1776,20.1988,20.2117,20.2258,20.2377,20.2522,20.2972,20.3276,20.3149,20.2157,20.2068,20.2109,20.1989,20.1907,19.9694,19.9734,19.8720,19.8927,19.9238,19.9473,19.9710,20.0038,20.0424,20.0769,20.1022,20.1312,20.1490,20.1609,20.1763,20.1994,20.1531,20.1804,19.5588,19.5854,19.6187,19.6501,19.6886,19.4278,19.4655,19.5211,19.5831,19.6560,19.7374,19.7902,19.8459,19.8918,19.9538,20.0083,20.0547,20.1140,20.2184,20.1912,20.2443,20.2816,20.2948,20.3183,20.3380,20.3371,20.3440,20.3564,20.3648,20.3265,20.3347,20.3415,20.3430,20.3550,20.3495,20.3595,20.3649,20.3864,20.4090,20.4215,20.4358,20.4082,20.4197,20.4386,20.4525,20.4329,20.4352,20.4376,20.4526,20.5359,20.6032,20.6531,20.6390,20.6301,20.6077,20.5971,20.5892,20.4192,20.4090,20.3968,20.3263,20.3149,20.3067,20.2898,20.2904,20.2973,20.3216,20.3478,20.3751,19.8859,19.9168,19.9329,19.9562,19.9713,19.9816,19.9995,20.0123,20.0197,20.0293,20.0349,20.0460,20.0469,20.0563,20.0705,20.0843,20.1005,20.1176,20.1346,20.1529,20.1669,20.1728,20.1917,20.2109,20.2300,20.2487,20.2669,20.2845,20.3014,20.3173,20.3324,20.3464,20.3595,20.3715,20.3827,20.3930,20.4025,20.4113,20.4194,20.4270,20.4341,20.4407,20.4469,20.4528,20.4583,20.4636,20.4685,20.4732,20.4776,20.4817,20.4856,20.4892,20.4926,20.4957,20.4986,20.5013,20.5038,20.5061,20.5083,20.5102,20.5121,20.5138,20.5153,20.5168,20.5181,20.5194,20.5206,20.5218,20.5228,20.5238,20.5248,20.5257,20.5266,20.5274,20.5282,20.5290,20.5297,20.5305,20.5311,20.5318,20.5324,20.5330,20.5336,20.5342,20.5348,20.5353,20.5358,20.5363,20.5368,20.5373,20.5377,20.5382,20.5386,20.5390,20.5394,20.5398,20.5402,20.5406,20.5409,20.5413,20.5416,20.5419,20.5421,20.5422
45108.1250000,19.8410,19.8583,19.8703,19.8665,19.8675,19.8971,19.3406,19.3863,19.4111,19.4321,19.4540,19.4808,18.5120,18.5750,18.6314,18.7085,18.7766,18.8347,18.9209,18.9790,19.0395,19.1174,19.1760,19.2481,19.3146,19.0373,19.1467,19.2542,19.2974,19.3759,19.4804,19.5669,19.6253,19.6735,19.7348,19.7732,19.7646,19.8019,19.3738,19.4003,19.4211,19.4295,19.4480,19.4675,19.5296,19.5905,19.1768,19.2099,19.2313,19.2702,19.3090,19.3620,19.4242,19.7115,19.9937,20.0175,20.0300,20.0470,20.0070,20.0203,20.0166,20.0189,20.0328,20.0460,20.0572,19.8397,19.8297,19.8848,19.9503,19.9587,19.9601,19.9635,19.9669,19.9725,20.0040,20.0273,20.0161,19.9224,19.9191,19.9310,19.9253,19.9235,19.7095,19.7201,19.6275,19.6503,19.6791,19.6952,19.7075,19.7235,19.7395,19.7535,19.7614,19.7786,19.7882,19.7953,19.8058,19.8241,19.7777,19.8050,19.2411,19.2713,19.3102,19.3474,19.3896,19.1342,19.1646,19.2056,19.2473,19.2923,19.3395,19.3683,19.3987,19.4238,19.4589,19.4914,19.5183,19.5634,19.6541,19.6333,19.6982,19.7581,19.8036,19.8763,19.9409,19.9712,20.0027,20.0400,20.0699,20.0562,20.0825,20.1026,20.1131,20.1339,20.1337,20.1460,20.1525,20.1744,20.1971,20.2098,20.2246,20.1985,20.2110,20.2317,20.2480,20.2308,20.2360,20.2418,20.2623,20.3600,20.4408,20.5074,20.4977,20.4922,20.4744,20.4680,20.4658,20.2980,20.2920,20.2833,20.2123,20.2017,20.1932,20.1755,20.1734,20.1744,20.1866,20.1974,20.2094,19.7034,19.7197,19.7228,19.7346,19.7425,19.7459,19.7565,19.7625,19.7655,19.7708,19.7723,19.7794,19.7769,19.7824,19.7916,19.8002,19.8111,19.8225,19.8339,19.8464,19.8547,19.8553,19.8687,19.8827,19.8971,19.9119,19.9271,19.9426,19.9585,19.9747,19.9912,20.0079,20.0247,20.0417,20.0587,20.0758,20.0927,20.1094,20.1258,20.1419,20.1576,20.1728,20.1875,20.2015,20.2149,20.2277,20.2397,20.2511,20.2618,20.2719,20.2813,20.2901,20.2984,20.3061,20.3133,20.3201,20.3264,20.3324,20.3379,20.3432,20.3481,20.3527,20.3571,20.3611,20.3650,20.3686,20.3719,20.3751,20.3781,20.3809,20.3834,20.3859,20.3882,20.3903,20.3923,20.3941,20.3959,20.3975,20.3991,20.4005,20.4019,20.4032,20.4044,20.4056,20.4067,20.4078,20.4088,20.4097,20.4106,20.4115,20.4124,20.4132,20.4140,20.4148,20.4155,20.4162,20.4169,20.4175,20.4182,20.4188,20.4194,20.4200,20.4204,20.4206
45108.1666667,19.4840,19.5133,19.5352,19.5414,19.5502,19.5875,19.0448,19.0947,19.1221,19.1454,19.1691,19.1971,18.1721,18.2328,18.2867,18.3571,18.4157,18.4627,18.5280,18.5711,18.6155,18.6714,18.7096,18.7570,18.8000,18.5273,18.6076,18.6936,18.7287,18.8086,18.9276,19.0426,19.1297,19.2042,19.2935,19.3548,19.3662,19.4150,19.0171,19.0479,19.0718,19.0832,19.1041,19.1269,19.1926,19.2586,18.8690,18.9044,18.9271,18.9651,19.0010,19.0464,19.0974,19.3301,19.5829,19.6079,19.6229,19.6423,19.6079,19.6254,19.6278,19.6377,19.6600,19.6827,19.7056,19.5095,19.5248,19.6094,19.7045,19.7234,19.7316,19.7394,19.7451,19.7502,19.7767,19.7914,19.7761,19.6799,19.6721,19.6764,19.6679,19.6637,19.4495,19.4587,19.3689,19.3930,19.4243,19.4437,19.4591,19.4772,19.4933,19.5052,19.5098,19.5232,19.5293,19.5337,19.5399,19.5521,19.4991,19.5170,18.9727,18.9968,19.0284,19.0594,19.0964,18.8461,18.8755,18.9153,18.9556,18.9985,19.0423,19.0683,19.0946,19.1156,19.1434,19.1677,19.1837,19.2137,19.2701,19.2348,19.2773,19.3157,19.3483,19.4069,19.4664,19.4986,19.5341,19.5780,19.6184,19.6236,19.6694,19.7106,19.7427,19.7935,19.8233,19.8624,19.8887,19.9276,19.9639,19.9860,20.0076,19.9867,20.0023,20.0253,20.0430,20.0277,20.0341,20.0412,20.0641,20.1683,20.2591,20.3379,20.3321,20.3297,20.3156,20.3125,20.3143,20.1460,20.1437,20.1386,20.0681,20.0598,20.0532,20.0378,20.0383,20.0418,20.0563,20.0673,20.0780,19.5609,19.5726,19.5704,19.5767,19.5804,19.5793,19.5849,19.5857,19.5851,19.5866,19.5845,19.5877,19.5819,19.5838,19.5885,19.5927,19.5990,19.6060,19.6130,19.6211,19.6253,19.6220,19.6312,19.6411,19.6515,19.6623,19.6734,19.6850,19.6969,19.7091,19.7216,19.7344,19.7475,19.7608,19.7743,19.7881,19.8021,19.8163,19.8306,19.8451,19.8598,19.8745,19.8894,19.9044,19.9194,19.9344,19.9494,19.9644,19.9792,19.9940,20.0085,20.0228,20.0369,20.0506,20.0640,20.0769,20.0895,20.1016,20.1132,20.1244,20.1350,20.1452,20.1548,20.1639,20.1726,20.1807,20.1884,20.1956,20.2025,20.2089,20.2149,20.2206,20.2259,20.2309,20.2356,20.2401,20.2442,20.2482,20.2518,20.2553,20.2586,20.2616,20.2645,20.2672,20.2698,20.2722,20.2745,20.2766,20.2786,20.2805,20.2823,20.2840,20.2856,20.2871,20.2885,20.2898,20.2911,20.2924,20.2935,20.2946,20.2957,20.2967,20.2975,20.2980
45108.2083333,19.2460,19.2597,19.2705,19.2665,19.2676,19.2932,18.7534,18.7990,18.8263,18.8515,18.8784,18.9098,17.8331,17.8968,17.9529,18.0246,18.0838,18.1306,18.1937,18.2350,18.2770,18.3282,18.3615,18.4010,18.4349,18.1678,18.2290,18.2923,18.3038,18.3626,18.4577,18.5544,18.6337,18.7077,18.8014,18.8746,18.9044,18.9691,18.6132,18.6569,18.6937,18.7146,18.7448,18.7767,18.8528,18.9255,18.5609,18.5987,18.6232,18.6633,18.7009,18.7476,18.7961,19.0071,19.2283,19.2515,19.2650,19.2827,19.2489,19.2651,19.2671,19.2774,19.3003,19.3241,19.3493,19.1633,19.1863,19.2820,19.3983,19.4287,19.4472,19.4639,19.4777,19.4920,19.5311,19.5564,19.5462,19.4559,19.4502,19.4560,19.4481,19.4438,19.2298,19.2365,19.1454,19.1652,19.1923,19.2080,19.2208,19.2373,19.2528,19.2655,19.2713,19.2852,19.2920,19.2968,19.3032,19.3153,19.2636,19.2803,18.7498,18.7705,18.7972,18.8223,18.8525,18.6021,18.6264,18.6596,18.6939,18.7312,18.7700,18.7932,18.8170,18.8362,18.8623,18.8854,18.9004,18.9283,18.9780,18.9408,18.9765,19.0059,19.0282,19.0685,19.1107,19.1319,19.1578,19.1911,19.2226,19.2196,19.2579,19.2951,19.3274,19.3808,19.4203,19.4741,19.5163,19.5737,19.6311,19.6728,19.7136,19.7096,19.7407,19.7788,19.8094,19.8015,19.8157,19.8289,19.8578,19.9707,20.0677,20.1540,20.1513,20.1512,20.1402,20.1400,20.1450,19.9767,19.9773,19.9752,19.9057,19.8994,19.8948,19.8819,19.8852,19.8922,19.9113,19.9262,19.9396,19.4191,19.4312,19.4289,19.4348,19.4378,19.4358,19.4401,19.4396,19.4378,19.4382,19.4347,19.4363,19.4291,19.4294,19.4321,19.4342,19.4383,19.4428,19.4473,19.4527,19.4541,19.4481,19.4543,19.4611,19.4682,19.4757,19.4836,19.4918,19.5003,19.5091,19.5183,19.5277,19.5374,19.5474,19.5577,19.5682,19.5789,19.5899,19.6012,19.6126,19.6242,19.6361,19.6481,19.6602,19.6726,19.6850,19.6977,19.7104,19.7233,19.7362,19.7493,19.7624,19.7756,19.7888,19.8021,19.8154,19.8287,19.8420,19.8553,19.8684,19.8815,19.8945,19.9073,19.9200,19.9325,19.9447,19.9567,19.9684,19.9798,19.9909,20.0017,20.0121,20.0221,20.0318,20.0411,20.0499,20.0584,20.0665,20.0742,20.0815,20.0884,20.0950,20.1012,20.1071,20.1127,20.1179,20.1229,20.1275,20.1319,20.1361,20.1400,20.1437,20.1472,20.1505,20.1536,20.1565,20.1592,20.1618,20.1643,20.1666,20.1688,20.1708,20.1725,20.1737
45108.2500000,19.0320,19.0608,19.0801,19.0935,19.1036,19.1196,18.5733,18.6030,18.6257,18.6474,18.6681,18.6918,17.5591,17.6139,17.6665,17.7334,17.7926,17.8439,17.9041,17.9518,17.9972,18.0482,18.0850,18.1289,18.1700,17.9118,17.9560,18.0143,18.0115,18.0577,18.1328,18.2097,18.2776,18.3394,18.4145,18.4842,18.5139,18.5724,18.2542,18.3015,18.3435,18.3671,18.4037,18.4469,18.5228,18.5986,18.2681,18.3161,18.3488,18.3918,18.4314,18.4787,18.5316,18.7184,18.9200,18.9549,18.9782,19.0048,18.9783,18.9988,19.0028,19.0081,19.0261,19.0486,19.0731,18.8942,18.9082,18.9884,19.0948,19.1355,19.1649,19.1914,19.2124,19.2366,19.2800,19.3147,19.3237,19.2495,19.2571,19.2709,19.2750,19.2750,19.0621,19.0721,18.9845,19.0007,19.0197,19.0376,19.0475,19.0598,19.0755,19.0910,19.0929,19.1026,19.1107,19.1176,19.1245,19.1361,19.0852,19.1005,18.5865,18.6058,18.6286,18.6492,18.6750,18.4251,18.4494,18.4777,18.5039,18.5328,18.5621,18.5820,18.6025,18.6205,18.6455,18.6678,18.6817,18.7062,18.7404,18.7038,18.7359,18.7638,18.7861,18.8234,18.8614,18.8825,18.9042,18.9281,18.9530,18.9420,18.9711,19.0005,19.0293,19.0699,19.0991,19.1456,19.1828,19.2305,19.2825,19.3293,19.3769,19.3819,19.4246,19.4719,19.5145,19.5203,19.5499,19.5763,19.6212,19.7549,19.8676,19.9656,19.9735,19.9812,19.9787,19.9847,19.9938,19.8218,19.8290,19.8333,19.7679,19.7674,19.7681,19.7573,19.7617,19.7671,19.7826,19.7979,19.8121,19.2921,19.3056,19.3069,19.3157,19.3219,19.3216,19.3274,19.3290,19.3317,19.3355,19.3334,19.3348,19.3286,19.3303,19.3325,19.3335,19.3361,19.3389,19.3412,19.3443,19.3434,19.3350,19.3386,19.3427,19.3472,19.3520,19.3571,19.3625,19.3683,19.3743,19.3806,19.3872,19.3941,19.4012,19.4085,19.4161,19.4240,19.4320,19.4403,19.4487,19.4574,19.4663,19.4753,19.4846,19.4940,19.5036,19.5134,19.5234,19.5335,19.5437,19.5541,19.5647,19.5754,19.5862,19.5971,19.6082,19.6193,19.6306,19.6419,19.6534,19.6648,19.6764,19.6880,19.6996,19.7113,19.7230,19.7347,19.7464,19.7581,19.7698,19.7814,19.7929,19.8044,19.8158,19.8270,19.8381,19.8491,19.8599,19.8706,19.8810,19.8912,19.9012,19.9109,19.9203,19.9295,19.9384,19.9470,19.9553,19.9632,19.9709,19.9782,19.9853,19.9920,19.9984,20.0045,20.0103,20.0159,20.0211,20.0261,20.0308,20.0353,20.0394,20.0431,20.0457
45108.2916667,18.8890,18.9324,18.9651,19.0074,19.0404,19.0705,18.5280,18.5608,18.5895,18.6180,18.6438,18.6655,17.4761,17.5173,17.5603,17.6122,17.6627,17.7113,17.7606,17.8109,17.8582,17.9085,17.9505,18.0023,18.0565,17.8056,17.8392,17.8983,17.8866,17.9234,17.9868,18.0530,18.1151,18.1700,18.2311,18.3013,18.3350,18.3870,18.0907,18.1389,18.1824,18.2049,18.2429,18.2895,18.3502,18.4109,18.0919,18.1435,18.1816,18.2259,18.2664,18.3132,18.3669,18.5106,18.6808,18.7297,18.7687,18.8133,18.8054,18.8432,18.8604,18.8730,18.8965,18.9257,18.9567,18.7868,18.7943,18.8473,18.9123,18.9537,18.9883,19.0216,19.0486,19.0814,19.1279,19.1690,19.2002,19.1466,19.1741,19.2064,19.2307,19.2399,19.0308,19.0490,18.9685,18.9843,18.9955,19.0148,19.0216,19.0296,19.0470,19.0682,19.0685,19.0748,19.0845,19.0934,19.1015,19.1150,19.0664,19.0814,18.5568,18.5770,18.5987,18.6173,18.6405,18.3877,18.4133,18.4398,18.4582,18.4776,18.4952,18.5095,18.5249,18.5404,18.5643,18.5869,18.6009,18.6227,18.6388,18.5999,18.6257,18.6499,18.6727,18.7109,18.7493,18.7755,18.7960,18.8140,18.8353,18.8195,18.8446,18.8697,18.8979,18.9317,18.9539,18.9948,19.0250,19.0565,19.0902,19.1277,19.1670,19.1657,19.2042,19.2425,19.2782,19.2883,19.3232,19.3560,19.4090,19.5455,19.6691,19.7825,19.8047,19.8243,19.8376,19.8576,19.8806,19.7207,19.7416,19.7597,19.7061,19.7159,19.7261,19.7226,19.7329,19.7404,19.7532,19.7656,19.7766,19.2506,19.2624,19.2668,19.2786,19.2882,19.2907,19.3008,19.3069,19.3165,19.3277,19.3300,19.3341,19.3319,19.3386,19.3445,19.3487,19.3538,19.3584,19.3618,19.3652,19.3639,19.3544,19.3562,19.3580,19.3596,19.3610,19.3624,19.3638,19.3652,19.3667,19.3684,19.3702,19.3722,19.3745,19.3771,19.3799,19.3831,19.3865,19.3903,19.3943,19.3987,19.4034,19.4083,19.4136,19.4191,19.4249,19.4309,19.4372,19.4438,19.4505,19.4575,19.4646,19.4720,19.4795,19.4873,19.4952,19.5033,19.5115,19.5199,19.5284,19.5371,19.5459,19.5549,19.5639,19.5731,19.5824,19.5918,19.6013,19.6108,19.6205,19.6302,19.6400,19.6498,19.6597,19.6697,19.6796,19.6896,19.6996,19.7096,19.7196,19.7296,19.7396,19.7495,19.7594,19.7692,19.7789,19.7886,19.7981,19.8076,19.8169,19.8261,19.8351,19.8440,19.8527,19.8612,19.8695,19.8776,19.8854,19.8931,19.9005,19.9076,19.9145,19.9206,19.9253
45108.3333333,18.9370,18.9688,18.9951,19.0670,19.1185,19.1395,18.5955,18.6256,18.6653,18.6969,18.7381,18.7716,17.5870,17.6152,17.6352,17.6748,17.7174,17.7675,17.8011,17.8431,17.8791,17.9154,17.9569,18.0234,18.0805,17.8355,17.8436,17.9130,17.8888,17.9201,17.9846,18.0531,18.1199,18.1608,18.2042,18.2777,18.3297,18.3779,18.1002,18.1417,18.1842,18.1969,18.2329,18.2961,18.3462,18.3824,18.0652,18.1246,18.1666,18.2069,18.2335,18.2640,18.3102,18.3937,18.5274,18.6017,18.6627,18.7244,18.7295,18.7778,18.8117,18.8248,18.8469,18.8859,18.9250,18.7804,18.7940,18.8357,18.8654,18.9063,18.9443,18.9880,19.0134,19.0466,19.0862,19.1216,19.1696,19.1356,19.1934,19.2477,19.2954,19.3177,19.1037,19.1210,19.0422,19.0539,19.0617,19.1026,19.1203,19.1228,19.1451,19.1782,19.1695,19.1685,19.1862,19.2012,19.2130,19.2292,19.1838,19.1961,18.6676,18.6850,18.7004,18.7117,18.7369,18.4781,18.5118,18.5374,18.5503,18.5628,18.5684,18.5733,18.5867,18.6021,18.6256,18.6443,18.6597,18.6762,18.6635,18.6241,18.6390,18.6640,18.6843,18.7223,18.7684,18.8013,18.8233,18.8361,18.8482,18.8221,18.8456,18.8731,18.8994,18.9269,18.9535,18.9972,19.0175,19.0297,19.0443,19.0741,19.1077,19.1043,19.1338,19.1538,19.1733,19.1794,19.2128,19.2404,19.2845,19.3844,19.4943,19.6117,19.6489,19.6850,19.7165,19.7506,19.7870,19.6366,19.6718,19.7111,19.6731,19.6934,19.7172,19.7239,19.7438,19.7640,19.7864,19.8075,19.8231,19.2995,19.3106,19.3203,19.3369,19.3513,19.3533,19.3676,19.3801,19.3993,19.4180,19.4255,19.4314,19.4272,19.4339,19.4384,19.4411,19.4441,19.4468,19.4486,19.4507,19.4481,19.4374,19.4383,19.4393,19.4401,19.4407,19.4413,19.4417,19.4420,19.4422,19.4423,19.4424,19.4424,19.4423,19.4423,19.4422,19.4422,19.4421,19.4422,19.4423,19.4426,19.4430,19.4435,19.4443,19.4452,19.4464,19.4478,19.4494,19.4513,19.4535,19.4559,19.4586,19.4617,19.4649,19.4685,19.4724,19.4765,19.4808,19.4855,19.4903,19.4954,19.5008,19.5063,19.5121,19.5180,19.5242,19.5305,19.5370,19.5437,19.5505,19.5575,19.5646,19.5718,19.5792,19.5867,19.5943,19.6020,19.6098,19.6177,19.6257,19.6337,19.6419,19.6501,19.6583,19.6666,19.6750,19.6834,19.6918,19.7002,19.7087,19.7171,19.7256,19.7340,19.7425,19.7508,19.7592,19.7675,19.7758,19.7840,19.7921,19.8001,19.8079,19.8151,19.8206
45108.3750000,19.1270,19.1606,19.1866,19.3077,19.3959,19.4299,18.8851,18.9131,18.9591,18.9852,19.0334,19.0686,17.9735,17.9800,17.9961,18.0109,18.0351,18.0782,18.0781,18.1057,18.1435,18.1495,18.1806,18.2646,18.3382,18.0924,18.0650,18.1472,18.0999,18.1072,18.1704,18.2431,18.3295,18.3467,18.3702,18.4884,18.5547,18.5902,18.3366,18.3741,18.4387,18.4369,18.4740,18.5488,18.5770,18.5740,18.2447,18.3080,18.3503,18.3930,18.4332,18.4669,18.5167,18.4826,18.5189,18.6218,18.7113,18.7984,18.8246,18.8994,18.9471,18.9534,18.9632,19.0048,19.0454,18.9265,18.9451,18.9714,18.9734,19.0111,19.0578,19.1153,19.1400,19.1743,19.2016,19.2227,19.3019,19.2849,19.3782,19.4589,19.5368,19.5733,19.3485,19.3658,19.2823,19.2744,19.2654,19.3268,19.3582,19.3851,19.4310,19.4653,19.4425,19.4307,19.4570,19.4836,19.5042,19.5275,19.4856,19.4944,18.9607,18.9823,19.0010,18.9980,19.0203,18.7449,18.7912,18.8214,18.8303,18.8348,18.8244,18.8327,18.8387,18.8528,18.8787,18.8950,18.9169,18.9398,18.9053,18.8561,18.8467,18.8650,18.8761,18.9184,18.9669,19.0077,19.0308,19.0388,19.0591,19.0370,19.0571,19.0830,19.1007,19.1085,19.1350,19.1848,19.2140,19.1996,19.1849,19.1950,19.2319,19.2234,19.2579,19.2504,19.2642,19.2615,19.3029,19.3247,19.3473,19.3727,19.4293,19.5201,19.5786,19.6291,19.6777,19.7242,19.7749,19.6315,19.6959,19.7562,19.7375,19.7659,19.8031,19.8197,19.8492,19.8805,19.9092,19.9381,19.9596,19.4446,19.4570,19.4796,19.5069,19.5303,19.5347,19.5590,19.5829,19.6171,19.6494,19.6667,19.6795,19.6784,19.6946,19.7145,19.7276,19.7326,19.7225,19.7127,19.7022,19.6876,19.6651,19.6552,19.6459,19.6372,19.6291,19.6215,19.6144,19.6079,19.6018,19.5962,19.5910,19.5863,19.5818,19.5778,19.5740,19.5705,19.5672,19.5642,19.5614,19.5588,19.5564,19.5541,19.5520,19.5500,19.5482,19.5466,19.5451,19.5437,19.5425,19.5414,19.5405,19.5398,19.5393,19.5389,19.5387,19.5388,19.5390,19.5395,19.5402,19.5412,19.5423,19.5438,19.5454,19.5473,19.5495,19.5519,19.5546,19.5575,19.5607,19.5641,19.5677,19.5715,19.5756,19.5798,19.5843,19.5890,19.5938,19.5988,19.6040,19.6094,19.6149,19.6205,19.6263,19.6322,19.6382,19.6444,19.6506,19.6570,19.6635,19.6700,19.6766,19.6833,19.6901,19.6969,19.7038,19.7107,19.7176,19.7246,19.7317,19.7387,19.7456,19.7521,19.7572
45108.4166667,19.5550,19.5602,19.6149,19.7872,19.9109,19.9441,19.3974,19.4275,19.4888,19.5246,19.5883,19.6334,18.6733,18.6648,18.6547,18.6561,18.6701,18.7140,18.7120,18.7278,18.7329,18.6870,18.6844,18.7978,18.9260,18.6671,18.5749,18.6682,18.5851,18.5554,18.6066,18.6786,18.7935,18.8609,18.8103,18.9493,19.0354,19.0464,18.8279,18.9369,19.0107,18.9907,19.0075,19.0881,19.0803,19.0216,18.6801,18.7608,18.8317,18.8594,18.8928,18.9127,18.9600,18.8063,18.7276,18.8689,18.9928,19.1059,19.1507,19.2480,19.3131,19.3191,19.3427,19.3863,19.4192,19.3204,19.3313,19.3236,19.2737,19.3202,19.3787,19.4493,19.4652,19.4917,19.4934,19.5174,19.6572,19.6624,19.8028,19.9163,20.0294,20.0823,19.8543,19.8445,19.7883,19.7477,19.6862,19.7619,19.8037,19.8453,19.9265,20.0302,20.0657,20.0761,20.1037,20.1342,20.1526,20.1711,20.1217,20.1427,19.5696,19.5728,19.5761,19.5378,19.5525,19.2538,19.3148,19.3463,19.3463,19.3379,19.2998,19.3094,19.3177,19.3382,19.3706,19.3694,19.3997,19.4283,19.3688,19.3162,19.2917,19.3092,19.3073,19.3721,19.4323,19.4816,19.5038,19.5026,19.5200,19.4885,19.5044,19.5346,19.5785,19.5587,19.5846,19.6384,19.6692,19.6587,19.6428,19.6166,19.6327,19.6016,19.6212,19.5664,19.5671,19.5959,19.6307,19.6204,19.6109,19.5503,19.5389,19.5807,19.6571,19.7241,19.7921,19.8679,19.9276,19.7781,19.8656,19.9508,19.9543,19.9906,20.0404,20.0657,20.1060,20.1479,20.1783,20.2114,20.2354,19.7241,19.7275,19.7642,19.8039,19.8377,19.8429,19.8798,19.9188,19.9730,20.0235,20.0540,20.0756,20.0740,20.0918,20.1288,20.1613,20.1921,20.2189,20.2392,20.2489,20.2308,20.1770,20.1412,20.1050,20.0708,20.0387,20.0088,19.9810,19.9553,19.9314,19.9092,19.8885,19.8691,19.8511,19.8343,19.8186,19.8039,19.7902,19.7774,19.7655,19.7545,19.7441,19.7345,19.7256,19.7174,19.7097,19.7026,19.6960,19.6899,19.6842,19.6789,19.6741,19.6696,19.6654,19.6615,19.6580,19.6547,19.6517,19.6489,19.6464,19.6440,19.6420,19.6401,19.6384,19.6370,19.6357,19.6347,19.6338,19.6332,19.6328,19.6326,19.6326,19.6328,19.6333,19.6339,19.6348,19.6359,19.6373,19.6388,19.6406,19.6425,19.6447,19.6471,19.6498,19.6526,19.6556,19.6588,19.6622,19.6657,19.6695,19.6734,19.6774,19.6816,19.6860,19.6905,19.6951,19.6998,19.7047,19.7097,19.7147,19.7199,19.7250,19.7299,19.7338
45108.4583333,20.2690,20.2850,20.4391,20.6506,20.7986,20.8111,20.2267,20.2527,20.3299,20.4300,20.5032,20.5529,19.6683,19.6582,19.6816,19.6601,19.6583,19.7033,19.6996,19.7862,19.7817,19.8444,19.7678,19.8692,19.9855,19.6619,19.4481,19.5367,19.3707,19.4164,19.3329,19.4008,19.4929,19.6625,19.7585,19.9037,19.9637,19.9115,19.6792,19.8129,19.8957,19.8309,19.8415,19.9554,19.9364,19.8198,19.4334,19.5181,19.5356,19.5943,19.6562,19.6876,19.7368,19.4328,19.1810,19.2768,19.4116,19.6000,19.7005,19.8491,19.9489,19.9519,19.9194,19.9255,19.9813,19.9294,19.9136,19.9285,19.8387,19.9329,20.0462,20.1307,20.1352,20.1445,20.1032,20.0955,20.3112,20.4020,20.5675,20.6798,20.8182,20.8887,20.7089,20.7316,20.6806,20.6867,20.5270,20.5799,20.5981,20.6272,20.7193,20.8569,20.9116,20.9268,20.9641,21.0079,21.0359,21.0658,21.0289,21.0761,20.4553,20.5026,20.5217,20.5168,20.4975,20.1610,20.2093,20.2118,20.1825,20.1489,20.1045,20.1032,20.0984,20.1143,20.1434,20.1206,20.1565,20.1878,20.0670,20.0174,20.0397,20.0575,20.0420,20.0476,20.1418,20.2146,20.2447,20.2122,20.2438,20.2158,20.1958,20.1890,20.2800,20.3259,20.3495,20.4003,20.4254,20.3948,20.3105,20.3535,20.3862,20.3523,20.3694,20.3461,20.2890,20.3082,20.3246,20.2741,20.2446,19.9975,19.8724,19.8359,19.9230,19.9519,19.9922,20.0642,20.1761,20.0937,20.2125,20.3324,20.3687,20.4403,20.5340,20.5936,20.6522,20.6820,20.6843,20.7031,20.7193,20.1958,20.2188,20.2543,20.2993,20.3506,20.3812,20.4210,20.4654,20.5354,20.6004,20.6420,20.6763,20.7136,20.7660,20.8096,20.8472,20.8826,20.9154,20.9460,20.9762,21.0003,21.0134,21.0372,21.0548,21.0605,21.0415,20.9684,20.8629,20.7699,20.6807,20.5992,20.5253,20.4584,20.3979,20.3430,20.2930,20.2473,20.2055,20.1671,20.1318,20.0992,20.0691,20.0413,20.0156,19.9918,19.9696,19.9491,19.9300,19.9122,19.8957,19.8803,19.8660,19.8526,19.8402,19.8286,19.8178,19.8078,19.7985,19.7898,19.7818,19.7743,19.7673,19.7609,19.7549,19.7494,19.7442,19.7395,19.7351,19.7311,19.7274,19.7240,19.7208,19.7180,19.7154,19.7130,19.7109,19.7090,19.7074,19.7059,19.7047,19.7037,19.7029,19.7023,19.7019,19.7017,19.7017,19.7019,19.7023,19.7029,19.7037,19.7046,19.7058,19.7072,19.7087,19.7104,19.7123,19.7144,19.7166,19.7191,19.7216,19.7243,19.7271,19.7299,19.7322
45108.5000000,21.0320,21.0580,21.2511,21.5248,21.7282,21.8012,21.2070,21.2626,21.3566,21.4724,21.5577,21.6168,20.7613,20.7657,20.8049,20.8012,20.8147,20.8741,20.8839,20.9853,20.9957,21.0777,21.0266,21.1534,21.2991,20.9465,20.9170,20.9411,20.6590,20.6236,20.4648,20.4248,20.5706,20.7034,20.7876,20.9637,21.0561,21.0119,20.7592,20.9122,21.0070,20.9440,20.9654,21.0766,21.0342,20.8766,20.4183,20.4928,20.4888,20.5252,20.5677,20.5819,20.6237,20.2560,19.8539,19.9222,20.0338,20.1946,20.2746,20.4216,20.5272,20.5138,20.4900,20.5254,20.5926,20.5601,20.5431,20.5568,20.4801,20.6315,20.7874,20.9062,21.0301,21.1579,21.2139,21.2577,21.4550,21.5225,21.6789,21.7722,21.9070,21.9715,21.7834,21.8802,21.8238,21.8404,21.6621,21.7201,21.7295,21.7412,21.8168,21.9485,21.9936,22.0000,22.0325,22.0745,22.1004,22.1293,22.0866,22.1403,21.4476,21.5101,21.5515,21.5781,21.5952,21.2701,21.3420,21.3600,21.3285,21.2791,21.2112,21.1941,21.1730,21.1762,21.1963,21.2301,21.2485,21.2651,21.1298,21.0435,21.0328,21.0187,20.9693,20.9317,21.0033,21.0659,21.0889,21.0548,21.0767,21.0444,21.0643,21.0401,21.1272,21.1714,21.2093,21.2848,21.3268,21.3023,21.1979,21.2264,21.2454,21.1992,21.2192,21.2130,21.1799,21.2188,21.2660,21.2905,21.2519,20.8369,20.5263,20.3516,20.4256,20.4878,20.4836,20.5174,20.5947,20.5048,20.6324,20.7713,20.8365,20.9529,21.0694,21.1534,21.2424,21.3032,21.3337,21.3645,21.3840,20.8475,20.8853,20.9318,20.9841,21.0412,21.0763,21.1223,21.1749,21.2551,21.3300,21.3794,21.4208,21.4668,21.5311,21.5889,21.6427,21.6956,21.7461,21.7931,21.8383,21.8753,21.8995,21.9363,21.9708,22.0027,22.0319,22.0582,22.0812,22.1002,22.1136,22.1187,22.1105,22.0801,22.0105,21.8522,21.6902,21.5326,21.3827,21.2444,21.1175,21.0015,20.8956,20.7989,20.7108,20.6305,20.5573,20.4907,20.4300,20.3748,20.3244,20.2784,20.2365,20.1980,20.1629,20.1306,20.1009,20.0736,20.0484,20.0251,20.0036,19.9837,19.9653,19.9482,19.9323,19.9176,19.9039,19.8911,19.8793,19.8683,19.8581,19.8486,19.8397,19.8315,19.8239,19.8168,19.8103,19.8042,19.7985,19.7933,19.7885,19.7841,19.7800,19.7762,19.7728,19.7696,19.7668,19.7642,19.7618,19.7597,19.7579,19.7562,19.7548,19.7536,19.7525,19.7517,19.7511,19.7506,19.7504,19.7503,19.7504,19.7507,19.7511,19.7516,19.7521
45108.5416667,21.7950,21.9786,22.1676,22.4385,22.6378,22.7005,21.9361,22.0323,22.1658,22.3249,22.4588,22.5586,21.7890,21.8153,21.8685,21.8818,21.9082,21.9777,22.0023,22.1222,22.2383,22.3154,22.2499,22.3661,22.5066,22.0905,21.9205,22.0366,21.8347,21.7465,21.6462,21.5864,21.7344,21.8608,21.9319,22.0944,22.1686,22.1117,21.8170,21.9715,22.0903,22.1644,22.2504,22.3339,22.2485,22.1525,21.5667,21.6160,21.6806,21.6658,21.6669,21.6328,21.6297,21.0912,20.6602,20.7370,20.9098,21.0618,21.1264,21.2612,21.3503,21.3173,21.2858,21.2950,21.3399,21.2778,21.2297,21.2168,21.1301,21.2656,21.3306,21.4717,21.6241,21.8009,21.9480,22.0905,22.2995,22.3281,22.5561,22.7468,22.9310,23.0337,22.8643,22.9871,22.9383,22.9710,22.8045,22.8803,22.9015,22.9149,22.9830,23.1046,23.1382,23.1373,23.1636,23.2003,23.2215,23.2460,23.1895,23.2390,22.4295,22.4944,22.5410,22.5749,22.6021,22.2714,22.3541,22.3887,22.3741,22.3425,22.2914,22.2828,22.2692,22.2767,22.3012,22.3362,22.3526,22.3661,22.2252,22.1245,22.1082,22.0961,22.1420,22.1686,22.1939,22.2172,22.2043,22.1068,22.0995,22.0216,21.9462,21.9104,21.9964,22.0466,22.0906,22.1718,22.2159,22.1960,22.1694,22.1831,22.1842,22.1185,22.1251,22.1029,21.9920,22.0215,22.0046,22.0541,22.0577,21.7301,21.3867,21.1130,21.1629,21.2165,21.2598,21.2782,21.3371,21.2149,21.3191,21.4338,21.4769,21.5800,21.6870,21.7603,21.8393,21.8939,21.9250,21.9657,21.9980,21.4585,21.5102,21.5689,21.6323,21.6966,21.7384,21.7918,21.8514,21.9368,22.0172,22.0712,22.1175,22.1677,22.2375,22.3018,22.3620,22.4217,22.4791,22.5332,22.5858,22.6300,22.6611,22.7064,22.7499,22.7913,22.8308,22.8682,22.9037,22.9372,22.9687,22.9981,23.0255,23.0507,23.0736,23.0936,23.1104,23.1228,23.1289,23.1252,23.1049,23.0494,22.9011,22.7402,22.5701,22.3947,22.2196,22.0483,21.8832,21.7257,21.5769,21.4372,21.3067,21.1852,21.0726,20.9684,20.8722,20.7836,20.7022,20.6274,20.5589,20.4961,20.4386,20.3860,20.3379,20.2938,20.2535,20.2166,20.1827,20.1517,20.1232,20.0970,20.0730,20.0508,20.0303,20.0115,19.9941,19.9780,19.9631,19.9493,19.9365,19.9246,19.9137,19.9035,19.8940,19.8852,19.8771,19.8696,19.8626,19.8561,19.8501,19.8446,19.8394,19.8347,19.8303,19.8263,19.8227,19.8193,19.8162,19.8134,19.8109,19.8086,19.8066,19.8049,19.8037
45108.5833333,22.1780,22.3613,22.5455,22.8179,23.0327,23.1797,22.4545,22.5088,22.6703,22.8426,22.9943,23.1113,22.4985,22.5478,22.6155,22.6676,22.7228,22.8033,22.8482,22.9586,23.0658,23.1616,23.2257,23.3217,23.4375,22.9601,22.8002,22.8136,22.6287,22.5457,22.4321,22.3920,22.5384,22.6684,22.7522,22.9424,23.0270,22.9996,22.6371,22.7757,22.8922,22.9567,23.0509,23.1611,23.1805,23.1236,22.5574,22.6275,22.6876,22.6937,22.7003,22.6722,22.6292,22.0105,21.4822,21.5122,21.6284,21.7424,21.7759,21.8873,21.9616,21.9441,22.0145,22.0331,22.0450,21.9409,21.9292,21.8927,21.7817,21.8687,21.8971,21.9991,22.1098,22.2488,22.3770,22.5230,22.7480,22.8419,23.0407,23.2218,23.3910,23.4953,23.3337,23.4874,23.4942,23.6125,23.6621,23.7199,23.7304,23.7518,23.8369,23.9620,24.0064,24.0204,24.0517,24.0854,24.1096,24.1396,24.0790,24.1291,23.1573,23.2239,23.2825,23.3302,23.3759,23.0410,23.1194,23.1675,23.1730,23.1637,23.1347,23.1312,23.1247,23.1328,23.1579,23.1896,23.2048,23.2026,23.1223,23.0227,23.0134,23.0064,23.0410,23.0781,23.1177,23.1484,23.1488,23.0792,23.0758,22.9927,22.9136,22.8562,22.8961,22.8986,22.8958,22.9387,22.9605,22.9361,22.8613,22.9018,22.9362,22.8963,22.9183,22.9021,22.8023,22.8021,22.7568,22.7186,22.7074,22.4212,22.1491,21.8890,21.9117,21.9428,21.9634,21.9654,22.0022,21.8561,21.9364,22.0288,22.0509,22.1353,22.2228,22.2786,22.3413,22.3644,22.4243,22.4801,22.5192,21.9515,22.0019,22.0566,22.1177,22.1769,22.2173,22.2710,22.3293,22.4064,22.4809,22.5325,22.5786,22.6251,22.6912,22.7562,22.8177,22.8792,22.9390,22.9960,23.0518,23.0994,23.1338,23.1833,23.2312,23.2774,23.3218,23.3644,23.4053,23.4445,23.4820,23.5178,23.5519,23.5843,23.6151,23.6442,23.6715,23.6968,23.7197,23.7393,23.7539,23.7606,23.7532,23.7003,23.6285,23.5403,23.4428,23.3387,23.2317,23.1238,23.0162,22.9087,22.8006,22.6907,22.5782,22.4628,22.3443,22.2232,22.1003,21.9762,21.8522,21.7291,21.6080,21.4898,21.3753,21.2651,21.1599,21.0600,20.9656,20.8769,20.7938,20.7164,20.6444,20.5776,20.5159,20.4589,20.4063,20.3580,20.3135,20.2726,20.2350,20.2005,20.1689,20.1398,20.1130,20.0885,20.0659,20.0451,20.0260,20.0083,19.9921,19.9771,19.9633,19.9505,19.9387,19.9278,19.9177,19.9083,19.8997,19.8917,19.8843,19.8774,19.8712,19.8657,19.8616
45108.6250000,22.6330,22.8148,22.9945,23.2504,23.4449,23.5428,22.8030,22.7923,22.9306,23.0946,23.2511,23.3875,22.9660,23.0477,23.1430,23.2235,23.3037,23.4042,23.4310,23.5833,23.7177,23.8322,23.9165,24.0435,24.1796,23.6216,23.4567,23.4494,23.2727,23.2144,23.0913,23.0397,23.1415,23.1900,23.2107,23.4209,23.5382,23.5368,23.1716,23.3413,23.4803,23.5619,23.6678,23.7874,23.8120,23.7457,23.1609,23.2482,23.2746,23.3214,23.3680,23.3896,23.3840,22.8549,22.3351,22.3335,22.3667,22.4697,22.4828,22.5741,22.6210,22.5446,22.4511,22.4450,22.4819,22.4140,22.4574,22.4767,22.3960,22.4885,22.5055,22.6001,22.7030,22.8224,22.8989,22.9249,23.1683,23.2749,23.4860,23.6704,23.8409,23.9403,23.7640,23.9067,23.8977,24.0283,24.1243,24.2441,24.3129,24.3794,24.4960,24.6403,24.6937,24.7108,24.7442,24.7809,24.8062,24.8373,24.7734,24.8282,23.7241,23.7867,23.8536,23.9206,23.9746,23.6290,23.7183,23.7719,23.7589,23.7724,23.7667,23.7792,23.7864,23.8059,23.8431,23.8845,23.8995,23.8526,23.7669,23.6712,23.6764,23.6790,23.6596,23.7239,23.7868,23.8322,23.8443,23.7817,23.7537,23.6884,23.6246,23.6061,23.6692,23.6763,23.5844,23.5697,23.5970,23.5747,23.4871,23.5170,23.5408,23.4922,23.5103,23.4146,23.3589,23.3893,23.3654,23.3359,23.3228,22.9907,22.7585,22.5521,22.5865,22.6235,22.6426,22.6235,22.6567,22.4857,22.5585,22.6412,22.6478,22.7241,22.8026,22.8428,22.8794,22.8637,22.8795,22.9096,22.9382,22.3430,22.3978,22.4567,22.5214,22.5844,22.6270,22.6821,22.7411,22.8206,22.8962,22.9476,22.9932,23.0396,23.1055,23.1676,23.2256,23.2837,23.3399,23.3933,23.4457,23.4899,23.5208,23.5679,23.6139,23.6587,23.7023,23.7448,23.7861,23.8263,23.8654,23.9030,23.9356,23.9310,23.9180,23.8984,23.8774,23.8533,23.8286,23.8030,23.7765,23.7487,23.7193,23.6891,23.6581,23.6259,23.5925,23.5576,23.5212,23.4828,23.4421,23.3990,23.3529,23.3036,23.2507,23.1940,23.1332,23.0683,22.9992,22.9261,22.8492,22.7688,22.6851,22.5986,22.5095,22.4183,22.3252,22.2305,22.1345,22.0376,21.9399,21.8419,21.7438,21.6462,21.5493,21.4536,21.3596,21.2676,21.1781,21.0914,21.0078,20.9275,20.8509,20.7781,20.7090,20.6439,20.5827,20.5253,20.4717,20.4218,20.3753,20.3322,20.2923,20.2554,20.2213,20.1899,20.1609,20.1341,20.1095,20.0869,20.0660,20.0469,20.0294,20.0142,20.0030
45108.6666667,23.3040,23.3494,23.3126,23.4966,23.6516,23.7673,23.0063,23.0987,23.2054,23.3167,23.4259,23.5251,23.1831,23.2598,23.3495,23.4576,23.5614,23.6631,23.6600,23.7793,23.8921,24.0083,24.0930,24.1193,24.2923,23.8307,23.7763,23.8549,23.6880,23.6143,23.5334,23.4917,23.5879,23.6510,23.6271,23.7545,23.8163,23.8204,23.4175,23.5479,23.6607,23.6598,23.7710,23.9149,24.0620,24.1509,23.5708,23.6442,23.6971,23.7337,23.7457,23.7831,23.7812,23.4481,23.0550,23.0065,22.9895,23.0541,23.0341,23.0952,23.1202,23.0584,23.0003,23.0541,23.0938,22.9467,22.9189,22.8992,22.8297,22.8812,22.8917,22.9463,22.9495,23.0190,23.0421,23.1603,23.3321,23.3826,23.5312,23.7312,23.8931,24.0034,23.8550,24.0095,24.0228,24.1736,24.2881,24.4181,24.4471,24.5494,24.6936,24.8370,24.9024,24.9386,24.9786,25.0142,25.0508,25.1012,25.0596,25.1357,24.0557,24.1207,24.1837,24.2340,24.2874,23.9482,24.0221,24.0897,24.1276,24.1546,24.1627,24.1736,24.1836,24.2001,24.2344,24.2700,24.2867,24.2647,24.2351,24.1426,24.1518,24.1522,24.1177,24.1449,24.1393,24.1847,24.2117,24.1908,24.1807,24.1020,24.0843,24.0593,24.1037,24.1315,24.1325,24.1583,24.1582,24.1229,24.0325,23.9915,23.9461,23.8956,23.9115,23.8321,23.7680,23.7578,23.7188,23.6718,23.6187,23.4361,23.2682,23.0914,23.0478,23.0432,23.0543,23.0539,23.0898,22.9540,23.0116,23.0748,23.0652,23.1144,23.1590,23.1633,23.2087,23.2275,23.2660,23.3007,23.3239,22.7293,22.7588,22.7896,22.8308,22.8730,22.9012,22.9437,22.9887,23.0474,23.1062,23.1471,23.1866,23.2225,23.2775,23.3348,23.3896,23.4458,23.5011,23.5545,23.6075,23.6527,23.6838,23.7259,23.7359,23.7459,23.7518,23.7520,23.7516,23.7513,23.7513,23.7516,23.7520,23.7516,23.7500,23.7465,23.7403,23.7314,23.7197,23.7052,23.6882,23.6687,23.6464,23.6226,23.5974,23.5710,23.5436,23.5153,23.4862,23.4565,23.4261,23.3951,23.3635,23.3313,23.2984,23.2650,23.2308,23.1958,23.1600,23.1232,23.0854,23.0462,23.0057,22.9637,22.9199,22.8743,22.8266,22.7768,22.7247,22.6702,22.6133,22.5540,22.4923,22.4281,22.3617,22.2931,22.2225,22.1500,22.0759,22.0002,21.9234,21.8455,21.7669,21.6879,21.6085,21.5293,21.4503,21.3719,21.2944,21.2180,21.1430,21.0696,20.9981,20.9286,20.8615,20.7967,20.7345,20.6751,20.6183,20.5644,20.5134,20.4653,20.4205,20.3805,20.3509
45108.7083333,23.5210,23.5507,23.5124,23.6011,23.6775,23.7392,22.9811,23.0091,23.0908,23.1870,23.2923,23.3914,23.1426,23.2205,23.2960,23.3901,23.4747,23.5530,23.5675,23.6249,23.6681,23.6845,23.7566,23.8097,23.9469,23.4913,23.5027,23.5990,23.5218,23.5220,23.5440,23.5542,23.5866,23.5948,23.6168,23.7463,23.7986,23.8210,23.3678,23.4554,23.5342,23.5441,23.6133,23.7131,23.8418,23.9550,23.4272,23.5235,23.5855,23.6631,23.6986,23.7633,23.7908,23.6947,23.4817,23.4396,23.4006,23.4044,23.3463,23.3703,23.3645,23.3111,23.2559,23.2655,23.2523,23.0454,23.0327,23.0668,23.0592,23.0785,23.0880,23.1191,23.1139,23.1478,23.1545,23.2111,23.2799,23.2709,23.3694,23.5096,23.6191,23.6931,23.5059,23.6380,23.6328,23.7628,23.8232,23.9727,24.0561,24.1839,24.3441,24.4697,24.5748,24.6508,24.7169,24.7671,24.8212,24.8892,24.8612,24.9433,23.8883,23.9448,24.0332,24.1172,24.2085,23.8965,23.9727,24.0524,24.1083,24.1572,24.1847,24.2085,24.2321,24.2531,24.2776,24.3047,24.3008,24.3015,24.3144,24.2302,24.2514,24.2656,24.2418,24.2643,24.2633,24.2834,24.2952,24.2769,24.2653,24.1821,24.1615,24.1438,24.1732,24.2045,24.2198,24.2684,24.2963,24.3092,24.2836,24.2748,24.2432,24.1787,24.1696,24.0976,24.0299,23.9568,23.9181,23.8664,23.8078,23.6717,23.5604,23.4074,23.3703,23.3471,23.3332,23.3215,23.3257,23.1633,23.1837,23.1963,23.1532,23.1825,23.2116,23.2098,23.2455,23.2659,23.3099,23.3654,23.4091,22.8336,22.8703,22.8945,22.9326,22.9657,22.9864,23.0191,23.0498,23.0879,23.1270,23.1519,23.1780,23.1969,23.2324,23.2701,23.3057,23.3429,23.3781,23.4003,23.4179,23.4245,23.4168,23.4257,23.4341,23.4418,23.4488,23.4551,23.4607,23.4656,23.4696,23.4728,23.4751,23.4764,23.4767,23.4759,23.4741,23.4711,23.4672,23.4622,23.4561,23.4487,23.4397,23.4298,23.4188,23.4068,23.3938,23.3797,23.3645,23.3482,23.3306,23.3117,23.2916,23.2701,23.2473,23.2233,23.1981,23.1718,23.1444,23.1161,23.0869,23.0570,23.0263,22.9949,22.9630,22.9304,22.8972,22.8635,22.8292,22.7943,22.7587,22.7224,22.6854,22.6476,22.6088,22.5691,22.5284,22.4865,22.4434,22.3990,22.3532,22.3060,22.2574,22.2072,22.1555,22.1023,22.0477,21.9915,21.9340,21.8752,21.8152,21.7540,21.6919,21.6289,21.5653,21.5012,21.4367,21.3720,21.3074,21.2431,21.1792,21.1161,21.0547,20.9977,20.9542
45108.7500000,23.4000,23.4148,23.4141,23.4697,23.5193,23.5809,22.8524,22.9012,22.9428,22.9958,23.0543,23.1130,22.8828,22.9454,23.0073,23.0993,23.1804,23.2496,23.2989,23.3341,23.3553,23.3838,23.4180,23.4527,23.5219,23.0315,23.0494,23.1357,23.0924,23.1275,23.1956,23.2610,23.3244,23.3527,23.3900,23.4512,23.4676,23.5079,23.0393,23.0868,23.1541,23.1693,23.2290,23.3147,23.4523,23.5694,23.0481,23.1291,23.1780,23.2555,23.3063,23.3765,23.4275,23.5812,23.5859,23.5609,23.5288,23.5327,23.4597,23.4636,23.4394,23.3856,23.3375,23.3121,23.2981,23.0704,23.0321,23.0574,23.0682,23.0595,23.0528,23.0724,23.0696,23.0771,23.0950,23.1134,23.1435,23.0827,23.1389,23.2229,23.2852,23.3265,23.1203,23.1966,23.1468,23.2436,23.3117,23.4283,23.5098,23.5995,23.7317,23.8342,23.8954,23.9531,24.0143,24.0629,24.1228,24.2023,24.1985,24.3051,23.3216,23.4074,23.5197,23.6318,23.7510,23.4721,23.5563,23.6566,23.7405,23.8208,23.8802,23.9198,23.9591,23.9899,24.0305,24.0636,24.0730,24.0909,24.1303,24.0519,24.0807,24.1033,24.0954,24.1166,24.1438,24.1600,24.1761,24.1821,24.1867,24.1219,24.1138,24.1043,24.1120,24.1243,24.1178,24.1430,24.1567,24.1652,24.1712,24.1804,24.1892,24.1493,24.1644,24.1487,24.1290,24.0768,24.0527,24.0196,23.9730,23.8546,23.7460,23.6195,23.5721,23.5421,23.5048,23.4798,23.4636,23.2806,23.2765,23.2705,23.2036,23.2057,23.2115,23.1933,23.2019,23.2087,23.2336,23.2697,23.3040,22.7127,22.7485,22.7704,22.8039,22.8310,22.8489,22.8789,22.9048,22.9318,22.9608,22.9790,23.0003,23.0113,23.0363,23.0635,23.0827,23.1031,23.1223,23.1388,23.1548,23.1631,23.1588,23.1704,23.1812,23.1909,23.1997,23.2076,23.2148,23.2211,23.2266,23.2313,23.2352,23.2384,23.2409,23.2427,23.2437,23.2441,23.2437,23.2427,23.2408,23.2379,23.2336,23.2286,23.2227,23.2160,23.2085,23.2002,23.1911,23.1813,23.1707,23.1593,23.1471,23.1342,23.1205,23.1061,23.0909,23.0749,23.0582,23.0406,23.0223,23.0031,22.9831,22.9622,22.9405,22.9179,22.8944,22.8701,22.8450,22.8190,22.7922,22.7647,22.7364,22.7074,22.6778,22.6475,22.6166,22.5852,22.5532,22.5207,22.4876,22.4541,22.4200,22.3854,22.3502,22.3144,22.2781,22.2411,22.2034,22.1650,22.1258,22.0859,22.0451,22.0034,21.9608,21.9173,21.8728,21.8274,21.7811,21.7338,21.6857,21.6369,21.5882,21.5418,21.5056
45108.7916667,23.0160,23.0530,23.0737,23.1163,23.1568,23.2315,22.5343,22.6023,22.6565,22.7117,22.7640,22.8213,22.5709,22.6322,22.6867,22.7640,22.8281,22.8812,22.9279,22.9581,22.9797,23.0106,23.0298,23.0665,23.1164,22.6482,22.6725,22.7380,22.6800,22.7027,22.7615,22.8319,22.9010,22.9504,23.0133,23.0815,23.0957,23.1383,22.6790,22.7131,22.7486,22.7538,22.7931,22.8478,22.9576,23.0722,22.5827,22.6536,22.6966,22.7688,22.8261,22.8983,22.9651,23.2112,23.3755,23.3718,23.3614,23.3780,23.3171,23.3311,23.3174,23.2817,23.2530,23.2380,23.2273,22.9888,22.9462,22.9660,22.9811,22.9743,22.9618,22.9613,22.9515,22.9491,22.9564,22.9613,22.9718,22.8875,22.9119,22.9512,22.9851,23.0091,22.7982,22.8457,22.7634,22.8279,22.8766,22.9583,23.0180,23.0826,23.1699,23.2490,23.2970,23.3464,23.3911,23.4271,23.4763,23.5416,23.5230,23.6079,22.7204,22.7941,22.8897,22.9908,23.1116,22.8612,22.9487,23.0628,23.1643,23.2636,23.3517,23.4028,23.4551,23.4964,23.5516,23.5971,23.6297,23.6731,23.7467,23.6882,23.7347,23.7752,23.7865,23.8275,23.8674,23.8866,23.9043,23.9225,23.9349,23.8828,23.8928,23.8994,23.9098,23.9349,23.9361,23.9603,23.9678,23.9822,23.9892,23.9984,24.0074,23.9640,23.9779,23.9810,23.9811,23.9440,23.9368,23.9278,23.9201,23.9106,23.8537,23.7657,23.7196,23.6877,23.6436,23.6110,23.5796,23.3694,23.3462,23.3250,23.2419,23.2300,23.2251,23.1974,23.1907,23.1813,23.1829,23.1932,23.2063,22.5863,22.6051,22.6099,22.6256,22.6406,22.6507,22.6724,22.6890,22.7081,22.7284,22.7378,22.7519,22.7577,22.7741,22.7932,22.8097,22.8274,22.8443,22.8596,22.8751,22.8838,22.8810,22.8943,22.9074,22.9201,22.9322,22.9439,22.9551,22.9657,22.9757,22.9849,22.9934,23.0012,23.0081,23.0142,23.0195,23.0240,23.0276,23.0303,23.0322,23.0330,23.0325,23.0312,23.0291,23.0261,23.0224,23.0181,23.0130,23.0073,23.0009,22.9940,22.9864,22.9782,22.9693,22.9599,22.9499,22.9393,22.9280,22.9162,22.9038,22.8907,22.8771,22.8629,22.8480,22.8325,22.8165,22.7998,22.7825,22.7645,22.7460,22.7268,22.7071,22.6866,22.6656,22.6439,22.6216,22.5986,22.5750,22.5508,22.5260,22.5006,22.4745,22.4479,22.4207,22.3929,22.3646,22.3358,22.3065,22.2768,22.2465,22.2158,22.1847,22.1531,22.1211,22.0887,22.0559,22.0226,21.9889,21.9548,21.9203,21.8854,21.8506,21.8175,21.7916
45108.8333333,22.4650,22.5242,22.5644,22.6153,22.6625,22.7469,22.0793,22.1696,22.2293,22.2834,22.3416,22.3998,22.1202,22.1928,22.2549,22.3427,22.4117,22.4629,22.5190,22.5532,22.5797,22.6158,22.6343,22.6661,22.7016,22.2429,22.2712,22.3261,22.2734,22.2979,22.3542,22.4097,22.4640,22.5086,22.5716,22.6339,22.6379,22.6830,22.2283,22.2692,22.3084,22.3151,22.3481,22.3964,22.4970,22.5909,22.1031,22.1627,22.1986,22.2630,22.3202,22.3957,22.4705,22.7638,23.0065,23.0139,23.0125,23.0294,22.9711,22.9860,22.9770,22.9571,22.9504,22.9542,22.9584,22.7336,22.7160,22.7756,22.8292,22.8284,22.8184,22.8178,22.8084,22.8033,22.8098,22.8074,22.7971,22.6900,22.6954,22.7124,22.7209,22.7250,22.5034,22.5267,22.4194,22.4603,22.4986,22.5525,22.5960,22.6463,22.7094,22.7668,22.8007,22.8410,22.8753,22.9033,22.9382,22.9858,22.9485,23.0116,22.1518,22.2189,22.3046,22.3920,22.4918,22.2456,22.3215,22.4199,22.5144,22.6136,22.7111,22.7713,22.8329,22.8826,22.9471,23.0014,23.0442,23.1011,23.2044,23.1605,23.2236,23.2787,23.3068,23.3699,23.4291,23.4583,23.4909,23.5268,23.5566,23.5260,23.5521,23.5712,23.5884,23.6195,23.6257,23.6538,23.6714,23.7033,23.7296,23.7490,23.7684,23.7324,23.7481,23.7593,23.7678,23.7342,23.7298,23.7249,23.7331,23.7995,23.8221,23.7999,23.7606,23.7336,23.6888,23.6570,23.6291,23.4029,23.3772,23.3507,23.2544,23.2341,23.2189,23.1848,23.1702,23.1520,23.1416,23.1346,23.1325,22.4771,22.4821,22.4734,22.4773,22.4822,22.4809,22.4901,22.4942,22.4998,22.5085,22.5104,22.5180,22.5148,22.5236,22.5353,22.5458,22.5587,22.5719,22.5845,22.5979,22.6054,22.6020,22.6148,22.6278,22.6407,22.6533,22.6657,22.6778,22.6896,22.7010,22.7120,22.7225,22.7325,22.7420,22.7510,22.7594,22.7673,22.7746,22.7813,22.7874,22.7926,22.7969,22.8005,22.8034,22.8055,22.8070,22.8078,22.8079,22.8073,22.8060,22.8040,22.8013,22.7980,22.7939,22.7892,22.7838,22.7778,22.7712,22.7639,22.7560,22.7476,22.7385,22.7289,22.7187,22.7080,22.6967,22.6849,22.6726,22.6598,22.6464,22.6326,22.6182,22.6033,22.5880,22.5721,22.5557,22.5389,22.5215,22.5036,22.4853,22.4665,22.4471,22.4273,22.4070,22.3862,22.3649,22.3431,22.3208,22.2981,22.2748,22.2511,22.2269,22.2023,22.1772,22.1516,22.1257,22.0992,22.0724,22.0452,22.0176,21.9898,21.9621,21.9356,21.9148
45108.8750000,21.9150,21.9529,21.9801,22.0000,22.0263,22.1051,21.4681,21.5697,21.6317,21.6876,21.7510,21.8182,21.4932,21.5870,21.6632,21.7683,21.8491,21.9048,21.9786,22.0145,22.0460,22.0911,22.1127,22.1430,22.1694,21.7312,21.7807,21.8344,21.7966,21.8261,21.8867,21.9386,21.9806,22.0186,22.0782,22.1202,22.1069,22.1469,21.6854,21.7181,21.7485,21.7566,21.7856,21.8266,21.9383,22.0448,21.5773,21.6296,21.6592,21.7201,21.7751,21.8485,21.9208,22.2516,22.5415,22.5429,22.5353,22.5426,22.4801,22.4883,22.4772,22.4672,22.4717,22.4822,22.4937,22.2747,22.2860,22.3940,22.5135,22.5224,22.5162,22.5169,22.5110,22.5078,22.5312,22.5390,22.5117,22.3913,22.3801,22.3851,22.3757,22.3718,22.1435,22.1560,22.0400,22.0729,22.1095,22.1428,22.1711,22.2060,22.2435,22.2756,22.2977,22.3316,22.3554,22.3744,22.3999,22.4368,22.3898,22.4374,21.6519,21.6967,21.7578,21.8212,21.8971,21.6437,21.7016,21.7829,21.8672,21.9580,22.0508,22.1065,22.1637,22.2089,22.2669,22.3168,22.3573,22.4166,22.5384,22.5052,22.5790,22.6436,22.6818,22.7568,22.8273,22.8619,22.9033,22.9545,22.9974,22.9867,23.0302,23.0650,23.0915,23.1417,23.1657,23.2068,23.2366,23.2891,23.3374,23.3672,23.3975,23.3723,23.3961,23.4259,23.4514,23.4231,23.4243,23.4260,23.4477,23.5740,23.6560,23.6946,23.6586,23.6332,23.5889,23.5586,23.5358,23.3096,23.2826,23.2527,23.1464,23.1200,23.0983,23.0623,23.0468,23.0323,23.0292,23.0232,23.0198,22.3418,22.3389,22.3180,22.3100,22.3043,22.2940,22.2929,22.2856,22.2783,22.2746,22.2671,22.2675,22.2560,22.2552,22.2581,22.2608,22.2667,22.2737,22.2808,22.2895,22.2930,22.2865,22.2963,22.3067,22.3174,22.3284,22.3396,22.3509,22.3623,22.3737,22.3851,22.3964,22.4075,22.4185,22.4293,22.4398,22.4500,22.4599,22.4694,22.4785,22.4870,22.4948,22.5021,22.5088,22.5149,22.5206,22.5257,22.5302,22.5342,22.5376,22.5405,22.5428,22.5445,22.5456,22.5461,22.5461,22.5455,22.5442,22.5424,22.5400,22.5370,22.5333,22.5291,22.5243,22.5188,22.5128,22.5062,22.4990,22.4912,22.4829,22.4740,22.4646,22.4546,22.4441,22.4330,22.4215,22.4095,22.3970,22.3840,22.3705,22.3566,22.3422,22.3273,22.3121,22.2964,22.2802,22.2637,22.2467,22.2293,22.2115,22.1933,22.1746,22.1556,22.1362,22.1163,22.0961,22.0755,22.0545,22.0332,22.0114,21.9894,21.9674,21.9463,21.9296
45108.9166667,21.3180,21.3717,21.4109,21.4396,21.4697,21.5416,20.9208,21.0050,21.0572,21.1051,21.1596,21.2201,20.8314,20.9266,21.0078,21.1204,21.2125,21.2808,21.3697,21.4183,21.4616,21.5177,21.5490,21.5877,21.6204,21.2072,21.2596,21.3158,21.2863,21.3218,21.3891,21.4477,21.4943,21.5352,21.5939,21.6328,21.6157,21.6495,21.1828,21.2107,21.2344,21.2400,21.2634,21.2968,21.3904,21.4861,21.0326,21.0859,21.1184,21.1797,21.2356,21.3084,21.3838,21.7166,22.0293,22.0419,22.0443,22.0584,22.0039,22.0153,22.0062,21.9974,22.0019,22.0115,22.0223,21.7995,21.8114,21.9252,22.0721,22.0987,22.1084,22.1224,22.1284,22.1370,22.1751,22.1957,22.1748,22.0578,22.0477,22.0514,22.0409,22.0348,21.7961,21.8025,21.6812,21.7043,21.7324,21.7571,21.7777,21.8044,21.8317,21.8542,21.8670,21.8930,21.9107,21.9252,21.9441,21.9722,21.9176,21.9542,21.1792,21.2207,21.2750,21.3294,21.3935,21.1303,21.1782,21.2440,21.3124,21.3865,21.4633,21.5109,21.5603,21.6005,21.6524,21.6978,21.7340,21.7883,21.8957,21.8639,21.9341,21.9971,22.0391,22.1167,22.1913,22.2313,22.2770,22.3323,22.3808,22.3805,22.4325,22.4774,22.5149,22.5784,22.6183,22.6753,22.7192,22.7856,22.8496,22.8949,22.9407,22.9306,22.9683,23.0131,23.0529,23.0360,23.0493,23.0626,23.1008,23.2677,23.3968,23.4867,23.4653,23.4505,23.4178,23.3967,23.3829,23.1510,23.1296,23.1041,22.9952,22.9709,22.9506,22.9158,22.9005,22.8857,22.8816,22.8757,22.8730,22.1840,22.1809,22.1591,22.1498,22.1427,22.1305,22.1267,22.1159,22.1057,22.0987,22.0875,22.0839,22.0685,22.0628,22.0594,22.0553,22.0540,22.0534,22.0528,22.0537,22.0496,22.0358,22.0381,22.0415,22.0455,22.0502,22.0556,22.0616,22.0682,22.0754,22.0830,22.0911,22.0995,22.1082,22.1172,22.1263,22.1356,22.1450,22.1543,22.1636,22.1726,22.1813,22.1898,22.1981,22.2061,22.2138,22.2212,22.2283,22.2351,22.2415,22.2476,22.2533,22.2585,22.2634,22.2678,22.2717,22.2752,22.2782,22.2807,22.2828,22.2843,22.2853,22.2858,22.2857,22.2852,22.2841,22.2825,22.2803,22.2776,22.2744,22.2706,22.2663,22.2615,22.2561,22.2502,22.2438,22.2368,22.2294,22.2214,22.2128,22.2038,22.1943,22.1843,22.1738,22.1628,22.1513,22.1394,22.1270,22.1142,22.1010,22.0873,22.0732,22.0587,22.0438,22.0285,22.0128,21.9968,21.9803,21.9635,21.9464,21.9290,21.9115,21.8947,21.8813
45108.9583333,20.7700,20.8236,20.8646,20.8956,20.9282,21.0014,20.4077,20.4939,20.5478,20.5969,20.6506,20.7086,20.2372,20.3284,20.4065,20.5136,20.6031,20.6724,20.7643,20.8187,20.8694,20.9338,20.9743,21.0232,21.0659,20.6825,20.7460,20.8111,20.7940,20.8363,20.9088,20.9725,21.0233,21.0685,21.1311,21.1736,21.1619,21.1983,20.7356,20.7636,20.7868,20.7933,20.8154,20.8448,20.9268,21.0101,20.5609,20.6077,20.6373,20.6920,20.7435,20.8113,20.8845,21.2041,21.5168,21.5359,21.5453,21.5654,21.5199,21.5377,21.5362,21.5362,21.5488,21.5655,21.5826,21.3639,21.3793,21.4897,21.6323,21.6617,21.6760,21.6945,21.7064,21.7232,21.7739,21.8092,21.7985,21.6920,21.6907,21.7053,21.7015,21.7011,21.4631,21.4736,21.3592,21.3830,21.4101,21.4310,21.4469,21.4674,21.4869,21.5025,21.5098,21.5310,21.5448,21.5564,21.5714,21.5945,21.5368,21.5670,20.7820,20.8178,20.8645,20.9104,20.9653,20.6970,20.7382,20.7950,20.8542,20.9185,20.9846,21.0256,21.0679,21.1024,21.1469,21.1859,21.2157,21.2625,21.3531,21.3184,21.3801,21.4353,21.4733,21.5431,21.6123,21.6509,21.6952,21.7490,21.7975,21.8003,21.8541,21.9022,21.9439,22.0123,22.0600,22.1254,22.1780,22.2531,22.3274,22.3834,22.4405,22.4424,22.4914,22.5495,22.6027,22.5966,22.6222,22.6475,22.7028,22.9096,23.0766,23.2073,23.1980,23.1929,23.1719,23.1616,23.1606,22.9364,22.9254,22.9095,22.8043,22.7856,22.7699,22.7409,22.7321,22.7247,22.7287,22.7280,22.7284,22.0334,22.0307,22.0091,21.9997,21.9923,21.9798,21.9754,21.9642,21.9532,21.9454,21.9335,21.9290,21.9128,21.9061,21.9015,21.8961,21.8933,21.8911,21.8886,21.8874,21.8809,21.8646,21.8640,21.8641,21.8645,21.8653,21.8665,21.8680,21.8699,21.8721,21.8746,21.8774,21.8805,21.8840,21.8877,21.8917,21.8960,21.9005,21.9054,21.9104,21.9156,21.9207,21.9261,21.9316,21.9372,21.9430,21.9488,21.9547,21.9607,21.9666,21.9725,21.9783,21.9841,21.9897,21.9952,22.0005,22.0056,22.0105,22.0151,22.0194,22.0234,22.0271,22.0305,22.0336,22.0362,22.0385,22.0404,22.0419,22.0429,22.0436,22.0438,22.0435,22.0429,22.0417,22.0401,22.0381,22.0355,22.0325,22.0291,22.0251,22.0207,22.0158,22.0104,22.0046,21.9983,21.9915,21.9843,21.9765,21.9683,21.9597,21.9506,21.9411,21.9311,21.9207,21.9098,21.8985,21.8868,21.8747,21.8622,21.8493,21.8361,21.8227,21.8097,21.7992
