File Created:,Thu Apr  4 07:54:37 2024
Heat Source Version:,9.0.0b26
Simulation Name:,WFK23
User Text:,Westfork Kickapoo
Output:,Streambed Conduction Flux (watts/square meter)
""
Datetime,27.200,27.100,27.000,26.900,26.800,26.700,26.600,26.500,26.400,26.300,26.200,26.100,26.000,25.900,25.800,25.700,25.600,25.500,25.400,25.300,25.200,25.100,25.000,24.900,24.800,24.700,24.600,24.500,24.400,24.300,24.200,24.100,24.000,23.900,23.800,23.700,23.600,23.500,23.400,23.300,23.200,23.100,23.000,22.900,22.800,22.700,22.600,22.500,22.400,22.300,22.200,22.100,22.000,21.900,21.800,21.700,21.600,21.500,21.400,21.300,21.200,21.100,21.000,20.900,20.800,20.700,20.600,20.500,20.400,20.300,20.200,20.100,20.000,19.900,19.800,19.700,19.600,19.500,19.400,19.300,19.200,19.100,19.000,18.900,18.800,18.700,18.600,18.500,18.400,18.300,18.200,18.100,18.000,17.900,17.800,17.700,17.600,17.500,17.400,17.300,17.200,17.100,17.000,16.900,16.800,16.700,16.600,16.500,16.400,16.300,16.200,16.100,16.000,15.900,15.800,15.700,15.600,15.500,15.400,15.300,15.200,15.100,15.000,14.900,14.800,14.700,14.600,14.500,14.400,14.300,14.200,14.100,14.000,13.900,13.800,13.700,13.600,13.500,13.400,13.300,13.200,13.100,13.000,12.900,12.800,12.700,12.600,12.500,12.400,12.300,12.200,12.100,12.000,11.900,11.800,11.700,11.600,11.500,11.400,11.300,11.200,11.100,11.000,10.900,10.800,10.700,10.600,10.500,10.400,10.300,10.200,10.100,10.000,9.900,9.800,9.700,9.600,9.500,9.400,9.300,9.200,9.100,9.000,8.900,8.800,8.700,8.600,8.500,8.400,8.300,8.200,8.100,8.000,7.900,7.800,7.700,7.600,7.500,7.400,7.300,7.200,7.100,7.000,6.900,6.800,6.700,6.600,6.500,6.400,6.300,6.200,6.100,6.000,5.900,5.800,5.700,5.600,5.500,5.400,5.300,5.200,5.100,5.000,4.900,4.800,4.700,4.600,4.500,4.400,4.300,4.200,4.100,4.000,3.900,3.800,3.700,3.600,3.500,3.400,3.300,3.200,3.100,3.000,2.900,2.800,2.700,2.600,2.500,2.400,2.300,2.200,2.100,2.000,1.900,1.800,1.700,1.600,1.500,1.400,1.300,1.200,1.100,1.000,0.900,0.800,0.700,0.600,0.500,0.400,0.300,0.200,0.100,0.000
45108.0000000,0.0000,0.0000,0.0000,0.0000,0.0000,0.0000,0.0000,0.0000,0.0000,0.0000,0.0000,0.0000,0.0000,0.0000,0.0000,0.0000,0.0000,0.0000,0.0000,0.0000,0.0000,0.0000,0.0000,0.0000,0.0000,0.0000,0.0000,0.0000,0.0000,0.0000,0.0000,0.0000,0.0000,0.0000,0.0000,0.0000,0.0000,0.0000,0.0000,0.0000,0.0000,0.0000,0.0000,0.0000,0.0000,0.0000,0.0000,0.0000,0.0000,0.0000,0.0000,0.0000,0.0000,0.0000,0.0000,0.0000,0.0000,0.0000,0.0000,0.0000,0.0000,0.0000,0.0000,0.0000,0.0000,0.0000,0.0000,0.0000,0.0000,0.0000,0.0000,0.0000,0.0000,0.0000,0.0000,0.0000,0.0000,0.0000,0.0000,0.0000,0.0000,0.0000,0.0000,0.0000,0.0000,0.0000,0.0000,0.0000,0.0000,0.0000,0.0000,0.0000,0.0000,0.0000,0.0000,0.0000,0.0000,0.0000,0.0000,0.0000,0.0000,0.0000,0.0000,0.0000,0.0000,0.0000,0.0000,0.0000,0.0000,0.0000,0.0000,0.0000,0.0000,0.0000,0.0000,0.0000,0.0000,0.0000,0.0000,0.0000,0.0000,0.0000,0.0000,0.0000,0.0000,0.0000,0.0000,0.0000,0.0000,0.0000,0.0000,0.0000,0.0000,0.0000,0.0000,0.0000,0.0000,0.0000,0.0000,0.0000,0.0000,0.0000,0.0000,0.0000,0.0000,0.0000,0.0000,0.0000,0.0000,0.0000,0.0000,0.0000,0.0000,0.0000,0.0000,0.0000,0.0000,0.0000,0.0000,0.0000,0.0000,0.0000,0.0000,0.0000,0.0000,0.0000,0.0000,0.0000,0.0000,0.0000,0.0000,0.0000,0.0000,0.0000,0.0000,0.0000,0.0000,0.0000,0.0000,0.0000,0.0000,0.0000,0.0000,0.0000,0.0000,0.0000,0.0000,0.0000,0.0000,0.0000,0.0000,0.0000,0.0000,0.0000,0.0000,0.0000,0.0000,0.0000,0.0000,0.0000,0.0000,0.0000,0.0000,0.0000,0.0000,0.0000,0.0000,0.0000,0.0000,0.0000,0.0000,0.0000,0.0000,0.0000,0.0000,0.0000,0.0000,0.0000,0.0000,0.0000,0.0000,0.0000,0.0000,0.0000,0.0000,0.0000,0.0000,0.0000,0.0000,0.0000,0.0000,0.0000,0.0000,0.0000,0.0000,0.0000,0.0000,0.0000,0.0000,0.0000,0.0000,0.0000,0.0000,0.0000,0.0000,0.0000,0.0000,0.0000,0.0000,0.0000,0.0000,0.0000,0.0000,0.0000,0.0000,0.0000,0.0000,0.0000,0.0000,0.0000,0.0000,0.0000,0.0000,0.0000,0.0000,0.0000,0.0000,0.0000,0.0000,0.0000,0.0000,0.0000,0.0000
45108.0416667,2.6382,2.5528,2.4941,2.6122,2.6211,2.3940,6.8482,6.4848,6.1543,5.8072,5.2339,4.5356,10.5263,9.5960,8.6921,7.2467,5.8549,4.7865,3.6168,3.0939,2.7446,2.4267,2.3485,2.3372,2.3970,5.3372,5.2424,4.9702,5.0062,4.5120,3.7214,3.0486,2.6408,2.3751,2.0810,2.0469,2.4398,2.3866,6.0774,6.0693,5.9781,5.8718,5.6606,5.3032,4.2160,3.1922,6.3363,5.8841,5.5819,5.0619,4.5319,3.8280,3.3671,1.5910,0.8153,0.9509,1.1822,1.3364,1.9246,2.1226,2.4141,2.6638,2.7617,2.7896,2.7752,4.3906,4.2826,3.3647,2.2566,2.0633,1.9768,1.8829,1.8545,1.8922,1.7592,1.7546,1.9564,2.8158,2.9378,2.9448,3.0385,3.0383,4.6243,4.6159,5.2627,4.8453,4.2956,3.7975,3.3249,2.8905,2.5681,2.3975,2.3175,2.1507,2.1273,2.1214,2.1047,2.0836,2.6405,2.6019,7.4659,7.3558,7.0321,6.5444,5.7984,7.2635,6.6611,5.7164,4.7579,3.8918,3.1143,2.6963,2.3276,2.0978,1.8925,1.7550,1.7411,1.6766,1.4892,1.9903,1.9803,1.9936,2.1180,2.1141,2.0217,2.0227,1.9157,1.7872,1.7473,2.0295,1.9675,1.9343,1.9457,1.8621,1.9162,1.8600,1.8040,1.6128,1.4643,1.4000,1.3206,1.5204,1.5178,1.4436,1.3665,1.5636,1.5901,1.5814,1.5095,0.9402,0.5885,0.4374,0.5933,0.6864,0.9114,1.0328,1.1103,2.2739,2.3464,2.3992,2.7987,2.8047,2.8057,2.8224,2.7048,2.4794,2.0767,1.7141,1.4043,4.8217,4.6532,4.5464,4.2674,3.9934,3.7599,3.5363,3.3588,3.2531,3.1084,2.9425,2.7477,2.7255,2.6478,2.5144,2.3960,2.2813,2.1810,2.0990,2.0245,1.9938,2.0312,1.9833,1.9371,1.8932,1.8507,1.8092,1.7685,1.7286,1.6895,1.6515,1.6146,1.5790,1.5450,1.5128,1.4826,1.4546,1.4288,1.4053,1.3842,1.3653,1.3484,1.3334,1.3200,1.3080,1.2972,1.2875,1.2786,1.2704,1.2628,1.2557,1.2491,1.2428,1.2369,1.2314,1.2261,1.2210,1.2162,1.2116,1.2072,1.2031,1.1991,1.1952,1.1915,1.1880,1.1846,1.1814,1.1782,1.1752,1.1723,1.1695,1.1668,1.1642,1.1617,1.1592,1.1569,1.1546,1.1524,1.1503,1.1482,1.1462,1.1442,1.1423,1.1405,1.1387,1.1370,1.1353,1.1337,1.1321,1.1305,1.1290,1.1275,1.1261,1.1247,1.1233,1.1220,1.1207,1.1194,1.1182,1.1170,1.1158,1.1149,1.1144,1.1152
45108.0833333,5.0419,4.9479,4.8385,4.9714,4.8834,4.5571,8.3966,8.1989,7.9979,8.0249,7.9220,7.6948,13.6576,13.3306,12.9211,12.2895,11.6284,11.0235,10.0804,9.4197,8.7659,7.9630,7.3013,6.7215,6.2181,8.1426,7.7232,7.4227,7.5295,7.2987,6.9864,6.6151,6.2189,5.8328,5.3075,5.0202,5.0739,4.7464,7.8274,7.8534,7.7785,7.6338,7.6333,7.7049,7.3410,6.8464,9.6783,9.2712,8.9152,8.5280,8.0842,7.6122,7.1444,4.9875,3.1472,3.0305,3.0141,2.9199,3.2200,3.2681,3.3929,3.5661,3.6419,3.6843,3.7819,5.4602,5.7440,5.3296,4.7034,4.7036,4.6167,4.3897,4.2590,4.2406,3.9404,3.7677,3.8663,4.5525,4.6239,4.5932,4.6568,4.5423,5.9104,6.2101,7.0386,6.9299,6.7182,6.5663,6.3177,6.1076,5.9561,5.7607,5.4669,4.9627,4.7988,4.6435,4.4645,4.3580,4.8010,4.7224,8.5192,8.5762,8.5050,8.4454,8.1835,9.8709,9.9471,9.5505,8.8360,8.2722,7.6952,7.2929,6.8680,6.5774,6.3835,6.0097,5.6493,5.2147,4.2662,4.3135,4.0595,3.8037,3.8569,3.7631,3.5981,3.5011,3.2473,3.0673,3.1333,3.4235,3.3909,3.4038,3.4508,3.3849,3.4459,3.4341,3.3162,3.0441,2.9293,2.8797,2.7685,2.7864,2.8086,2.7078,2.5227,2.7162,2.7370,2.6712,2.6158,2.0494,1.5504,1.2152,1.2756,1.2760,1.4376,1.5249,1.5661,2.6345,2.8082,2.9830,3.3794,3.4174,3.5033,3.5760,3.6562,3.6524,3.5936,3.4543,3.2295,5.9592,6.0350,6.2237,6.0861,5.7330,5.4515,5.4070,5.4750,5.5463,5.5133,5.2750,5.0160,5.1542,5.2156,5.1656,5.0823,4.9828,4.8753,4.7641,4.6433,4.5426,4.4832,4.3529,4.2196,4.0859,3.9535,3.8238,3.6981,3.5776,3.4633,3.3557,3.2552,3.1619,3.0756,2.9962,2.9230,2.8556,2.7933,2.7356,2.6819,2.6317,2.5846,2.5402,2.4982,2.4585,2.4208,2.3851,2.3513,2.3194,2.2893,2.2611,2.2347,2.2101,2.1872,2.1660,2.1464,2.1283,2.1116,2.0962,2.0820,2.0690,2.0569,2.0457,2.0352,2.0255,2.0165,2.0079,1.9999,1.9924,1.9852,1.9784,1.9719,1.9657,1.9598,1.9542,1.9488,1.9436,1.9386,1.9338,1.9292,1.9247,1.9205,1.9163,1.9123,1.9085,1.9047,1.9011,1.8976,1.8942,1.8910,1.8878,1.8847,1.8817,1.8788,1.8760,1.8732,1.8705,1.8679,1.8654,1.8629,1.8606,1.8584,1.8567,1.8561
45108.1250000,6.9884,6.9648,6.8554,7.1103,6.9493,6.5158,9.8023,9.6014,9.3165,9.4205,9.3215,9.0642,14.8320,14.7335,14.5494,14.3601,14.1838,14.0567,13.7524,13.4481,13.1033,12.6232,12.0598,11.7507,11.3186,12.4392,11.9678,11.4667,11.0138,10.3852,9.8631,9.3619,8.8749,8.4733,8.0075,7.8546,7.9058,7.4804,9.9717,10.0191,9.8220,9.4626,9.4047,9.5174,9.1216,8.6998,11.2837,10.9534,10.5893,10.4250,10.1087,9.9110,9.6522,8.1299,6.2120,5.9852,5.8474,5.5636,5.6217,5.5754,5.5255,5.5741,5.5108,5.3894,5.3558,6.7160,6.8165,6.2637,5.8171,6.1046,6.1384,5.8682,5.7576,5.9072,5.7990,5.8157,5.9502,6.5292,6.5581,6.4602,6.4388,6.1032,7.1582,7.5995,8.3364,8.2055,7.9941,7.8946,7.6481,7.5998,7.8040,7.8877,7.6417,6.9057,6.7958,6.6252,6.4350,6.4616,7.0814,7.1331,9.8224,9.9493,9.8843,9.8301,9.4832,10.8366,11.1829,10.8632,10.0299,9.6049,9.2805,9.0411,8.7971,8.7497,9.1881,9.1010,8.9614,8.7358,7.7322,7.7025,7.6015,7.2520,7.2876,6.9233,6.3855,5.9262,5.2651,4.7993,4.8213,4.9458,4.7916,4.7567,4.7912,4.6790,4.7222,4.7603,4.5563,4.1646,4.1050,4.1108,4.0003,3.8420,3.9668,3.8979,3.6139,3.8574,3.8971,3.7628,3.7242,3.1101,2.5382,2.1766,2.1740,2.0898,2.2306,2.2941,2.2654,3.1303,3.3081,3.4873,3.7669,3.7523,3.8405,3.8668,3.9964,4.0441,4.1434,4.1530,3.9834,6.2179,6.5280,6.9826,6.9279,6.4278,6.0249,6.0690,6.2936,6.4970,6.5229,6.1357,5.7456,6.0341,6.2385,6.2728,6.2452,6.2065,6.1628,6.1171,6.0646,6.0267,6.0181,5.9557,5.8880,5.8160,5.7396,5.6590,5.5740,5.4849,5.3918,5.2950,5.1946,5.0913,4.9853,4.8773,4.7679,4.6578,4.5476,4.4381,4.3300,4.2240,4.1207,4.0206,3.9242,3.8320,3.7441,3.6607,3.5820,3.5079,3.4383,3.3731,3.3120,3.2549,3.2015,3.1515,3.1047,3.0608,3.0196,2.9810,2.9446,2.9105,2.8783,2.8481,2.8197,2.7930,2.7680,2.7444,2.7224,2.7018,2.6825,2.6645,2.6477,2.6320,2.6174,2.6037,2.5910,2.5791,2.5679,2.5575,2.5476,2.5384,2.5297,2.5215,2.5137,2.5063,2.4993,2.4926,2.4862,2.4801,2.4743,2.4687,2.4633,2.4581,2.4531,2.4483,2.4437,2.4392,2.4348,2.4307,2.4266,2.4227,2.4190,2.4159,2.4142
45108.1666667,9.1021,9.0569,8.8677,9.2024,8.8966,8.2755,11.0613,10.8465,10.4694,10.6476,10.5339,10.2021,15.6229,15.5965,15.4583,15.3982,15.3790,15.4517,15.4632,15.3461,15.1990,14.9717,14.4874,14.5929,14.4452,15.0454,15.0495,14.9600,14.5431,13.9051,13.4668,12.8606,12.1191,11.4867,10.7985,10.5836,10.4949,9.8833,11.7967,11.9202,11.6684,11.1342,11.0878,11.2929,10.8703,10.3846,12.5264,12.1007,11.6061,11.4606,11.1130,11.0337,10.9758,10.3016,8.8984,8.6585,8.5097,8.1015,8.0039,7.9997,7.8885,7.9561,7.8743,7.6783,7.5914,8.6541,8.5459,7.6437,6.9127,7.3029,7.3007,6.8374,6.6484,6.8953,6.8825,7.0997,7.3236,7.8711,7.9512,7.9209,7.8945,7.3850,8.2193,8.9012,9.6233,9.4814,9.2283,9.0872,8.7060,8.6474,9.0120,9.2174,8.8695,7.7774,7.6659,7.4476,7.2242,7.3877,8.2737,8.5502,10.5515,10.8299,10.8780,10.9323,10.5668,11.6256,12.1775,11.8075,10.6843,10.1588,9.7918,9.5117,9.2385,9.2602,10.1304,10.1896,10.1729,10.1391,9.1312,9.1909,9.5630,9.4999,10.0170,9.9928,9.5047,8.8784,7.8795,7.2467,7.3998,7.4737,7.2142,7.1060,7.0580,6.7418,6.5849,6.4949,6.0355,5.3623,5.2548,5.2517,5.0875,4.7061,4.9316,4.8947,4.5001,4.8227,4.9061,4.7129,4.7309,4.1311,3.5044,3.1805,3.1171,2.9366,3.0881,3.1490,3.0669,3.7820,3.9798,4.1723,4.3346,4.2587,4.3324,4.2907,4.4257,4.4503,4.5763,4.5908,4.3448,6.1200,6.5472,7.1750,7.1426,6.4794,5.9503,6.0482,6.3914,6.7045,6.7756,6.2462,5.7382,6.1517,6.4781,6.5797,6.5915,6.5948,6.5938,6.5906,6.5817,6.5825,6.6038,6.5855,6.5626,6.5360,6.5057,6.4718,6.4343,6.3934,6.3491,6.3015,6.2507,6.1968,6.1398,6.0797,6.0167,5.9507,5.8819,5.8102,5.7358,5.6588,5.5793,5.4975,5.4134,5.3275,5.2398,5.1507,5.0606,4.9697,4.8785,4.7874,4.6966,4.6068,4.5181,4.4311,4.3461,4.2633,4.1831,4.1058,4.0314,3.9601,3.8921,3.8273,3.7659,3.7077,3.6527,3.6007,3.5518,3.5058,3.4624,3.4217,3.3834,3.3474,3.3136,3.2818,3.2519,3.2238,3.1975,3.1726,3.1493,3.1274,3.1069,3.0876,3.0694,3.0524,3.0364,3.0214,3.0073,2.9941,2.9817,2.9700,2.9591,2.9487,2.9390,2.9298,2.9211,2.9129,2.9051,2.8977,2.8907,2.8841,2.8778,2.8724,2.8687
45108.2083333,10.0510,10.2160,10.1179,10.7365,10.4071,9.7332,12.1481,11.9828,11.5315,11.7891,11.6500,11.2247,16.3012,16.2997,16.1656,16.1579,16.2016,16.3701,16.5221,16.4688,16.3922,16.2544,15.7003,16.0670,16.0698,16.1426,16.5158,16.8432,16.5691,16.0935,16.0812,15.7848,15.0874,14.4431,13.7301,13.5814,13.3811,12.5236,13.8031,13.9462,13.5578,12.7841,12.6965,12.9597,12.4538,11.8880,13.6344,13.1130,12.4845,12.3299,11.9110,11.8652,11.9197,11.7621,10.8566,10.6222,10.4933,9.9652,9.7401,9.8390,9.7189,9.8888,9.8677,9.6687,9.6233,10.5180,10.3663,9.2612,8.3266,8.8424,8.7846,8.0809,7.7736,8.0617,8.0051,8.2623,8.4996,8.9453,9.0131,8.9620,8.8931,8.1712,8.7978,9.7287,10.4808,10.3738,10.1342,10.0118,9.5445,9.5120,10.0504,10.3610,9.8649,8.3767,8.2297,7.9387,7.6453,7.8817,8.9613,9.3863,10.8237,11.2152,11.3446,11.4940,11.1182,11.9569,12.7361,12.3571,10.9983,10.4087,10.0135,9.6966,9.3852,9.4443,10.6473,10.7788,10.7897,10.8198,9.5530,9.5853,10.2547,10.3409,11.3255,11.6859,11.3284,10.5973,9.2908,8.5886,9.0663,9.3518,9.2220,9.2832,9.3727,9.1042,8.9519,8.8780,8.1789,7.1851,6.9947,6.9226,6.6105,5.9008,6.1480,6.0461,5.4393,5.8114,5.8941,5.5991,5.6502,5.0386,4.3762,4.1464,4.0280,3.7432,3.9295,4.0026,3.8728,4.4582,4.6931,4.9145,4.9599,4.8274,4.8911,4.7858,4.9277,4.9250,5.0615,5.0524,4.6993,6.0357,6.5195,7.2524,7.1984,6.3718,5.7200,5.8302,6.2358,6.6183,6.7075,6.0463,5.4361,5.9265,6.3327,6.4691,6.4946,6.5147,6.5324,6.5493,6.5627,6.5835,6.6194,6.6278,6.6334,6.6364,6.6370,6.6351,6.6306,6.6235,6.6138,6.6015,6.5865,6.5688,6.5485,6.5255,6.4998,6.4715,6.4405,6.4069,6.3708,6.3321,6.2908,6.2472,6.2011,6.1526,6.1018,6.0487,5.9933,5.9358,5.8762,5.8145,5.7508,5.6853,5.6180,5.5490,5.4785,5.4066,5.3335,5.2593,5.1843,5.1086,5.0325,4.9562,4.8801,4.8042,4.7289,4.6545,4.5811,4.5091,4.4386,4.3698,4.3029,4.2381,4.1755,4.1151,4.0572,4.0017,3.9486,3.8980,3.8499,3.8042,3.7609,3.7198,3.6810,3.6444,3.6098,3.5772,3.5464,3.5175,3.4902,3.4645,3.4403,3.4176,3.3961,3.3760,3.3570,3.3392,3.3224,3.3066,3.2917,3.2778,3.2648,3.2534,3.2451
45108.2500000,10.6980,10.8195,10.6586,11.3585,10.8883,10.1377,12.2997,12.2517,11.7558,12.1268,12.0326,11.5986,16.3977,16.5080,16.4210,16.5076,16.6136,16.8358,17.1206,17.0645,17.0052,16.9133,16.2200,16.7374,16.7527,16.2982,16.9885,17.5693,17.3391,16.9332,17.2966,17.3131,16.6764,16.1035,15.5433,15.6136,15.4714,14.5264,15.2563,15.5091,15.0524,14.0846,13.9894,14.3105,13.8014,13.1799,14.5080,13.8315,13.0253,12.8531,12.3635,12.3534,12.4599,12.7866,12.2414,11.9059,11.7059,10.9599,10.5502,10.7085,10.5584,10.8739,10.9598,10.7770,10.8017,11.5818,11.5237,10.4113,9.5198,10.2094,10.1031,9.1437,8.7173,9.0511,9.0355,9.3735,9.5408,9.8116,9.7849,9.6579,9.4582,8.4844,8.9112,10.0325,10.7744,10.6832,10.4759,10.3229,9.7658,9.7740,10.4791,10.8830,10.2778,8.4465,8.2657,7.8988,7.5429,7.8464,9.1117,9.6782,10.6012,11.0751,11.2692,11.4923,11.0844,11.7259,12.6683,12.2644,10.7113,10.0890,9.7039,9.3635,9.0280,9.1132,10.5882,10.7787,10.8137,10.9088,9.4752,9.4711,10.3666,10.5228,11.8569,12.4593,12.1068,11.1665,9.5016,8.7067,9.4566,9.9364,9.9328,10.1871,10.4540,10.3527,10.3795,10.5324,9.7423,8.6161,8.5807,8.5919,8.2444,7.2515,7.5947,7.4934,6.6731,7.0787,7.1161,6.6610,6.6792,5.9485,5.1620,5.0015,4.7745,4.3366,4.5286,4.5949,4.4114,4.9114,5.1690,5.4013,5.3085,5.0949,5.1288,4.9624,5.1297,5.1432,5.3566,5.3559,4.9165,5.8589,6.3785,7.1743,7.0752,6.0876,5.3249,5.4222,5.8463,6.2423,6.3093,5.5286,4.8417,5.3638,5.8048,5.9541,5.9818,6.0089,6.0368,6.0658,6.0937,6.1277,6.1728,6.1990,6.2235,6.2462,6.2671,6.2862,6.3034,6.3187,6.3320,6.3434,6.3528,6.3603,6.3658,6.3693,6.3709,6.3705,6.3680,6.3636,6.3571,6.3486,6.3380,6.3254,6.3107,6.2938,6.2749,6.2539,6.2308,6.2056,6.1783,6.1489,6.1175,6.0841,6.0486,6.0112,5.9719,5.9306,5.8875,5.8425,5.7958,5.7473,5.6972,5.6454,5.5921,5.5374,5.4813,5.4238,5.3652,5.3055,5.2448,5.1832,5.1210,5.0581,4.9949,4.9313,4.8677,4.8042,4.7409,4.6780,4.6156,4.5541,4.4934,4.4338,4.3755,4.3185,4.2629,4.2090,4.1567,4.1061,4.0574,4.0105,3.9655,3.9224,3.8813,3.8420,3.8045,3.7689,3.7352,3.7031,3.6728,3.6442,3.6175,3.5935,3.5756
45108.2916667,10.7511,10.8553,10.5817,11.2995,10.5785,9.5744,11.4503,11.3885,10.8033,11.1921,11.0429,10.5411,15.0775,15.3000,15.2981,15.5365,15.7670,16.0981,16.5333,16.5243,16.4802,16.4216,15.6075,16.2325,16.2302,15.2954,16.1760,16.9762,16.7191,16.3523,16.9917,17.2332,16.6134,16.0508,15.5783,15.8573,15.7475,14.6825,15.0700,15.4226,14.9441,13.7931,13.7533,14.2235,13.7895,13.2539,14.4061,13.6523,12.7102,12.5219,11.9749,12.0001,12.2126,13.0519,12.9329,12.5389,12.2267,11.2279,10.5628,10.6704,10.3959,10.7062,10.7982,10.5812,10.6130,11.3084,11.2922,10.2337,9.5987,10.5860,10.4876,9.3213,8.7886,9.1872,9.1682,9.6044,9.7444,9.8036,9.6697,9.3700,9.0258,7.7704,7.9791,9.2328,9.9416,9.8278,9.6215,9.4941,8.8524,8.8900,9.7341,10.2039,9.4581,7.3449,7.1613,6.7439,6.3412,6.6676,8.0516,8.7099,9.4322,9.9283,10.1499,10.4151,9.9801,10.4680,11.5506,11.1034,9.3965,8.7660,8.4082,8.0890,7.7593,7.8810,9.5465,9.7768,9.8217,9.9570,8.3925,8.4213,9.4892,9.7279,11.3472,12.1419,11.7515,10.6085,8.6158,7.7101,8.6485,9.2571,9.3188,9.7117,10.1329,10.1122,10.2748,10.6341,9.7629,8.5181,8.7126,8.9438,8.6797,7.5268,8.1074,8.1294,7.2451,7.8060,7.8994,7.3464,7.4147,6.6599,5.7869,5.6839,5.3813,4.7694,4.9279,4.9307,4.6226,4.8951,5.1573,5.3486,5.0727,4.7720,4.7627,4.4777,4.6235,4.6043,4.8587,4.8985,4.4186,5.0965,5.6581,6.5155,6.3763,5.2927,4.4479,4.5157,4.9224,5.3219,5.3459,4.4620,3.7137,4.2186,4.6507,4.7593,4.7527,4.7508,4.7554,4.7667,4.7830,4.8095,4.8497,4.8811,4.9157,4.9533,4.9932,5.0348,5.0776,5.1210,5.1646,5.2079,5.2505,5.2920,5.3321,5.3705,5.4070,5.4415,5.4738,5.5038,5.5314,5.5567,5.5796,5.6001,5.6182,5.6339,5.6474,5.6585,5.6674,5.6741,5.6786,5.6810,5.6812,5.6794,5.6755,5.6695,5.6616,5.6516,5.6397,5.6258,5.6100,5.5923,5.5727,5.5513,5.5280,5.5030,5.4761,5.4476,5.4173,5.3854,5.3518,5.3167,5.2801,5.2419,5.2023,5.1614,5.1191,5.0756,5.0309,4.9851,4.9382,4.8904,4.8417,4.7923,4.7422,4.6915,4.6404,4.5889,4.5372,4.4855,4.4337,4.3821,4.3307,4.2797,4.2293,4.1795,4.1304,4.0822,4.0349,3.9887,3.9437,3.9000,3.8582,3.8197,3.7902
45108.3333333,9.3343,9.6516,9.4208,10.3816,9.5709,8.4799,10.1192,10.0390,9.3532,9.7110,9.4575,8.7785,12.5798,12.8455,13.0100,13.3957,13.7308,14.1407,14.6713,14.7838,14.8311,14.8844,14.0661,14.7466,14.8018,13.4520,14.5152,15.5050,15.2142,14.8518,15.6423,15.9902,15.3129,14.7808,14.4080,14.9006,14.7753,13.5042,13.6759,14.0985,13.6600,12.3722,12.4308,13.0284,12.5267,12.1104,13.2220,12.4133,11.3725,11.1698,10.6763,10.8469,11.2652,12.5606,12.8650,12.4692,11.9876,10.8464,10.0002,10.0938,9.6892,9.9355,10.0613,9.8618,9.8556,10.4308,10.2956,9.1087,8.6122,9.9308,9.8592,8.5553,7.9212,8.4575,8.4100,8.9632,9.1893,9.0408,8.8313,8.3319,7.9253,6.3676,6.3748,7.8103,8.5426,8.4218,8.1514,8.0043,7.1915,7.2108,8.1652,8.6645,7.7984,5.5496,5.4232,4.9164,4.5242,4.8273,6.2363,6.8951,7.5176,7.9572,8.2260,8.5460,8.1075,8.4527,9.6191,9.1467,7.3227,6.6795,6.3453,6.0973,5.7954,5.9251,7.7081,7.9582,8.0399,8.1795,6.5884,6.7225,7.8675,8.1692,9.9933,10.9688,10.4972,9.2417,6.9856,5.9694,7.0548,7.7877,7.9172,8.3721,8.9124,8.9284,9.1433,9.6338,8.6823,7.3380,7.7163,8.1556,7.9549,6.6558,7.4492,7.5975,6.7355,7.5207,7.7444,7.1778,7.4288,6.8702,6.0997,6.1538,5.8805,5.0821,5.2402,5.1771,4.7464,4.7880,5.1087,5.2591,4.7646,4.3938,4.3800,3.9284,3.9909,3.8663,4.0027,3.9977,3.4373,3.8572,4.4063,5.3266,5.1356,4.0267,3.1441,3.2247,3.5808,3.9819,4.0002,3.0345,2.2354,2.7410,3.2071,3.2775,3.2702,3.2719,3.2810,3.2945,3.3107,3.3343,3.3681,3.3944,3.4231,3.4541,3.4874,3.5228,3.5604,3.5998,3.6411,3.6842,3.7287,3.7747,3.8219,3.8701,3.9192,3.9689,4.0190,4.0692,4.1194,4.1693,4.2186,4.2671,4.3145,4.3608,4.4056,4.4488,4.4902,4.5297,4.5671,4.6024,4.6355,4.6664,4.6949,4.7211,4.7450,4.7665,4.7857,4.8027,4.8173,4.8298,4.8400,4.8481,4.8541,4.8580,4.8599,4.8598,4.8578,4.8539,4.8481,4.8404,4.8310,4.8198,4.8069,4.7923,4.7761,4.7582,4.7388,4.7178,4.6953,4.6713,4.6460,4.6192,4.5911,4.5617,4.5310,4.4991,4.4661,4.4320,4.3969,4.3608,4.3238,4.2859,4.2473,4.2079,4.1679,4.1274,4.0865,4.0451,4.0035,3.9619,3.9208,3.8818,3.8511
45108.3750000,6.9914,7.4313,7.1186,8.2355,7.3132,6.1347,7.6505,7.6876,7.0395,7.2970,7.0727,6.2714,8.6443,8.9544,9.0862,9.6222,10.1247,10.6917,11.3127,11.5727,11.6040,11.7924,11.1616,11.9857,11.9029,10.3675,11.3450,12.7111,12.3090,12.0862,13.0725,13.4997,12.7330,12.1404,11.8834,12.4556,12.3214,10.8081,10.9738,11.1698,10.8169,9.2140,9.4646,10.3718,9.7090,9.4314,10.6853,9.9733,8.8701,8.6032,7.9687,8.0549,8.7462,10.4676,11.6459,11.5382,10.8793,9.5332,8.4676,8.4229,7.9306,7.9654,8.1400,8.1362,8.0823,8.7520,8.3962,7.0612,6.5699,8.2589,8.1964,6.8696,5.9662,6.6641,6.4370,7.1236,7.4550,6.9234,6.9675,6.0351,5.6636,3.8609,3.5513,5.1446,5.9939,5.9331,5.6947,5.7958,4.8019,4.5547,5.4738,6.0707,5.0409,2.8343,2.9310,2.4246,1.9577,2.1568,3.4919,3.9893,4.7524,4.9271,5.1950,5.5136,5.2223,5.4666,6.7971,6.1804,4.2895,3.6789,3.3798,3.1434,2.9927,3.1917,4.9053,5.1040,5.2319,5.3068,3.5264,3.9682,5.0961,5.6135,7.4922,8.6098,8.1814,6.9032,4.4981,3.4034,4.4738,5.1332,5.2923,5.8203,6.4343,6.5343,6.9246,7.4915,6.3967,4.9058,5.4735,6.2115,6.0926,4.7320,5.5787,5.7388,4.9321,5.8716,6.2621,5.6291,6.1172,5.8086,5.4240,5.8862,5.8428,4.9420,5.0791,4.9373,4.4738,4.1366,4.6170,4.7148,3.9551,3.5128,3.6513,2.9562,2.8865,2.7221,2.6750,2.6539,2.0383,2.2303,2.6975,3.6593,3.3700,2.3801,1.3709,1.4784,1.7302,2.2030,2.1333,1.1030,0.2847,0.5706,1.0359,0.9845,0.8210,0.7212,0.7917,0.8619,0.9466,1.0454,1.1514,1.2459,1.3381,1.4274,1.5138,1.5973,1.6779,1.7559,1.8313,1.9043,1.9750,2.0437,2.1106,2.1759,2.2397,2.3023,2.3638,2.4243,2.4840,2.5430,2.6014,2.6592,2.7165,2.7732,2.8295,2.8852,2.9405,2.9951,3.0491,3.1023,3.1548,3.2064,3.2570,3.3064,3.3547,3.4017,3.4472,3.4912,3.5335,3.5741,3.6129,3.6498,3.6848,3.7178,3.7487,3.7776,3.8043,3.8290,3.8515,3.8720,3.8903,3.9066,3.9209,3.9331,3.9433,3.9516,3.9580,3.9625,3.9652,3.9662,3.9653,3.9628,3.9586,3.9528,3.9454,3.9364,3.9260,3.9140,3.9007,3.8860,3.8699,3.8525,3.8338,3.8140,3.7929,3.7707,3.7474,3.7230,3.6977,3.6715,3.6448,3.6187,3.5972
45108.4166667,3.0616,3.8879,3.6907,5.0135,4.0099,2.7319,4.1085,4.2785,3.7089,3.6633,3.5097,2.5683,3.2859,3.5476,3.8190,4.3655,4.9397,5.5991,5.8673,6.2459,6.5234,6.7356,6.5910,7.6549,7.3031,5.6044,6.2668,8.3003,7.6967,7.6566,9.0011,9.5256,8.7878,7.3988,7.5335,8.6947,8.4611,6.5779,6.9970,6.3774,6.1552,4.0666,4.7021,6.2324,5.2890,5.1146,6.6948,6.0548,4.7056,4.4760,3.9443,4.0260,5.1789,6.7270,8.8219,9.3498,8.4910,7.0013,5.7731,5.6486,5.0237,4.6175,4.6588,4.7595,4.6058,5.7419,5.1270,3.7200,3.3549,5.3575,5.3444,4.1747,3.2358,3.9681,3.2351,3.9967,4.6770,3.4131,4.0035,2.3187,2.0899,0.0373,-0.8592,0.9204,1.8315,1.6115,1.6298,2.3712,1.2542,0.9163,1.6817,1.9187,0.2601,-1.9842,-1.7015,-2.0417,-2.4764,-2.3544,-1.1420,-0.9523,0.3401,0.2886,0.7374,0.9862,1.0607,1.1736,2.7950,2.0103,0.1657,-0.3441,-0.5679,-0.4963,-0.6695,-0.4287,1.0458,1.0817,1.4629,1.4849,-0.5026,0.3078,1.0961,1.8643,3.4873,4.8445,4.3112,3.1621,0.7653,-0.3472,0.7462,1.3574,1.5471,2.0832,2.7272,2.4932,3.1739,3.8046,2.7117,0.9527,1.3138,2.3305,2.6234,1.4361,2.4652,2.4992,2.0273,2.8154,3.4810,2.8333,3.5546,3.3450,3.4028,4.4134,4.9691,4.0079,4.0842,3.8910,3.3076,2.4846,3.4130,3.4486,2.4971,1.8229,2.2669,1.2796,1.0515,0.8884,0.5579,0.5728,-0.0263,0.0576,0.3859,1.5279,1.1255,0.4215,-0.8157,-0.5629,-0.4555,0.1625,-0.0215,-1.1059,-1.9214,-1.9846,-1.5676,-1.4762,-1.7769,-2.0803,-2.3863,-2.6836,-2.9151,-2.9475,-2.6848,-2.4538,-2.2003,-1.9437,-1.7005,-1.4721,-1.2582,-1.0576,-0.8689,-0.6908,-0.5222,-0.3625,-0.2108,-0.0666,0.0707,0.2014,0.3260,0.4448,0.5581,0.6664,0.7698,0.8687,0.9634,1.0542,1.1412,1.2249,1.3054,1.3830,1.4579,1.5303,1.6004,1.6685,1.7346,1.7990,1.8617,1.9229,1.9826,2.0410,2.0981,2.1538,2.2084,2.2617,2.3138,2.3646,2.4142,2.4624,2.5094,2.5549,2.5990,2.6417,2.6828,2.7224,2.7604,2.7966,2.8312,2.8641,2.8951,2.9244,2.9519,2.9775,3.0013,3.0232,3.0433,3.0616,3.0781,3.0927,3.1056,3.1167,3.1261,3.1339,3.1399,3.1443,3.1472,3.1485,3.1482,3.1465,3.1434,3.1389,3.1330,3.1258,3.1175,3.1084,3.0998
45108.4583333,-2.3611,-1.5880,-1.5054,0.1177,-0.8333,-2.3692,-0.8945,-0.1598,-0.5330,-1.0415,-1.4991,-2.5842,-3.0064,-2.9989,-2.9800,-2.5184,-1.8220,-1.0231,-1.1146,-0.9044,-1.3378,-1.7690,-1.8090,0.2033,0.1637,-1.1871,-1.0401,2.1595,1.4124,0.8839,3.1974,3.9391,3.7271,1.7863,-0.0102,1.8927,1.9479,-0.2796,1.2349,0.4403,0.0830,-2.5602,-1.6269,0.6278,-1.1002,-1.3824,1.0005,0.7114,-0.0750,-0.7861,-1.4333,-1.6566,0.1278,1.0069,4.3453,6.5244,5.7705,3.9364,2.2836,1.8474,0.9728,-0.2307,0.2786,0.7667,0.2973,1.9840,0.9108,-0.9737,-1.4052,1.0447,0.9751,-0.3265,-1.2671,-0.5588,-2.4134,-0.6211,0.6360,-1.9991,-0.4967,-3.0764,-2.8865,-5.1435,-6.6313,-5.9159,-4.4009,-5.5193,-5.4740,-3.3067,-4.2491,-4.4724,-3.6976,-3.4322,-5.3268,-7.2609,-6.7810,-6.8960,-7.3821,-7.5519,-6.8023,-6.9924,-5.0294,-5.7547,-5.6551,-6.1144,-5.4181,-5.3520,-3.0847,-3.8771,-5.4268,-5.7127,-6.0291,-5.4290,-5.4709,-5.0469,-3.8854,-4.2247,-3.3416,-3.3362,-5.4019,-4.0560,-4.0123,-3.2454,-2.1590,-0.0240,-0.6169,-1.5854,-3.8708,-4.8781,-3.8635,-3.5235,-3.1779,-2.3721,-1.6134,-3.1517,-2.1696,-1.4494,-2.3841,-4.1648,-3.5047,-2.8195,-2.6884,-3.7339,-2.7417,-3.5418,-3.2928,-1.8373,-1.2762,-2.1189,-1.2401,-0.9251,-0.1110,1.5984,3.2170,2.5159,2.8803,2.9483,2.0845,-0.0850,1.5010,1.4216,0.2266,-0.9419,-0.2778,-1.7429,-1.9695,-2.2877,-2.8611,-2.6506,-3.0994,-2.9267,-3.0223,-1.5067,-1.9780,-2.2401,-3.8792,-3.4191,-3.3896,-2.4399,-2.7016,-3.7887,-4.5982,-5.2835,-5.1841,-4.9459,-5.2421,-5.5348,-5.8393,-6.1702,-6.5307,-6.9226,-7.3167,-7.7513,-8.1664,-8.4659,-8.5914,-8.1609,-7.5041,-6.8591,-6.2229,-5.6317,-5.0962,-4.6115,-4.1718,-3.7714,-3.4052,-3.0690,-2.7592,-2.4729,-2.2075,-1.9608,-1.7310,-1.5164,-1.3155,-1.1272,-0.9502,-0.7837,-0.6266,-0.4782,-0.3378,-0.2049,-0.0788,0.0410,0.1549,0.2632,0.3665,0.4651,0.5592,0.6491,0.7352,0.8177,0.8969,0.9729,1.0460,1.1164,1.1843,1.2498,1.3131,1.3744,1.4337,1.4911,1.5469,1.6009,1.6534,1.7044,1.7539,1.8019,1.8486,1.8938,1.9376,1.9801,2.0211,2.0608,2.0990,2.1358,2.1711,2.2049,2.2373,2.2682,2.2975,2.3253,2.3515,2.3762,2.3993,2.4208,2.4408,2.4592,2.4760,2.4912,2.5050,2.5172,2.5277,2.5362,2.5412
45108.5000000,-7.1768,-6.6698,-7.7717,-6.7516,-8.8178,-11.1524,-9.4154,-8.6894,-8.1032,-7.9829,-8.0857,-8.7261,-9.2145,-9.3124,-9.1007,-9.1175,-8.5398,-7.7073,-8.3570,-7.7372,-9.1091,-9.0632,-10.2096,-7.5945,-7.7079,-8.8577,-11.4622,-7.1803,-8.0916,-6.9884,-5.4101,-3.3441,-3.3835,-4.6554,-6.5641,-4.6722,-4.8708,-8.1592,-5.2427,-6.1869,-6.7144,-10.4003,-9.0515,-5.8523,-8.4376,-9.0267,-5.6115,-5.3166,-6.5346,-6.5483,-6.8287,-7.1725,-4.5883,-5.6168,-1.4286,1.7692,1.6517,0.9918,-0.4190,-0.7325,-1.6004,-3.8021,-3.7887,-3.2437,-3.6768,-1.0253,-3.2524,-5.0492,-5.9978,-2.9411,-3.0202,-4.3510,-5.0937,-4.4049,-7.5244,-7.3172,-4.8099,-7.4626,-5.4762,-9.3015,-8.4839,-10.7658,-12.3082,-12.7472,-11.4453,-12.7363,-14.2406,-10.6189,-11.4715,-11.5677,-10.6668,-10.0431,-11.8615,-13.1165,-12.2773,-11.9533,-12.3694,-12.7896,-12.5177,-13.0076,-10.0427,-11.1829,-11.5958,-12.3311,-11.9875,-12.1325,-9.7586,-10.9656,-12.2806,-12.3636,-12.4662,-11.3367,-11.2005,-10.5302,-9.8265,-10.4351,-9.5973,-9.4791,-11.9220,-9.7093,-9.7513,-8.8591,-8.3205,-6.2490,-5.8374,-6.1996,-8.0594,-9.3898,-8.0868,-8.0378,-8.1691,-7.8954,-6.0285,-7.9805,-7.2360,-6.7297,-7.5835,-9.4724,-9.3948,-7.8593,-7.6933,-8.3502,-7.5576,-8.6590,-8.6543,-6.8366,-6.8943,-8.5231,-7.4364,-7.6526,-5.5528,-2.8542,0.2455,-0.9734,-0.5723,-0.0872,0.1149,-2.6209,-0.3083,-0.3580,-1.7100,-2.8348,-1.7485,-3.5957,-4.4262,-5.2963,-6.7216,-6.5338,-6.8515,-6.5173,-6.6717,-5.2835,-5.8332,-5.3705,-6.7801,-6.5178,-6.6381,-5.2743,-5.5831,-6.5834,-7.2691,-7.7686,-7.7007,-8.0132,-8.3988,-8.7902,-9.1890,-9.5983,-10.0187,-10.4473,-10.8635,-11.3287,-11.8068,-12.2634,-12.7476,-13.2488,-13.7363,-14.2266,-14.7003,-15.1306,-15.4442,-15.5794,-15.3834,-14.4405,-13.2742,-12.1445,-11.0720,-10.0798,-9.1701,-8.3374,-7.5758,-6.8797,-6.2439,-5.6635,-5.1339,-4.6505,-4.2093,-3.8061,-3.4373,-3.0994,-2.7892,-2.5038,-2.2408,-1.9976,-1.7723,-1.5631,-1.3684,-1.1866,-1.0166,-0.8573,-0.7077,-0.5670,-0.4343,-0.3090,-0.1906,-0.0785,0.0279,0.1288,0.2248,0.3162,0.4033,0.4863,0.5657,0.6415,0.7142,0.7838,0.8505,0.9146,0.9762,1.0354,1.0925,1.1474,1.2005,1.2516,1.3010,1.3487,1.3947,1.4392,1.4822,1.5238,1.5639,1.6026,1.6400,1.6760,1.7106,1.7439,1.7759,1.8066,1.8358,1.8637,1.8898,1.9132,1.9297
45108.5416667,-10.6263,-11.4683,-12.1101,-11.1055,-13.1781,-16.4160,-13.9267,-13.7875,-13.1661,-13.4274,-14.1429,-15.0043,-15.7299,-15.9751,-15.3929,-15.5203,-14.6830,-13.5140,-14.4468,-13.3094,-15.7375,-15.4337,-17.1698,-13.7230,-13.6198,-14.1505,-16.7945,-12.8555,-15.6553,-13.6015,-13.4140,-11.3176,-10.1783,-11.1924,-13.1750,-10.9756,-11.0210,-15.1051,-10.6169,-11.6167,-12.3914,-17.3577,-16.1236,-12.5375,-15.7893,-17.1597,-12.6755,-11.6444,-13.2973,-13.0758,-12.8017,-13.0298,-9.4163,-11.6000,-7.6760,-3.7393,-3.1444,-3.5739,-4.7577,-4.9091,-5.5875,-8.7701,-9.0718,-7.9686,-8.2441,-4.2246,-7.2583,-8.7628,-9.9444,-5.7819,-5.3389,-6.1041,-6.6836,-6.0924,-10.5154,-11.0014,-7.5236,-10.3000,-7.5383,-13.1219,-11.9044,-14.2995,-16.0202,-16.9969,-16.3849,-17.9920,-21.1342,-16.5831,-17.5842,-17.8579,-17.1610,-16.3102,-18.0017,-18.3582,-17.1762,-16.3852,-16.6841,-17.3731,-17.6736,-18.4630,-14.1324,-15.6038,-16.3733,-17.1854,-16.8945,-17.0592,-14.5567,-16.1278,-17.1840,-17.2574,-17.4227,-15.9516,-15.7938,-15.0530,-15.0898,-15.5286,-14.8733,-14.7552,-17.3760,-14.5504,-15.0437,-14.3401,-14.8859,-13.9487,-13.0007,-12.4250,-13.4253,-14.3731,-12.8399,-12.8041,-12.5031,-12.6243,-9.8254,-12.2576,-11.6872,-11.2871,-11.8472,-13.6618,-14.6549,-12.6898,-12.4360,-12.4995,-11.8779,-13.0241,-12.5338,-10.0049,-10.3184,-11.3719,-10.9571,-13.7609,-11.6483,-8.5546,-3.9464,-4.6246,-4.9192,-4.6289,-3.8862,-6.9728,-3.7958,-3.5133,-4.5594,-4.8731,-3.4081,-5.3076,-6.3801,-7.4514,-9.4774,-9.2961,-9.4929,-9.0195,-9.2637,-8.0690,-8.7145,-7.4956,-8.6589,-8.5716,-8.8521,-7.1084,-7.4305,-8.2668,-8.7705,-9.1317,-9.0664,-9.7972,-10.1807,-10.5696,-10.9644,-11.3672,-11.7809,-12.1984,-12.6005,-13.0537,-13.5200,-13.9723,-14.4509,-14.9491,-15.4455,-15.9593,-16.4866,-17.0271,-17.5606,-18.1043,-18.6570,-19.2389,-19.7996,-20.3508,-20.9018,-21.3952,-21.6541,-21.8549,-21.3163,-20.2726,-19.1369,-17.9435,-16.7340,-15.5422,-14.3873,-13.2818,-12.2333,-11.2458,-10.3208,-9.4580,-8.6557,-7.9119,-7.2240,-6.5890,-6.0039,-5.4655,-4.9706,-4.5160,-4.0986,-3.7155,-3.3636,-3.0403,-2.7431,-2.4694,-2.2172,-1.9844,-1.7691,-1.5696,-1.3845,-1.2124,-1.0520,-0.9023,-0.7622,-0.6309,-0.5076,-0.3916,-0.2823,-0.1792,-0.0817,0.0106,0.0982,0.1812,0.2602,0.3354,0.4070,0.4753,0.5405,0.6028,0.6625,0.7196,0.7743,0.8267,0.8771,0.9255,0.9719,1.0166,1.0595,1.1006,1.1396,1.1748,1.2004
45108.5833333,-10.6494,-11.3740,-11.7347,-10.5241,-12.4532,-16.7389,-15.3300,-14.6629,-13.7766,-14.2724,-15.4236,-16.4816,-18.4434,-19.2349,-18.7044,-19.5246,-18.9179,-17.6640,-18.9728,-17.1518,-19.1061,-19.0652,-21.9434,-17.9476,-17.3521,-17.0924,-21.3630,-15.7663,-19.3654,-17.3989,-17.4986,-15.6964,-13.4905,-14.3490,-16.6269,-14.5203,-14.6653,-19.6260,-13.5987,-14.5820,-15.3220,-19.3733,-18.3901,-15.2062,-20.1672,-21.7656,-17.7905,-16.4499,-17.2029,-17.9252,-17.5072,-18.0659,-13.7108,-17.6343,-13.4145,-8.4049,-6.2912,-6.2413,-7.0351,-6.9947,-7.5088,-11.7705,-12.8199,-11.8902,-11.8589,-6.7853,-10.8694,-12.1745,-13.3497,-8.1811,-8.2312,-7.4740,-7.4654,-6.4489,-11.2588,-11.8133,-7.5650,-11.6269,-7.1907,-13.4182,-11.3169,-13.4047,-15.0712,-16.4524,-16.5952,-18.7974,-24.5674,-18.9364,-19.6885,-20.1307,-19.9586,-19.1718,-20.8999,-20.4137,-19.0607,-17.9134,-18.1523,-19.2170,-20.2992,-21.5309,-15.6869,-17.4963,-18.6510,-19.6254,-19.4131,-19.5905,-16.9977,-18.7950,-19.4902,-19.5153,-19.7200,-17.9384,-17.7133,-16.9165,-17.7042,-18.0060,-17.5108,-17.3916,-20.3093,-17.1364,-18.2296,-17.7295,-18.2490,-18.1750,-17.3924,-16.2148,-16.5672,-17.9679,-16.4792,-16.8372,-17.2098,-17.2835,-13.4954,-15.8782,-15.0671,-14.4785,-14.5009,-16.0085,-16.7623,-15.0068,-15.0774,-14.8109,-14.6899,-16.0828,-15.9444,-12.6439,-13.8190,-13.2989,-12.8316,-17.3008,-15.8945,-13.5019,-7.6520,-7.6626,-7.9417,-8.2323,-6.7432,-10.0945,-6.3265,-5.8401,-6.5749,-6.1640,-4.3393,-6.2055,-7.4028,-8.6134,-11.1676,-11.0435,-11.0308,-10.1871,-10.4440,-9.3600,-9.9634,-7.9841,-8.8271,-8.8214,-9.1928,-7.1081,-7.3524,-7.9567,-8.2488,-8.4785,-8.3669,-9.3685,-9.7116,-10.0628,-10.4212,-10.7877,-11.1659,-11.5456,-11.9090,-12.3212,-12.7447,-13.1577,-13.5924,-14.0437,-14.4943,-14.9600,-15.4379,-15.9282,-16.4153,-16.9138,-17.4246,-17.9663,-18.5025,-19.0493,-19.6250,-20.2044,-20.7657,-21.7223,-23.0680,-23.1641,-23.0930,-22.9352,-22.6042,-22.1406,-21.6454,-21.1340,-20.6112,-20.0763,-19.5200,-18.9325,-18.3066,-17.6387,-16.9294,-16.1824,-15.4041,-14.6024,-13.7861,-12.9642,-12.1456,-11.3384,-10.5498,-9.7859,-9.0516,-8.3507,-7.6857,-7.0580,-6.4684,-5.9168,-5.4023,-4.9239,-4.4800,-4.0689,-3.6888,-3.3375,-3.0132,-2.7139,-2.4376,-2.1826,-1.9470,-1.7293,-1.5279,-1.3414,-1.1684,-1.0078,-0.8584,-0.7192,-0.5893,-0.4680,-0.3543,-0.2478,-0.1477,-0.0535,0.0352,0.1190,0.1982,0.2731,0.3440,0.4112,0.4741,0.5308,0.5729
45108.6250000,-11.3465,-11.8905,-11.7336,-9.3156,-10.9491,-15.2366,-14.9685,-13.9340,-11.8229,-12.2130,-13.5024,-14.6495,-18.1071,-19.4174,-19.0841,-20.5393,-20.3147,-19.3050,-21.0179,-19.1756,-21.1650,-21.5170,-23.8929,-20.7163,-20.1217,-19.0466,-24.4589,-18.6517,-21.8682,-20.1640,-20.6010,-18.6433,-15.1324,-15.5941,-17.3656,-14.7994,-15.2224,-20.8443,-14.0263,-15.3917,-16.2801,-19.7172,-18.9763,-16.0473,-21.6618,-23.3734,-19.2599,-17.6267,-17.8865,-19.0167,-18.7335,-19.9193,-15.6275,-22.4015,-18.8284,-13.0350,-10.1085,-9.0984,-9.5910,-9.4285,-9.6889,-14.4341,-14.2978,-12.8644,-13.0558,-7.7098,-12.5098,-14.4832,-16.0042,-10.5728,-11.2608,-9.3714,-9.0738,-7.8916,-12.7924,-12.6915,-7.7353,-11.6916,-7.0079,-13.8811,-11.1794,-12.9680,-14.4242,-15.8234,-16.0732,-18.2281,-23.8966,-18.9681,-19.9321,-20.6812,-20.9759,-20.2913,-21.8906,-20.4429,-18.8964,-17.4917,-17.6287,-18.9336,-20.6959,-22.3676,-15.5809,-17.6998,-19.1788,-20.3326,-20.1214,-20.2881,-17.8412,-19.7637,-19.8679,-19.7851,-20.0318,-18.1089,-17.8746,-17.1391,-18.6919,-19.0069,-18.6566,-18.9909,-20.8383,-17.4584,-19.1328,-18.8484,-20.0169,-19.9897,-19.3993,-17.6934,-17.3546,-18.8349,-17.6256,-18.1832,-19.3060,-19.5955,-15.8434,-18.5578,-17.8747,-16.7143,-16.0718,-17.2509,-18.4367,-16.2629,-16.2506,-15.3779,-15.5746,-16.7094,-16.7984,-13.4940,-15.7603,-15.1721,-14.2820,-19.2150,-18.2066,-16.8265,-10.2927,-9.8862,-10.3775,-11.2846,-9.1620,-12.6565,-8.6371,-8.1211,-8.5873,-7.6599,-5.6443,-7.4675,-8.6765,-10.3979,-12.3318,-11.9410,-11.5889,-10.4229,-10.7571,-9.8691,-10.4732,-7.9483,-8.5531,-8.6181,-9.0764,-6.8395,-7.0709,-7.5137,-7.6594,-7.8086,-7.6783,-8.8423,-9.1185,-9.3986,-9.6821,-9.9701,-10.2681,-10.5654,-10.8466,-11.1745,-11.5141,-11.8483,-12.2033,-12.5752,-12.9504,-13.3415,-13.7459,-14.1621,-14.5572,-14.7731,-14.9303,-15.0986,-15.3106,-15.5093,-15.7274,-15.9922,-16.2786,-16.9370,-17.9952,-18.2815,-18.5755,-18.8938,-19.1182,-19.2706,-19.4058,-19.5203,-19.6097,-19.6725,-19.7052,-19.7042,-19.6661,-19.5881,-19.4679,-19.3042,-19.0968,-18.8463,-18.5541,-18.2222,-17.8530,-17.4490,-17.0129,-16.5471,-16.0540,-15.5358,-14.9948,-14.4332,-13.8538,-13.2591,-12.6524,-12.0370,-11.4166,-10.7949,-10.1759,-9.5633,-8.9609,-8.3719,-7.7996,-7.2465,-6.7148,-6.2062,-5.7219,-5.2627,-4.8290,-4.4208,-4.0378,-3.6794,-3.3448,-3.0330,-2.7430,-2.4736,-2.2235,-1.9915,-1.7764,-1.5769,-1.3920,-1.2204,-1.0613,-0.9139,-0.7785,-0.6589,-0.5716
45108.6666667,-14.2591,-13.4453,-13.7498,-8.9250,-9.5756,-12.3877,-12.4698,-12.2323,-9.4411,-9.5479,-10.6998,-11.7837,-15.6595,-17.0790,-16.6451,-18.5246,-18.5803,-17.6532,-19.9835,-17.2398,-19.1139,-19.6128,-21.4674,-18.4695,-17.7907,-17.6956,-24.8928,-19.7170,-23.0446,-21.0083,-22.2592,-20.4018,-16.3554,-16.7098,-18.2011,-14.4300,-14.3194,-20.1579,-12.4898,-13.6178,-14.2018,-16.6810,-15.7061,-13.1585,-20.1248,-23.0590,-19.1977,-17.1060,-17.3360,-18.4499,-17.7442,-19.1330,-14.7731,-24.6169,-22.6196,-16.2911,-12.9791,-10.7952,-10.8777,-10.5656,-10.6409,-16.1145,-16.8556,-15.0320,-15.4834,-9.3598,-13.6807,-15.3477,-16.9173,-11.4049,-12.3150,-9.4071,-8.7090,-7.3540,-12.6543,-13.3578,-6.8630,-10.0869,-5.0071,-11.9330,-8.6723,-10.2678,-11.8153,-13.3724,-13.9608,-16.1162,-21.4471,-16.7492,-17.3543,-18.0754,-18.7795,-18.5990,-19.5275,-17.3458,-15.6713,-14.0466,-14.1295,-15.6790,-18.1163,-20.2316,-13.9002,-16.4717,-18.0113,-18.8318,-18.5101,-18.7673,-16.3399,-18.3778,-18.5768,-18.2616,-18.4813,-16.3855,-16.0744,-15.3250,-17.3916,-17.6374,-17.4307,-18.6413,-19.9714,-16.5468,-18.8010,-18.4657,-20.5170,-20.0929,-19.1842,-16.6633,-15.7277,-17.4005,-16.9762,-17.4930,-19.0843,-19.6341,-15.5357,-18.5957,-19.1579,-18.5672,-17.1261,-17.7793,-19.3320,-16.5996,-16.2123,-14.5340,-15.0378,-17.1692,-16.4499,-12.7876,-15.5766,-14.7545,-13.4965,-19.8440,-19.3181,-18.6875,-11.2869,-10.0515,-10.5518,-12.1714,-9.7045,-13.6512,-9.5471,-8.9864,-9.1701,-7.7035,-5.4000,-7.3637,-8.4056,-10.9176,-12.9439,-12.5759,-11.9475,-10.7115,-10.9158,-9.9977,-10.3670,-7.2723,-7.5400,-7.5446,-7.9519,-5.5073,-5.5849,-5.8151,-5.8104,-5.8286,-5.6076,-6.8322,-7.0521,-7.2843,-7.5263,-7.7772,-8.0410,-8.3043,-8.5476,-8.7907,-8.8477,-9.0150,-9.1528,-9.1832,-9.1815,-9.2881,-9.4765,-9.6838,-9.9178,-10.1880,-10.4549,-10.7428,-11.0424,-11.3251,-11.6042,-11.9071,-12.2141,-12.8078,-13.7137,-13.9947,-14.2781,-14.5804,-14.8092,-14.9847,-15.1529,-15.3137,-15.4659,-15.6115,-15.7502,-15.8819,-16.0063,-16.1229,-16.2311,-16.3300,-16.4187,-16.4958,-16.5602,-16.6103,-16.6444,-16.6609,-16.6580,-16.6341,-16.5874,-16.5165,-16.4200,-16.2970,-16.1464,-15.9679,-15.7612,-15.5265,-15.2642,-14.9750,-14.6598,-14.3200,-13.9568,-13.5720,-13.1673,-12.7445,-12.3058,-11.8531,-11.3888,-10.9150,-10.4343,-9.9490,-9.4616,-8.9744,-8.4898,-8.0102,-7.5378,-7.0746,-6.6224,-6.1830,-5.7579,-5.3483,-4.9551,-4.5793,-4.2214,-3.8825,-3.5654,-3.2809,-3.0696
45108.7083333,-13.9624,-12.7696,-13.7931,-8.1712,-9.2600,-11.7009,-11.5936,-10.2148,-6.5461,-6.0888,-6.7191,-7.3551,-11.5556,-12.9058,-12.3343,-14.1605,-14.1764,-13.2170,-16.3302,-12.8781,-14.1081,-14.2808,-15.2367,-13.6217,-12.0792,-11.8838,-20.0922,-15.3303,-19.4220,-18.1018,-20.4233,-19.2425,-14.6408,-14.3487,-16.2534,-12.2661,-12.0147,-17.8054,-9.6089,-10.4545,-10.6180,-13.0582,-11.4606,-8.7015,-15.3793,-18.1046,-15.0753,-13.0078,-12.8569,-14.5089,-14.1725,-15.5104,-11.5597,-23.7735,-23.6568,-17.4315,-14.2101,-11.0312,-10.6341,-10.1646,-10.0012,-15.5727,-16.7508,-13.9220,-14.3761,-8.2609,-12.3505,-14.2932,-16.1631,-10.9340,-11.8328,-8.4398,-7.4854,-6.0074,-11.0729,-12.1655,-4.7033,-7.2185,-2.4429,-8.3192,-4.4987,-5.6588,-6.8672,-8.2405,-8.7536,-10.5832,-15.4740,-10.6051,-11.7520,-12.2239,-13.1331,-12.8509,-13.8455,-11.3963,-9.8797,-8.3431,-8.4433,-10.0679,-12.8038,-15.0672,-9.2864,-12.0146,-13.5039,-14.5785,-14.4276,-14.8782,-12.7283,-14.6977,-14.5600,-14.2485,-14.4802,-12.4903,-12.2102,-11.5688,-13.9464,-14.0714,-13.8387,-15.4753,-16.3405,-13.1556,-15.7113,-15.6218,-18.5207,-18.1728,-17.6953,-14.2612,-12.6645,-14.0281,-14.0360,-14.7982,-16.1493,-16.9845,-12.9712,-16.0177,-16.7233,-16.5893,-15.1572,-15.7260,-17.9367,-15.8635,-15.7033,-13.2849,-13.8772,-16.4149,-15.1589,-11.9175,-14.3627,-13.5513,-12.5558,-18.7121,-18.4580,-18.4296,-11.4545,-9.9708,-10.1073,-11.7316,-9.0760,-12.6500,-8.5782,-7.8381,-7.7563,-5.8368,-3.5529,-5.9403,-6.4073,-8.9800,-11.0279,-10.8078,-10.1589,-9.0176,-9.3987,-8.6918,-8.9840,-5.6951,-5.7325,-5.6950,-6.0348,-3.5982,-3.5144,-3.5494,-3.4115,-3.2906,-2.9346,-3.9849,-4.0368,-4.0989,-4.1609,-4.1651,-4.1983,-4.2371,-4.2802,-4.3688,-4.4894,-4.6293,-4.7773,-4.8660,-4.9189,-5.0514,-5.2403,-5.4355,-5.6454,-5.8819,-6.1180,-6.3780,-6.6578,-6.9363,-7.2245,-7.5433,-7.8755,-8.4463,-9.2747,-9.6073,-9.9450,-10.2995,-10.5953,-10.8472,-11.0908,-11.3250,-11.5478,-11.7602,-11.9615,-12.1517,-12.3307,-12.4988,-12.6561,-12.8033,-12.9407,-13.0690,-13.1886,-13.3000,-13.4037,-13.4998,-13.5887,-13.6703,-13.7447,-13.8117,-13.8710,-13.9222,-13.9649,-13.9985,-14.0223,-14.0354,-14.0372,-14.0265,-14.0027,-13.9646,-13.9114,-13.8422,-13.7561,-13.6525,-13.5306,-13.3901,-13.2304,-13.0515,-12.8533,-12.6359,-12.3996,-12.1450,-11.8727,-11.5835,-11.2783,-10.9583,-10.6248,-10.2790,-9.9224,-9.5565,-9.1830,-8.8036,-8.4202,-8.0356,-7.6559,-7.2991,-7.0251
45108.7500000,-11.2790,-9.8949,-11.3250,-5.6704,-6.8059,-9.1972,-9.4777,-8.3872,-4.5849,-3.8435,-4.0801,-4.2823,-7.9038,-8.8824,-8.0435,-9.4728,-9.2605,-8.1923,-11.5508,-8.0454,-9.1626,-9.6140,-9.7340,-8.6129,-6.3845,-6.1276,-13.9672,-9.5564,-13.7659,-12.8631,-15.6417,-15.1846,-11.0667,-11.0515,-12.9281,-8.5687,-8.0320,-13.5071,-5.5079,-6.1751,-6.0686,-8.3033,-6.6314,-3.9610,-10.2907,-12.6434,-9.9455,-7.7328,-7.2431,-8.8337,-8.6859,-9.8439,-6.4129,-20.1204,-21.9751,-16.1116,-13.2585,-10.0022,-9.3390,-8.8708,-8.5859,-13.9006,-15.2902,-12.1572,-12.7458,-7.0102,-10.5681,-12.1284,-13.8180,-9.1654,-9.8421,-6.3137,-5.2972,-3.8950,-8.6703,-9.9870,-2.9077,-4.6110,0.0430,-4.9134,-0.8002,-1.6089,-2.8143,-3.4436,-3.6292,-5.0880,-9.8791,-4.8099,-5.9099,-5.9262,-6.5795,-6.3212,-6.7413,-3.9465,-2.3278,-0.8967,-0.9689,-2.4696,-5.2490,-7.6330,-2.8617,-5.8010,-7.2653,-8.4187,-8.3601,-8.9969,-7.2027,-9.0895,-8.8259,-8.6217,-9.0083,-7.2243,-7.0112,-6.5311,-9.1165,-9.2800,-9.3429,-10.9773,-11.4205,-8.6222,-11.2309,-11.2884,-14.6415,-14.6413,-14.4314,-10.7841,-8.9063,-10.0601,-10.5465,-11.5990,-12.9168,-13.8770,-10.1883,-12.8938,-13.4348,-13.3255,-11.6337,-11.7581,-14.0449,-12.5174,-12.7006,-10.1763,-11.2028,-14.1657,-12.9487,-10.7762,-13.0207,-12.3379,-11.7713,-17.3170,-16.8263,-17.3561,-10.9076,-9.2624,-9.2834,-10.7424,-8.1838,-11.2523,-7.5391,-6.9811,-6.6113,-4.4471,-2.2249,-4.4955,-4.5434,-6.8581,-8.6574,-8.2461,-7.3960,-6.1183,-6.5662,-6.1398,-6.2821,-3.0815,-2.9967,-2.9631,-3.2807,-1.0661,-0.9159,-0.8926,-0.7558,-0.5904,-0.1943,-1.0700,-1.0192,-1.0074,-1.0179,-1.0474,-1.0986,-1.1706,-1.2487,-1.3510,-1.4755,-1.6122,-1.7530,-1.8444,-1.9054,-2.0290,-2.1973,-2.3709,-2.5570,-2.7659,-2.9764,-3.2083,-3.4585,-3.7101,-3.9718,-4.2601,-4.5609,-5.0549,-5.7574,-6.0640,-6.3758,-6.7024,-6.9836,-7.2316,-7.4755,-7.7147,-7.9483,-8.1772,-8.4014,-8.6206,-8.8347,-9.0436,-9.2471,-9.4449,-9.6368,-9.8226,-10.0018,-10.1743,-10.3398,-10.4979,-10.6483,-10.7910,-10.9257,-11.0523,-11.1708,-11.2812,-11.3835,-11.4779,-11.5645,-11.6434,-11.7148,-11.7790,-11.8359,-11.8857,-11.9284,-11.9642,-11.9928,-12.0141,-12.0281,-12.0344,-12.0328,-12.0228,-12.0041,-11.9763,-11.9387,-11.8910,-11.8326,-11.7630,-11.6817,-11.5882,-11.4822,-11.3633,-11.2311,-11.0856,-10.9265,-10.7539,-10.5682,-10.3703,-10.1639,-9.9601,-9.7975
45108.7916667,-6.8816,-5.8084,-7.3380,-2.3411,-3.4777,-5.7741,-6.2681,-5.4160,-1.9767,-1.2739,-1.4312,-1.5705,-4.4883,-5.3923,-4.5730,-5.7376,-5.3682,-4.2133,-7.2576,-3.9491,-4.9167,-5.2886,-5.0159,-4.0895,-1.7129,-1.7396,-8.9499,-4.7753,-8.5890,-7.6644,-10.3348,-10.1093,-6.3295,-6.5689,-8.5250,-4.6699,-4.1376,-9.1640,-1.8115,-2.5311,-2.0775,-3.9699,-2.2498,0.3977,-5.1902,-7.1963,-5.0037,-2.8257,-2.2220,-3.6655,-3.5416,-4.5563,-1.6414,-14.8426,-17.9331,-12.6130,-10.2211,-7.0912,-6.4759,-6.2300,-6.0630,-11.1363,-12.6911,-9.9194,-10.4852,-5.2320,-8.4607,-9.6733,-11.0549,-7.2503,-7.8160,-4.2568,-3.1994,-1.8183,-5.9051,-7.1547,-0.5767,-1.9591,2.4067,-1.8911,2.1959,1.4732,0.2321,-0.0329,0.0002,-1.1295,-5.4460,-0.4141,-1.2709,-1.1204,-1.3227,-0.9862,-1.2656,1.3597,2.9830,4.2141,4.2821,3.1736,0.9438,-1.0298,2.5060,-0.0843,-1.2157,-2.1121,-1.9826,-2.7504,-1.2010,-2.9411,-2.6666,-2.5447,-3.0537,-1.5838,-1.4178,-1.0937,-3.5343,-3.7889,-4.0662,-5.7042,-6.0285,-3.7569,-6.2968,-6.5176,-10.0252,-10.4474,-10.3124,-6.7515,-4.8210,-5.6991,-6.4167,-7.5678,-8.8600,-9.9558,-6.8727,-9.4344,-10.0595,-10.1300,-8.3646,-8.2569,-10.2934,-9.1005,-9.2382,-6.6420,-7.7448,-10.6051,-9.3367,-7.9290,-10.0590,-9.5152,-9.5005,-15.1464,-14.8007,-15.9301,-10.1517,-8.4474,-8.5620,-9.8688,-7.5214,-9.9546,-6.7414,-6.2752,-5.7030,-3.5940,-1.5766,-3.5829,-3.5232,-5.4092,-6.9097,-6.3228,-5.2681,-3.8430,-4.1800,-3.8012,-3.7720,-0.8006,-0.6091,-0.5237,-0.7393,1.2177,1.4180,1.4313,1.4847,1.7493,2.1823,1.4324,1.4671,1.4833,1.4797,1.4546,1.4089,1.3401,1.2594,1.1578,1.0341,0.8970,0.7532,0.6464,0.5619,0.4258,0.2530,0.0756,-0.1119,-0.3171,-0.5229,-0.7449,-0.9804,-1.2158,-1.4581,-1.7207,-1.9924,-2.4183,-3.0116,-3.2875,-3.5674,-3.8594,-4.1154,-4.3453,-4.5725,-4.7968,-5.0175,-5.2355,-5.4507,-5.6631,-5.8726,-6.0790,-6.2824,-6.4824,-6.6791,-6.8723,-7.0618,-7.2476,-7.4294,-7.6071,-7.7806,-7.9498,-8.1145,-8.2745,-8.4298,-8.5800,-8.7252,-8.8652,-8.9997,-9.1286,-9.2518,-9.3691,-9.4803,-9.5854,-9.6842,-9.7766,-9.8626,-9.9421,-10.0150,-10.0815,-10.1414,-10.1948,-10.2417,-10.2822,-10.3164,-10.3442,-10.3657,-10.3810,-10.3899,-10.3924,-10.3886,-10.3783,-10.3613,-10.3376,-10.3069,-10.2691,-10.2240,-10.1717,-10.1131,-10.0516,-9.9996
45108.8333333,-1.6621,-0.8763,-2.4419,1.9796,0.8076,-1.4772,-2.1799,-1.6477,1.3733,1.9949,1.7954,1.6578,-0.5687,-1.4643,-0.7942,-1.9056,-1.6141,-0.5748,-3.4170,-0.4457,-1.3532,-1.7166,-1.3683,-0.4753,1.8846,1.7860,-4.6709,-0.7425,-4.1824,-3.2813,-5.7387,-5.4513,-1.8212,-2.0191,-3.8258,-0.3255,0.2019,-4.4120,2.1950,1.4171,1.7905,0.0645,1.6344,4.0739,-0.9548,-2.5752,-0.6327,1.4181,2.0177,0.8034,0.9210,0.0224,2.5388,-9.6222,-13.0837,-8.2675,-6.1837,-3.2307,-2.6343,-2.4695,-2.3538,-7.0615,-8.6971,-6.3491,-7.0065,-2.4233,-5.5543,-6.7953,-8.1752,-5.1212,-5.6597,-2.3699,-1.4324,-0.2227,-3.8367,-4.9503,1.2334,0.1503,4.3171,0.5802,4.5410,3.9161,2.8315,2.8583,3.0675,2.1687,-1.7176,3.0362,2.3201,2.5110,2.5265,3.0077,2.7980,4.9969,6.4395,7.4447,7.5327,6.8306,5.2864,3.7797,6.6267,4.4545,3.5551,2.8881,3.1890,2.4737,3.9767,2.5795,2.8546,2.9575,2.4681,3.6073,3.6677,3.8878,1.8668,1.5909,1.2881,-0.2068,-0.5951,1.1850,-1.0979,-1.3953,-4.7674,-5.4736,-5.4592,-2.2144,-0.5299,-1.2989,-2.1278,-3.3389,-4.5643,-5.6866,-3.1804,-5.4952,-6.1445,-6.3762,-4.7551,-4.5869,-6.5321,-5.6904,-5.8769,-3.5031,-4.6059,-7.1846,-5.9210,-4.9841,-6.9083,-6.3543,-6.5901,-11.9929,-12.0343,-13.8462,-8.7920,-7.1295,-7.3977,-8.6026,-6.5906,-8.5121,-5.9017,-5.5615,-4.8591,-2.9394,-1.1410,-2.8028,-2.7190,-4.2681,-5.5491,-4.9048,-3.7615,-2.2147,-2.4487,-2.0921,-1.9689,0.6720,0.9021,1.0665,0.9922,2.7444,3.0187,2.9652,2.9405,3.2976,3.7706,3.2236,3.2907,3.3352,3.3558,3.3525,3.3272,3.2778,3.2131,3.1322,3.0311,2.9170,2.7954,2.7017,2.6241,2.5035,2.3517,2.1943,2.0271,1.8436,1.6577,1.4568,1.2429,1.0270,0.8036,0.5620,0.3112,-0.0651,-0.5774,-0.8365,-1.0999,-1.3735,-1.6187,-1.8429,-2.0650,-2.2843,-2.5004,-2.7137,-2.9243,-3.1320,-3.3368,-3.5386,-3.7375,-3.9334,-4.1263,-4.3162,-4.5031,-4.6871,-4.8680,-5.0460,-5.2210,-5.3929,-5.5618,-5.7275,-5.8901,-6.0495,-6.2056,-6.3583,-6.5076,-6.6533,-6.7955,-6.9340,-7.0686,-7.1994,-7.3261,-7.4488,-7.5672,-7.6813,-7.7910,-7.8962,-7.9968,-8.0926,-8.1836,-8.2697,-8.3508,-8.4268,-8.4977,-8.5633,-8.6236,-8.6786,-8.7282,-8.7724,-8.8112,-8.8446,-8.8726,-8.8952,-8.9124,-8.9243,-8.9309,-8.9326,-8.9301
45108.8750000,2.9579,3.8475,2.5146,6.8175,5.8052,3.6787,2.7766,3.1503,5.7730,6.3358,6.0946,5.8413,4.2732,3.3024,3.7622,2.6365,2.7946,3.6857,1.0063,3.6673,2.8192,2.4254,2.7237,3.5663,5.8108,5.4779,-0.4065,3.1881,0.0016,0.8352,-1.3879,-1.0469,2.4409,2.3459,0.7693,4.1419,4.7725,0.5960,6.5556,5.9408,6.3166,4.6837,6.0990,8.3789,3.7118,2.1203,3.6563,5.4950,6.0058,4.9569,5.0375,4.2766,6.5068,-4.5185,-8.0314,-3.6118,-1.6856,1.0684,1.6389,1.8385,1.9624,-2.2695,-3.8345,-1.7886,-2.4512,1.5942,-1.4377,-2.8158,-4.4356,-2.0097,-2.5302,0.4271,1.2292,2.2900,-1.0082,-2.1455,3.5597,2.6777,6.6087,3.3108,7.0354,6.3650,5.4190,5.6897,6.0014,5.2540,1.7640,6.1840,5.5869,5.8583,6.1467,6.8215,6.6033,8.1849,9.4158,10.1888,10.1905,9.8038,8.8988,7.8236,9.5943,7.9593,7.3855,7.0101,7.4066,6.8065,8.3828,7.2435,7.3609,7.4166,6.9898,7.8862,7.9023,8.1360,6.8097,6.6507,6.4297,5.1688,4.5982,5.9530,4.1053,3.8091,0.8425,0.0900,0.0388,2.8920,4.1741,3.3947,2.6652,1.5142,0.3577,-0.7436,1.3008,-0.8594,-1.5919,-1.9660,-0.5653,-0.4894,-2.3243,-1.7539,-1.9927,0.0085,-1.0404,-3.3997,-2.3337,-1.7226,-3.4581,-2.9718,-3.3628,-8.4007,-8.6905,-10.9787,-6.6075,-5.0140,-5.3917,-6.4972,-4.7839,-6.3704,-4.2902,-4.0582,-3.2909,-1.5783,-0.0152,-1.3863,-1.3282,-2.6690,-3.8739,-3.3326,-2.2585,-0.7491,-0.9125,-0.5556,-0.3512,1.9334,2.1281,2.3420,2.4057,3.9786,4.3112,4.1979,4.0894,4.5320,5.0728,4.7255,4.8383,4.9268,4.9901,5.0281,5.0436,5.0332,5.0034,4.9609,4.8987,4.8224,4.7369,4.6705,4.6140,4.5199,4.3978,4.2683,4.1280,3.9721,3.8116,3.6367,3.4492,3.2581,3.0591,2.8439,2.6197,2.2933,1.8560,1.6201,1.3797,1.1297,0.9015,0.6888,0.4769,0.2661,0.0568,-0.1512,-0.3578,-0.5630,-0.7667,-0.9685,-1.1686,-1.3666,-1.5626,-1.7563,-1.9477,-2.1366,-2.3230,-2.5067,-2.6877,-2.8659,-3.0412,-3.2136,-3.3829,-3.5493,-3.7126,-3.8729,-4.0301,-4.1841,-4.3351,-4.4830,-4.6277,-4.7693,-4.9077,-5.0429,-5.1750,-5.3039,-5.4295,-5.5518,-5.6708,-5.7864,-5.8986,-6.0074,-6.1127,-6.2144,-6.3125,-6.4069,-6.4975,-6.5844,-6.6673,-6.7463,-6.8214,-6.8923,-6.9592,-7.0218,-7.0802,-7.1341,-7.1832,-7.2253,-7.2543
45108.9166667,7.4382,8.1607,6.8545,10.8546,9.7975,7.7772,6.8142,7.2499,9.5498,10.1745,10.0015,9.7366,8.8513,7.9965,8.3491,7.3054,7.3581,8.0670,5.5774,7.8619,7.0117,6.5733,6.7118,7.4712,9.4831,8.7999,3.6153,6.8939,3.9383,4.6473,2.6346,2.9393,6.1186,6.0224,4.6321,7.8171,8.4824,4.6920,10.0470,9.6342,10.0034,8.4372,9.7536,11.9621,7.8869,6.5001,7.7379,9.2781,9.5783,8.6386,8.6225,7.9703,9.9124,0.2363,-3.1318,0.7530,2.3985,4.7502,5.1382,5.3271,5.4124,1.7304,0.3488,2.1747,1.5990,5.2499,2.5492,1.3009,-0.2746,1.6606,1.0729,3.5445,4.1225,5.0155,2.0474,0.9444,6.0554,5.2294,8.7959,5.8115,9.1587,8.3217,7.5025,8.0252,8.4146,7.8114,4.7274,8.7368,8.1565,8.4679,8.9765,9.7727,9.4996,10.3840,11.3922,11.9117,11.7956,11.6916,11.4343,10.7738,12.0012,10.7222,10.3015,10.0716,10.4064,9.8915,11.5317,10.5620,10.4297,10.4290,10.0807,10.7569,10.7137,10.9656,10.3869,10.3499,10.2126,9.2228,8.5228,9.5779,8.3422,8.1589,5.8152,5.2076,5.1264,7.4901,8.1983,7.3567,6.9217,5.9893,4.9796,4.0154,5.7248,3.7715,3.0265,2.5868,3.6840,3.5768,1.9376,2.2995,1.9739,3.4614,2.5373,0.4377,1.2356,1.6386,0.0598,0.3971,-0.0961,-4.6876,-5.1753,-7.7202,-4.0634,-2.6803,-3.1821,-4.2403,-2.8307,-4.0941,-2.4830,-2.3770,-1.6431,-0.1943,1.1106,-0.0458,-0.0049,-1.1326,-2.1798,-1.7195,-0.7623,0.5872,0.4539,0.7618,0.9475,2.8046,2.8787,3.0788,3.2123,4.5749,4.8884,4.6512,4.4247,4.9212,5.4948,5.2984,5.4408,5.5673,5.6759,5.7655,5.8378,5.8878,5.9184,5.9413,5.9460,5.9365,5.9163,5.9078,5.9035,5.8651,5.8002,5.7254,5.6380,5.5342,5.4231,5.2970,5.1574,5.0117,4.8568,4.6859,4.5051,4.2395,3.8823,3.6840,3.4798,3.2657,3.0670,2.8789,2.6895,2.4993,2.3089,2.1179,1.9266,1.7352,1.5438,1.3528,1.1622,0.9721,0.7829,0.5946,0.4074,0.2214,0.0367,-0.1464,-0.3280,-0.5079,-0.6859,-0.8621,-1.0362,-1.2082,-1.3779,-1.5454,-1.7105,-1.8731,-2.0332,-2.1907,-2.3455,-2.4975,-2.6468,-2.7932,-2.9367,-3.0773,-3.2150,-3.3496,-3.4813,-3.6099,-3.7355,-3.8580,-3.9775,-4.0939,-4.2072,-4.3174,-4.4245,-4.5285,-4.6294,-4.7271,-4.8217,-4.9131,-5.0014,-5.0864,-5.1681,-5.2463,-5.3201,-5.3865,-5.4350
45108.9583333,11.0530,11.7839,10.5760,14.4432,13.3072,11.2390,10.1366,10.5021,12.4094,13.0664,12.9003,12.5689,12.3914,11.6928,12.0140,11.1600,11.2485,11.9174,9.7268,11.7379,10.9286,10.4733,10.4264,11.1402,12.9167,11.7796,7.1848,10.1635,7.3457,7.9037,6.1144,6.3985,9.2524,9.1042,7.8065,10.7894,11.4114,7.8460,12.5754,12.3406,12.6492,11.0674,12.2815,14.4545,10.8833,9.7043,10.8016,12.1226,12.2475,11.4717,11.3961,10.8937,12.6527,4.3607,1.3140,4.7336,6.1403,8.0648,8.2281,8.4078,8.3998,5.1750,3.9057,5.4608,4.9215,8.1655,5.7351,4.5833,3.2348,4.9879,4.4441,6.4646,6.8615,7.6959,5.0586,4.0319,8.6100,7.7775,10.9550,8.1525,11.0860,9.9778,9.1625,9.8911,10.2726,9.7110,6.9164,10.5093,9.8816,10.2097,10.9449,11.8633,11.4715,11.6084,12.4087,12.6944,12.4526,12.5735,12.9048,12.6234,13.5087,12.5877,12.3293,12.2436,12.4865,11.9936,13.7171,12.8204,12.3178,12.1700,11.8080,12.2642,12.1381,12.4104,12.5608,12.6545,12.6029,11.8660,10.9095,11.7419,11.1363,11.1124,9.5334,9.2240,9.1579,11.0283,11.0761,10.1122,10.0762,9.4481,8.6259,7.8912,9.4342,7.7404,7.0851,6.7204,7.5035,7.1222,5.7334,6.0182,5.6450,6.5688,5.8871,4.0564,4.5224,4.8709,3.4755,3.6340,3.1089,-1.1086,-1.7649,-4.3567,-1.3210,-0.1904,-0.7382,-1.7419,-0.6413,-1.7508,-0.5298,-0.5439,0.0783,1.2586,2.3230,1.2959,1.2851,0.2764,-0.6907,-0.3389,0.4627,1.6059,1.5181,1.8116,1.9658,3.4199,3.3608,3.5354,3.7147,4.8998,5.1787,4.8077,4.4598,4.9783,5.5538,5.4402,5.5648,5.6781,5.7785,5.8653,5.9401,5.9978,6.0399,6.0813,6.1106,6.1309,6.1449,6.1706,6.2018,6.2076,6.1937,6.1731,6.1433,6.1008,6.0526,5.9919,5.9196,5.8413,5.7539,5.6519,5.5397,5.3570,5.0979,4.9633,4.8209,4.6678,4.5239,4.3857,4.2436,4.0980,3.9494,3.7978,3.6434,3.4865,3.3273,3.1662,3.0033,2.8389,2.6733,2.5066,2.3392,2.1711,2.0027,1.8340,1.6653,1.4968,1.3285,1.1608,0.9937,0.8273,0.6619,0.4975,0.3343,0.1724,0.0119,-0.1470,-0.3043,-0.4599,-0.6136,-0.7654,-0.9152,-1.0629,-1.2084,-1.3517,-1.4927,-1.6313,-1.7674,-1.9011,-2.0322,-2.1607,-2.2866,-2.4098,-2.5302,-2.6479,-2.7628,-2.8750,-2.9842,-3.0907,-3.1943,-3.2949,-3.3926,-3.4871,-3.5773,-3.6595,-3.7207
