File Created:,Sat Mar 23 14:39:37 2024
Heat Source Version:,9.0.0b26
Simulation Name:,WFK23
User Text:,Westfork Kickapoo
Output:,Solar Radiation Flux Received by Stream (watts/square meter)
""
Datetime,27.200,27.100,27.000,26.900,26.800,26.700,26.600,26.500,26.400,26.300,26.200,26.100,26.000,25.900,25.800,25.700,25.600,25.500,25.400,25.300,25.200,25.100,25.000,24.900,24.800,24.700,24.600,24.500,24.400,24.300,24.200,24.100,24.000,23.900,23.800,23.700,23.600,23.500,23.400,23.300,23.200,23.100,23.000,22.900,22.800,22.700,22.600,22.500,22.400,22.300,22.200,22.100,22.000,21.900,21.800,21.700,21.600,21.500,21.400,21.300,21.200,21.100,21.000,20.900,20.800,20.700,20.600,20.500,20.400,20.300,20.200,20.100,20.000,19.900,19.800,19.700,19.600,19.500,19.400,19.300,19.200,19.100,19.000,18.900,18.800,18.700,18.600,18.500,18.400,18.300,18.200,18.100,18.000,17.900,17.800,17.700,17.600,17.500,17.400,17.300,17.200,17.100,17.000,16.900,16.800,16.700,16.600,16.500,16.400,16.300,16.200,16.100,16.000,15.900,15.800,15.700,15.600,15.500,15.400,15.300,15.200,15.100,15.000,14.900,14.800,14.700,14.600,14.500,14.400,14.300,14.200,14.100,14.000,13.900,13.800,13.700,13.600,13.500,13.400,13.300,13.200,13.100,13.000,12.900,12.800,12.700,12.600,12.500,12.400,12.300,12.200,12.100,12.000,11.900,11.800,11.700,11.600,11.500,11.400,11.300,11.200,11.100,11.000,10.900,10.800,10.700,10.600,10.500,10.400,10.300,10.200,10.100,10.000,9.900,9.800,9.700,9.600,9.500,9.400,9.300,9.200,9.100,9.000,8.900,8.800,8.700,8.600,8.500,8.400,8.300,8.200,8.100,8.000,7.900,7.800,7.700,7.600,7.500,7.400,7.300,7.200,7.100,7.000,6.900,6.800,6.700,6.600,6.500,6.400,6.300,6.200,6.100,6.000,5.900,5.800,5.700,5.600,5.500,5.400,5.300,5.200,5.100,5.000,4.900,4.800,4.700,4.600,4.500,4.400,4.300,4.200,4.100,4.000,3.900,3.800,3.700,3.600,3.500,3.400,3.300,3.200,3.100,3.000,2.900,2.800,2.700,2.600,2.500,2.400,2.300,2.200,2.100,2.000,1.900,1.800,1.700,1.600,1.500,1.400,1.300,1.200,1.100,1.000,0.900,0.800,0.700,0.600,0.500,0.400,0.300,0.200,0.100,0.000
45108.0000000,0.0000,0.0000,0.0000,0.0000,0.0000,0.0000,0.0000,0.0000,0.0000,0.0000,0.0000,0.0000,0.0000,0.0000,0.0000,0.0000,0.0000,0.0000,0.0000,0.0000,0.0000,0.0000,0.0000,0.0000,0.0000,0.0000,0.0000,0.0000,0.0000,0.0000,0.0000,0.0000,0.0000,0.0000,0.0000,0.0000,0.0000,0.0000,0.0000,0.0000,0.0000,0.0000,0.0000,0.0000,0.0000,0.0000,0.0000,0.0000,0.0000,0.0000,0.0000,0.0000,0.0000,0.0000,0.0000,0.0000,0.0000,0.0000,0.0000,0.0000,0.0000,0.0000,0.0000,0.0000,0.0000,0.0000,0.0000,0.0000,0.0000,0.0000,0.0000,0.0000,0.0000,0.0000,0.0000,0.0000,0.0000,0.0000,0.0000,0.0000,0.0000,0.0000,0.0000,0.0000,0.0000,0.0000,0.0000,0.0000,0.0000,0.0000,0.0000,0.0000,0.0000,0.0000,0.0000,0.0000,0.0000,0.0000,0.0000,0.0000,0.0000,0.0000,0.0000,0.0000,0.0000,0.0000,0.0000,0.0000,0.0000,0.0000,0.0000,0.0000,0.0000,0.0000,0.0000,0.0000,0.0000,0.0000,0.0000,0.0000,0.0000,0.0000,0.0000,0.0000,0.0000,0.0000,0.0000,0.0000,0.0000,0.0000,0.0000,0.0000,0.0000,0.0000,0.0000,0.0000,0.0000,0.0000,0.0000,0.0000,0.0000,0.0000,0.0000,0.0000,0.0000,0.0000,0.0000,0.0000,0.0000,0.0000,0.0000,0.0000,0.0000,0.0000,0.0000,0.0000,0.0000,0.0000,0.0000,0.0000,0.0000,0.0000,0.0000,0.0000,0.0000,0.0000,0.0000,0.0000,0.0000,0.0000,0.0000,0.0000,0.0000,0.0000,0.0000,0.0000,0.0000,0.0000,0.0000,0.0000,0.0000,0.0000,0.0000,0.0000,0.0000,0.0000,0.0000,0.0000,0.0000,0.0000,0.0000,0.0000,0.0000,0.0000,0.0000,0.0000,0.0000,0.0000,0.0000,0.0000,0.0000,0.0000,0.0000,0.0000,0.0000,0.0000,0.0000,0.0000,0.0000,0.0000,0.0000,0.0000,0.0000,0.0000,0.0000,0.0000,0.0000,0.0000,0.0000,0.0000,0.0000,0.0000,0.0000,0.0000,0.0000,0.0000,0.0000,0.0000,0.0000,0.0000,0.0000,0.0000,0.0000,0.0000,0.0000,0.0000,0.0000,0.0000,0.0000,0.0000,0.0000,0.0000,0.0000,0.0000,0.0000,0.0000,0.0000,0.0000,0.0000,0.0000,0.0000,0.0000,0.0000,0.0000,0.0000,0.0000,0.0000,0.0000,0.0000,0.0000,0.0000,0.0000,0.0000,0.0000,0.0000,0.0000,0.0000,0.0000,0.0000,0.0000,0.0000,0.0000,0.0000
45108.0416667,0.0000,0.0000,0.0000,0.0000,0.0000,0.0000,0.0000,0.0000,0.0000,0.0000,0.0000,0.0000,0.0000,0.0000,0.0000,0.0000,0.0000,0.0000,0.0000,0.0000,0.0000,0.0000,0.0000,0.0000,0.0000,0.0000,0.0000,0.0000,0.0000,0.0000,0.0000,0.0000,0.0000,0.0000,0.0000,0.0000,0.0000,0.0000,0.0000,0.0000,0.0000,0.0000,0.0000,0.0000,0.0000,0.0000,0.0000,0.0000,0.0000,0.0000,0.0000,0.0000,0.0000,0.0000,0.0000,0.0000,0.0000,0.0000,0.0000,0.0000,0.0000,0.0000,0.0000,0.0000,0.0000,0.0000,0.0000,0.0000,0.0000,0.0000,0.0000,0.0000,0.0000,0.0000,0.0000,0.0000,0.0000,0.0000,0.0000,0.0000,0.0000,0.0000,0.0000,0.0000,0.0000,0.0000,0.0000,0.0000,0.0000,0.0000,0.0000,0.0000,0.0000,0.0000,0.0000,0.0000,0.0000,0.0000,0.0000,0.0000,0.0000,0.0000,0.0000,0.0000,0.0000,0.0000,0.0000,0.0000,0.0000,0.0000,0.0000,0.0000,0.0000,0.0000,0.0000,0.0000,0.0000,0.0000,0.0000,0.0000,0.0000,0.0000,0.0000,0.0000,0.0000,0.0000,0.0000,0.0000,0.0000,0.0000,0.0000,0.0000,0.0000,0.0000,0.0000,0.0000,0.0000,0.0000,0.0000,0.0000,0.0000,0.0000,0.0000,0.0000,0.0000,0.0000,0.0000,0.0000,0.0000,0.0000,0.0000,0.0000,0.0000,0.0000,0.0000,0.0000,0.0000,0.0000,0.0000,0.0000,0.0000,0.0000,0.0000,0.0000,0.0000,0.0000,0.0000,0.0000,0.0000,0.0000,0.0000,0.0000,0.0000,0.0000,0.0000,0.0000,0.0000,0.0000,0.0000,0.0000,0.0000,0.0000,0.0000,0.0000,0.0000,0.0000,0.0000,0.0000,0.0000,0.0000,0.0000,0.0000,0.0000,0.0000,0.0000,0.0000,0.0000,0.0000,0.0000,0.0000,0.0000,0.0000,0.0000,0.0000,0.0000,0.0000,0.0000,0.0000,0.0000,0.0000,0.0000,0.0000,0.0000,0.0000,0.0000,0.0000,0.0000,0.0000,0.0000,0.0000,0.0000,0.0000,0.0000,0.0000,0.0000,0.0000,0.0000,0.0000,0.0000,0.0000,0.0000,0.0000,0.0000,0.0000,0.0000,0.0000,0.0000,0.0000,0.0000,0.0000,0.0000,0.0000,0.0000,0.0000,0.0000,0.0000,0.0000,0.0000,0.0000,0.0000,0.0000,0.0000,0.0000,0.0000,0.0000,0.0000,0.0000,0.0000,0.0000,0.0000,0.0000,0.0000,0.0000,0.0000,0.0000,0.0000,0.0000,0.0000,0.0000,0.0000,0.0000,0.0000,0.0000
45108.0833333,0.0000,0.0000,0.0000,0.0000,0.0000,0.0000,0.0000,0.0000,0.0000,0.0000,0.0000,0.0000,0.0000,0.0000,0.0000,0.0000,0.0000,0.0000,0.0000,0.0000,0.0000,0.0000,0.0000,0.0000,0.0000,0.0000,0.0000,0.0000,0.0000,0.0000,0.0000,0.0000,0.0000,0.0000,0.0000,0.0000,0.0000,0.0000,0.0000,0.0000,0.0000,0.0000,0.0000,0.0000,0.0000,0.0000,0.0000,0.0000,0.0000,0.0000,0.0000,0.0000,0.0000,0.0000,0.0000,0.0000,0.0000,0.0000,0.0000,0.0000,0.0000,0.0000,0.0000,0.0000,0.0000,0.0000,0.0000,0.0000,0.0000,0.0000,0.0000,0.0000,0.0000,0.0000,0.0000,0.0000,0.0000,0.0000,0.0000,0.0000,0.0000,0.0000,0.0000,0.0000,0.0000,0.0000,0.0000,0.0000,0.0000,0.0000,0.0000,0.0000,0.0000,0.0000,0.0000,0.0000,0.0000,0.0000,0.0000,0.0000,0.0000,0.0000,0.0000,0.0000,0.0000,0.0000,0.0000,0.0000,0.0000,0.0000,0.0000,0.0000,0.0000,0.0000,0.0000,0.0000,0.0000,0.0000,0.0000,0.0000,0.0000,0.0000,0.0000,0.0000,0.0000,0.0000,0.0000,0.0000,0.0000,0.0000,0.0000,0.0000,0.0000,0.0000,0.0000,0.0000,0.0000,0.0000,0.0000,0.0000,0.0000,0.0000,0.0000,0.0000,0.0000,0.0000,0.0000,0.0000,0.0000,0.0000,0.0000,0.0000,0.0000,0.0000,0.0000,0.0000,0.0000,0.0000,0.0000,0.0000,0.0000,0.0000,0.0000,0.0000,0.0000,0.0000,0.0000,0.0000,0.0000,0.0000,0.0000,0.0000,0.0000,0.0000,0.0000,0.0000,0.0000,0.0000,0.0000,0.0000,0.0000,0.0000,0.0000,0.0000,0.0000,0.0000,0.0000,0.0000,0.0000,0.0000,0.0000,0.0000,0.0000,0.0000,0.0000,0.0000,0.0000,0.0000,0.0000,0.0000,0.0000,0.0000,0.0000,0.0000,0.0000,0.0000,0.0000,0.0000,0.0000,0.0000,0.0000,0.0000,0.0000,0.0000,0.0000,0.0000,0.0000,0.0000,0.0000,0.0000,0.0000,0.0000,0.0000,0.0000,0.0000,0.0000,0.0000,0.0000,0.0000,0.0000,0.0000,0.0000,0.0000,0.0000,0.0000,0.0000,0.0000,0.0000,0.0000,0.0000,0.0000,0.0000,0.0000,0.0000,0.0000,0.0000,0.0000,0.0000,0.0000,0.0000,0.0000,0.0000,0.0000,0.0000,0.0000,0.0000,0.0000,0.0000,0.0000,0.0000,0.0000,0.0000,0.0000,0.0000,0.0000,0.0000,0.0000,0.0000,0.0000,0.0000,0.0000,0.0000,0.0000
45108.1250000,0.0000,0.0000,0.0000,0.0000,0.0000,0.0000,0.0000,0.0000,0.0000,0.0000,0.0000,0.0000,0.0000,0.0000,0.0000,0.0000,0.0000,0.0000,0.0000,0.0000,0.0000,0.0000,0.0000,0.0000,0.0000,0.0000,0.0000,0.0000,0.0000,0.0000,0.0000,0.0000,0.0000,0.0000,0.0000,0.0000,0.0000,0.0000,0.0000,0.0000,0.0000,0.0000,0.0000,0.0000,0.0000,0.0000,0.0000,0.0000,0.0000,0.0000,0.0000,0.0000,0.0000,0.0000,0.0000,0.0000,0.0000,0.0000,0.0000,0.0000,0.0000,0.0000,0.0000,0.0000,0.0000,0.0000,0.0000,0.0000,0.0000,0.0000,0.0000,0.0000,0.0000,0.0000,0.0000,0.0000,0.0000,0.0000,0.0000,0.0000,0.0000,0.0000,0.0000,0.0000,0.0000,0.0000,0.0000,0.0000,0.0000,0.0000,0.0000,0.0000,0.0000,0.0000,0.0000,0.0000,0.0000,0.0000,0.0000,0.0000,0.0000,0.0000,0.0000,0.0000,0.0000,0.0000,0.0000,0.0000,0.0000,0.0000,0.0000,0.0000,0.0000,0.0000,0.0000,0.0000,0.0000,0.0000,0.0000,0.0000,0.0000,0.0000,0.0000,0.0000,0.0000,0.0000,0.0000,0.0000,0.0000,0.0000,0.0000,0.0000,0.0000,0.0000,0.0000,0.0000,0.0000,0.0000,0.0000,0.0000,0.0000,0.0000,0.0000,0.0000,0.0000,0.0000,0.0000,0.0000,0.0000,0.0000,0.0000,0.0000,0.0000,0.0000,0.0000,0.0000,0.0000,0.0000,0.0000,0.0000,0.0000,0.0000,0.0000,0.0000,0.0000,0.0000,0.0000,0.0000,0.0000,0.0000,0.0000,0.0000,0.0000,0.0000,0.0000,0.0000,0.0000,0.0000,0.0000,0.0000,0.0000,0.0000,0.0000,0.0000,0.0000,0.0000,0.0000,0.0000,0.0000,0.0000,0.0000,0.0000,0.0000,0.0000,0.0000,0.0000,0.0000,0.0000,0.0000,0.0000,0.0000,0.0000,0.0000,0.0000,0.0000,0.0000,0.0000,0.0000,0.0000,0.0000,0.0000,0.0000,0.0000,0.0000,0.0000,0.0000,0.0000,0.0000,0.0000,0.0000,0.0000,0.0000,0.0000,0.0000,0.0000,0.0000,0.0000,0.0000,0.0000,0.0000,0.0000,0.0000,0.0000,0.0000,0.0000,0.0000,0.0000,0.0000,0.0000,0.0000,0.0000,0.0000,0.0000,0.0000,0.0000,0.0000,0.0000,0.0000,0.0000,0.0000,0.0000,0.0000,0.0000,0.0000,0.0000,0.0000,0.0000,0.0000,0.0000,0.0000,0.0000,0.0000,0.0000,0.0000,0.0000,0.0000,0.0000,0.0000,0.0000,0.0000,0.0000,0.0000,0.0000
45108.1666667,0.0000,0.0000,0.0000,0.0000,0.0000,0.0000,0.0000,0.0000,0.0000,0.0000,0.0000,0.0000,0.0000,0.0000,0.0000,0.0000,0.0000,0.0000,0.0000,0.0000,0.0000,0.0000,0.0000,0.0000,0.0000,0.0000,0.0000,0.0000,0.0000,0.0000,0.0000,0.0000,0.0000,0.0000,0.0000,0.0000,0.0000,0.0000,0.0000,0.0000,0.0000,0.0000,0.0000,0.0000,0.0000,0.0000,0.0000,0.0000,0.0000,0.0000,0.0000,0.0000,0.0000,0.0000,0.0000,0.0000,0.0000,0.0000,0.0000,0.0000,0.0000,0.0000,0.0000,0.0000,0.0000,0.0000,0.0000,0.0000,0.0000,0.0000,0.0000,0.0000,0.0000,0.0000,0.0000,0.0000,0.0000,0.0000,0.0000,0.0000,0.0000,0.0000,0.0000,0.0000,0.0000,0.0000,0.0000,0.0000,0.0000,0.0000,0.0000,0.0000,0.0000,0.0000,0.0000,0.0000,0.0000,0.0000,0.0000,0.0000,0.0000,0.0000,0.0000,0.0000,0.0000,0.0000,0.0000,0.0000,0.0000,0.0000,0.0000,0.0000,0.0000,0.0000,0.0000,0.0000,0.0000,0.0000,0.0000,0.0000,0.0000,0.0000,0.0000,0.0000,0.0000,0.0000,0.0000,0.0000,0.0000,0.0000,0.0000,0.0000,0.0000,0.0000,0.0000,0.0000,0.0000,0.0000,0.0000,0.0000,0.0000,0.0000,0.0000,0.0000,0.0000,0.0000,0.0000,0.0000,0.0000,0.0000,0.0000,0.0000,0.0000,0.0000,0.0000,0.0000,0.0000,0.0000,0.0000,0.0000,0.0000,0.0000,0.0000,0.0000,0.0000,0.0000,0.0000,0.0000,0.0000,0.0000,0.0000,0.0000,0.0000,0.0000,0.0000,0.0000,0.0000,0.0000,0.0000,0.0000,0.0000,0.0000,0.0000,0.0000,0.0000,0.0000,0.0000,0.0000,0.0000,0.0000,0.0000,0.0000,0.0000,0.0000,0.0000,0.0000,0.0000,0.0000,0.0000,0.0000,0.0000,0.0000,0.0000,0.0000,0.0000,0.0000,0.0000,0.0000,0.0000,0.0000,0.0000,0.0000,0.0000,0.0000,0.0000,0.0000,0.0000,0.0000,0.0000,0.0000,0.0000,0.0000,0.0000,0.0000,0.0000,0.0000,0.0000,0.0000,0.0000,0.0000,0.0000,0.0000,0.0000,0.0000,0.0000,0.0000,0.0000,0.0000,0.0000,0.0000,0.0000,0.0000,0.0000,0.0000,0.0000,0.0000,0.0000,0.0000,0.0000,0.0000,0.0000,0.0000,0.0000,0.0000,0.0000,0.0000,0.0000,0.0000,0.0000,0.0000,0.0000,0.0000,0.0000,0.0000,0.0000,0.0000,0.0000,0.0000,0.0000,0.0000,0.0000,0.0000,0.0000
45108.2083333,0.0000,0.0000,0.0000,0.0000,0.0000,0.0000,0.0000,0.0000,0.0000,0.0000,0.0000,0.0000,0.0000,0.0000,0.0000,0.0000,0.0000,0.0000,0.0000,0.0000,0.0000,0.0000,0.0000,0.0000,0.0000,0.0000,0.0000,0.0000,0.0000,0.0000,0.0000,0.0000,0.0000,0.0000,0.0000,0.0000,0.0000,0.0000,0.0000,0.0000,0.0000,0.0000,0.0000,0.0000,0.0000,0.0000,0.0000,0.0000,0.0000,0.0000,0.0000,0.0000,0.0000,0.0000,0.0000,0.0000,0.0000,0.0000,0.0000,0.0000,0.0000,0.0000,0.0000,0.0000,0.0000,0.0000,0.0000,0.0000,0.0000,0.0000,0.0000,0.0000,0.0000,0.0000,0.0000,0.0000,0.0000,0.0000,0.0000,0.0000,0.0000,0.0000,0.0000,0.0000,0.0000,0.0000,0.0000,0.0000,0.0000,0.0000,0.0000,0.0000,0.0000,0.0000,0.0000,0.0000,0.0000,0.0000,0.0000,0.0000,0.0000,0.0000,0.0000,0.0000,0.0000,0.0000,0.0000,0.0000,0.0000,0.0000,0.0000,0.0000,0.0000,0.0000,0.0000,0.0000,0.0000,0.0000,0.0000,0.0000,0.0000,0.0000,0.0000,0.0000,0.0000,0.0000,0.0000,0.0000,0.0000,0.0000,0.0000,0.0000,0.0000,0.0000,0.0000,0.0000,0.0000,0.0000,0.0000,0.0000,0.0000,0.0000,0.0000,0.0000,0.0000,0.0000,0.0000,0.0000,0.0000,0.0000,0.0000,0.0000,0.0000,0.0000,0.0000,0.0000,0.0000,0.0000,0.0000,0.0000,0.0000,0.0000,0.0000,0.0000,0.0000,0.0000,0.0000,0.0000,0.0000,0.0000,0.0000,0.0000,0.0000,0.0000,0.0000,0.0000,0.0000,0.0000,0.0000,0.0000,0.0000,0.0000,0.0000,0.0000,0.0000,0.0000,0.0000,0.0000,0.0000,0.0000,0.0000,0.0000,0.0000,0.0000,0.0000,0.0000,0.0000,0.0000,0.0000,0.0000,0.0000,0.0000,0.0000,0.0000,0.0000,0.0000,0.0000,0.0000,0.0000,0.0000,0.0000,0.0000,0.0000,0.0000,0.0000,0.0000,0.0000,0.0000,0.0000,0.0000,0.0000,0.0000,0.0000,0.0000,0.0000,0.0000,0.0000,0.0000,0.0000,0.0000,0.0000,0.0000,0.0000,0.0000,0.0000,0.0000,0.0000,0.0000,0.0000,0.0000,0.0000,0.0000,0.0000,0.0000,0.0000,0.0000,0.0000,0.0000,0.0000,0.0000,0.0000,0.0000,0.0000,0.0000,0.0000,0.0000,0.0000,0.0000,0.0000,0.0000,0.0000,0.0000,0.0000,0.0000,0.0000,0.0000,0.0000,0.0000,0.0000,0.0000,0.0000,0.0000,0.0000
45108.2500000,6.5926,9.5286,6.4890,10.8479,10.8296,12.8961,10.0570,11.0860,12.2210,11.1659,12.4196,11.8082,12.4793,11.8403,10.7615,12.9093,12.7902,12.1979,8.8465,9.2216,7.1587,6.4108,8.7318,9.1408,11.2718,9.4324,4.5291,10.1007,7.2601,7.3118,6.1611,7.2705,9.2669,7.2644,7.1153,10.0568,10.8637,7.9598,11.3950,8.0618,11.1065,6.4002,9.3734,11.0515,11.8111,9.7267,12.4750,11.4674,9.3026,11.1184,9.3686,10.5372,9.9301,7.7243,6.8238,7.8229,7.9164,11.7686,12.4601,12.2316,12.1352,6.2418,4.8739,7.0091,6.4910,10.8222,11.2030,12.4341,12.8669,9.6408,8.7746,12.1108,9.7323,10.6634,10.2845,9.8008,10.4909,8.3496,8.3974,11.6426,11.9036,11.2248,7.8271,9.7822,11.2778,9.1842,4.6765,12.3753,11.2316,10.1128,11.2956,10.2923,8.0029,8.9263,11.8031,10.7197,12.1384,12.4925,12.1702,10.6783,11.3933,9.6342,10.6311,10.2900,12.5041,10.4721,9.6419,11.4574,11.4090,12.0776,10.7388,10.4802,11.4854,11.1422,11.4328,10.1581,10.9183,9.3167,10.0770,12.4236,9.6764,12.1189,7.2433,10.5282,9.9598,12.3081,11.8899,9.3287,9.5971,10.2435,9.3330,8.1769,9.7350,10.0715,10.4634,10.9667,11.1221,8.9652,6.9871,10.6605,10.2354,12.1393,11.8565,5.7813,8.4274,7.2030,8.8100,8.2292,9.0215,10.3184,11.8740,10.5462,10.0550,9.8271,11.9854,9.0245,10.6213,11.4735,10.9592,10.7587,10.7926,10.6382,10.5314,7.6738,11.0126,9.7793,11.7619,12.8739,12.2024,13.2222,10.5100,11.7022,12.3544,11.6218,11.5960,12.4162,12.3513,11.3225,12.0125,11.6273,10.5241,10.0091,10.3425,11.6154,10.4858,9.4448,8.5105,7.6875,6.9706,6.4195,5.8764,5.4051,4.9952,4.6369,4.3285,4.0502,3.8033,3.5829,3.3854,3.2076,3.0467,2.9005,2.7673,2.6453,2.5334,2.4303,2.3350,2.2468,2.1648,2.0885,2.0173,1.9507,1.8883,1.8296,1.7745,1.7225,1.6735,1.6271,1.5832,1.5416,1.5021,1.4645,1.4288,1.3947,1.3622,1.3312,1.3015,1.2732,1.2460,1.2199,1.1949,1.1709,1.1479,1.1257,1.1044,1.0838,1.0640,1.0449,1.0265,1.0087,0.9915,0.9749,0.9588,0.9432,0.9282,0.9136,0.9008,0.8871,0.8737,0.8614,0.8488,0.8366,0.8247,0.8132,0.8020,0.7910,0.7804,0.7701,0.7621,0.7523,0.7427,0.7333,0.7242,0.7153,0.7066,0.6981,0.6899,0.6818,0.6739,0.6662,0.6586,0.6512,0.6440
45108.2916667,21.6952,31.3582,21.3561,36.7366,36.5739,44.6874,35.0479,46.0307,42.0477,39.4438,50.2216,40.7292,42.8586,39.0024,35.4233,51.9045,51.5485,42.1282,30.7197,30.5812,23.5666,21.1051,32.6914,31.2060,37.6349,31.8990,14.9135,34.1562,29.0789,24.6544,27.8802,31.5316,31.2540,23.9227,23.4321,33.1195,44.8824,30.4034,38.4567,26.5519,37.8725,21.0808,30.8342,37.6309,40.2641,35.1873,48.4167,39.2075,31.5450,37.5750,30.8621,34.7119,33.3141,26.1107,29.8303,26.9137,26.9247,42.8210,50.0764,46.9204,48.9871,23.2718,16.0561,23.0898,23.3693,37.0291,46.2317,50.6428,46.9282,34.0306,29.2089,41.4771,32.0718,37.0258,39.0938,34.3454,38.5720,29.1728,28.1995,47.4361,47.9931,38.2665,25.8044,32.2512,37.1807,30.2791,15.4176,42.9018,46.2321,33.3400,38.0334,33.9350,26.3854,29.4312,40.7862,36.0691,41.7054,50.3396,49.2703,35.3184,39.6316,32.3504,35.7696,35.6207,42.7565,35.2217,32.6935,47.0158,39.7080,40.1761,36.4912,34.5650,39.0727,37.5597,39.6560,35.3352,37.5699,31.4524,33.2428,42.9018,32.5746,40.7939,23.8965,38.9370,34.0069,49.7146,41.0526,31.8553,32.3479,34.4653,40.1154,29.1060,32.3845,36.1065,36.2471,38.1808,37.3130,29.5807,23.0551,37.7773,40.1299,41.8094,39.6396,19.0774,27.8073,23.7701,29.9669,29.7085,31.0219,34.0522,39.1860,39.4335,34.0981,33.3113,48.8568,30.8620,35.8677,40.6882,36.8217,36.7051,40.1926,36.3172,39.0932,30.9309,38.2455,37.3217,48.4636,52.0827,49.8880,53.2534,35.1177,48.0186,50.2248,39.3393,39.9681,50.3107,42.5063,38.3374,48.5947,39.7248,35.4936,34.3043,37.4050,39.7033,35.2237,31.1785,28.0951,25.3790,23.0127,21.1941,19.4015,17.8461,16.4930,15.3105,14.2927,13.3743,12.5591,11.8319,11.1800,10.5929,10.0618,9.5794,9.1396,8.7372,8.3677,8.0273,7.7129,7.4216,7.1511,6.8992,6.6642,6.4443,6.2383,6.0448,5.8628,5.6913,5.5294,5.3763,5.2314,5.0940,4.9636,4.8396,4.7216,4.6092,4.5020,4.3996,4.3017,4.2080,4.1183,4.0323,3.9498,3.8706,3.7945,3.7213,3.6509,3.5830,3.5176,3.4546,3.3937,3.3350,3.2782,3.2234,3.1703,3.1189,3.0692,3.0210,2.9790,2.9336,2.8896,2.8488,2.8073,2.7670,2.7278,2.6897,2.6527,2.6167,2.5816,2.5474,2.5212,2.4887,2.4571,2.4262,2.3961,2.3667,2.3380,2.3100,2.2827,2.2560,2.2300,2.2045,2.1796,2.1552,2.1314
45108.3333333,43.5013,62.8773,42.8229,114.3980,114.2435,130.4647,110.6503,118.5277,125.1460,82.4042,126.4137,122.5745,127.0847,123.2269,71.5165,130.2590,129.3660,124.6982,90.6946,71.8675,50.2913,42.3259,75.3492,103.4990,87.1080,105.2986,29.9118,110.3151,71.5683,63.3924,76.3067,83.6264,92.6449,47.9839,47.0000,73.8710,115.0577,71.4567,101.8404,53.2606,116.4566,42.2875,79.3231,115.0776,123.0266,78.2757,116.7233,119.4593,87.7721,117.8985,69.9892,77.4429,74.1571,60.5559,79.3610,93.9419,94.5945,120.4871,125.3451,104.2344,123.1002,53.1197,32.2107,68.9526,51.8697,114.0905,118.4117,128.2496,108.6320,78.6636,67.5591,123.4634,70.2414,112.3471,91.7844,109.2234,88.1260,62.8896,95.3484,120.3091,120.4617,116.8615,51.7865,64.7253,87.7752,60.7670,30.9414,125.3412,118.1922,73.1491,93.4329,98.7566,52.9536,59.0678,121.2807,113.5484,123.5462,126.2885,124.1243,75.4632,117.4849,80.8786,85.6081,75.5487,127.0896,95.4021,106.5087,119.8431,120.2940,125.1024,103.8842,74.2695,120.6130,117.6895,119.6175,89.9137,115.9337,105.0849,72.3485,126.8373,66.4358,124.9068,56.2815,88.7196,109.9164,124.9430,122.7471,106.7867,72.9620,77.1551,106.2764,98.1165,71.4295,79.3676,113.6976,116.8416,82.4978,59.3884,46.2885,81.9817,94.0849,125.8013,88.6693,38.3033,63.9314,47.7265,80.3257,66.9853,71.5836,76.8035,86.5633,94.4390,88.9932,109.1610,123.8308,88.3582,114.5743,82.5263,81.7479,114.9080,103.1488,76.1289,99.7793,77.8751,82.7672,109.1051,123.9763,131.1336,126.7714,133.5536,86.9898,122.3948,127.0003,120.8018,85.5581,126.8088,126.3124,117.6283,122.2912,120.2887,113.4294,72.1278,82.1341,120.2884,78.2096,68.0079,56.4203,50.9665,46.2152,42.5635,38.9640,35.8409,33.1238,30.7493,28.7056,26.8614,25.2246,23.7643,22.4553,21.2764,20.2100,19.2414,18.3583,17.5501,16.8081,16.1247,15.4934,14.9085,14.3652,13.8594,13.3874,12.9459,12.5322,12.1437,11.7782,11.4338,11.1087,10.8014,10.5104,10.2346,9.9727,9.7237,9.4868,9.2610,9.0457,8.8400,8.6434,8.4554,8.2752,8.1026,7.9369,7.7779,7.6250,7.4780,7.3366,7.2004,7.0691,6.9425,6.8203,6.7023,6.5883,6.4782,6.3716,6.2685,6.1686,6.0719,5.9874,5.8963,5.8080,5.7259,5.6426,5.5617,5.4830,5.4066,5.3322,5.2599,5.1894,5.1209,5.0683,5.0030,4.9394,4.8774,4.8169,4.7579,4.7004,4.6442,4.5893,4.5357,4.4834,4.4322,4.3822,4.3333,4.2855
45108.3750000,64.5668,107.7480,67.7376,209.9539,209.6923,236.2704,205.8197,218.5446,227.5257,134.1701,229.3947,223.8909,230.6263,225.2456,190.6373,235.8799,234.2583,226.5927,142.2494,114.8582,124.3797,62.8304,124.1626,194.1366,173.1452,196.6864,44.4056,204.7126,124.3379,94.4772,144.6202,155.4805,196.4060,71.2371,81.1322,203.5088,211.4693,119.5038,215.5558,92.0569,213.3492,62.7843,129.9280,210.3273,224.9421,125.0854,230.9805,218.4010,136.4847,216.7994,198.7338,212.0287,199.9610,191.4649,146.9448,179.1392,180.1410,219.0201,226.5267,223.8614,223.0949,95.9137,47.8259,119.7043,77.8455,209.3703,217.5214,233.7618,240.9412,116.0490,127.7489,224.1075,199.3549,206.2831,154.5325,203.9635,204.0321,106.1932,178.9424,219.4826,218.1148,213.5905,82.9345,119.2563,157.2064,90.2500,45.9534,227.0387,216.8344,206.0221,216.4865,167.8883,95.9932,106.0801,220.7383,208.6987,224.1335,228.6162,225.3719,148.8688,214.0458,172.0214,210.8209,126.1048,230.4750,162.3737,198.3339,219.4167,220.8274,228.3272,182.1784,210.7259,221.1115,216.1425,219.0226,150.8020,213.2776,196.9239,211.9230,230.3835,107.0419,227.5897,87.8785,210.1136,204.6525,226.4687,223.7691,201.0138,201.7229,209.1437,199.7387,187.1613,125.1813,125.8884,210.6993,215.2275,216.9337,107.8359,81.3354,117.6396,209.6827,229.6443,225.7058,56.9049,194.2706,75.6460,193.7189,139.9704,115.4955,219.9136,235.7356,221.4062,206.9710,203.6528,225.8262,151.5907,211.8406,140.3078,214.7682,211.8006,212.6131,129.2319,173.7127,138.5903,150.7564,203.8249,227.5891,238.0414,231.6341,241.7517,127.6372,224.1016,231.2344,220.7192,141.2854,230.3478,229.5577,214.8453,221.8638,219.4145,209.6582,123.4682,151.5383,219.4894,208.3638,198.1077,100.3160,87.3966,68.6702,63.2450,57.8971,53.2569,49.2200,45.6921,42.6557,39.9157,37.4837,35.3141,33.3692,31.6176,30.0332,28.5941,27.2820,26.0813,24.9789,23.9634,23.0254,22.1564,21.3493,20.5978,19.8964,19.2405,18.6258,18.0485,17.5055,16.9938,16.5108,16.0542,15.6219,15.2120,14.8229,14.4530,14.1010,13.7655,13.4456,13.1400,12.8480,12.5685,12.3009,12.0443,11.7982,11.5619,11.3348,11.1164,10.9063,10.7039,10.5088,10.3207,10.1392,9.9639,9.7945,9.6308,9.4725,9.3193,9.1709,9.0272,8.9017,8.7664,8.6351,8.5132,8.3894,8.2692,8.1523,8.0387,7.9282,7.8207,7.7161,7.6142,7.5360,7.4391,7.3446,7.2525,7.1626,7.0750,6.9895,6.9060,6.8245,6.7448,6.6670,6.5910,6.5167,6.4441,6.3730
45108.4166667,81.4869,143.4928,188.7342,353.4988,353.0968,392.1939,351.4519,369.8050,379.2695,264.5346,381.6000,375.0860,383.6776,377.6537,277.4474,391.5116,388.8074,377.4959,338.9108,236.7335,190.5981,100.8203,166.5265,334.3338,359.4092,337.2817,56.0598,348.6995,220.5632,158.2185,247.1446,260.8422,338.0991,311.4480,125.1849,346.5061,356.5984,168.9492,360.7779,317.5006,358.5342,133.7681,211.6570,352.5550,377.2527,184.6422,384.4998,366.2301,332.3784,365.7965,342.2034,360.5853,340.0208,340.7583,243.2276,313.6017,314.9397,364.9980,375.1286,371.3918,370.5764,172.9176,160.8270,212.0495,139.8651,352.4733,366.6176,390.7510,402.3742,245.4194,234.0026,372.9033,340.4222,347.4680,227.4518,349.6854,343.9137,171.8632,308.2789,367.1917,361.9248,358.0350,218.0252,138.7575,360.9694,187.0628,58.0514,376.9195,364.9457,351.4021,363.6266,345.7877,320.3733,335.4334,368.3605,351.9171,372.7167,379.2892,375.1242,356.3702,357.5638,262.4867,357.2086,197.7845,383.1221,279.0512,339.0244,368.4954,371.9229,382.1924,276.8506,358.3000,371.8598,364.1906,367.8654,194.8867,359.9997,338.8059,364.3202,383.6327,193.9606,380.2662,112.7592,356.5845,349.7961,376.2419,374.0786,347.4401,346.6514,356.9549,344.6812,327.7758,341.8503,199.5588,358.3905,363.7969,366.0536,345.7709,320.6970,207.7682,358.1841,384.4721,378.4914,71.9207,340.7842,312.4248,336.3359,174.9113,186.2603,379.3268,399.7682,380.5615,353.9417,348.8030,377.6687,335.5536,359.4742,219.2180,362.8257,358.2346,359.6598,200.9698,269.9491,218.9870,264.5955,349.5861,383.3294,396.1382,388.2034,401.0826,174.3812,376.3962,386.0560,369.8669,219.3671,383.5993,382.4835,359.8703,368.9429,367.0138,355.6468,194.1886,193.2841,367.2753,353.2111,340.2445,328.6058,318.3523,115.4342,101.8495,73.1950,67.3298,62.2271,57.7678,53.9297,50.4663,47.3922,44.6498,42.1914,39.9773,37.9745,36.1554,34.4969,32.9792,31.5857,30.3021,29.1164,28.0179,26.9977,26.0478,25.1612,24.3321,23.5551,22.8254,22.1390,21.4922,20.8817,20.3045,19.7580,19.2399,18.7481,18.2805,17.8355,17.4115,17.0070,16.6208,16.2516,15.8984,15.5601,15.2358,14.9247,14.6260,14.3389,14.0629,13.7972,13.5414,13.2948,13.0570,12.8275,12.6060,12.3919,12.1850,11.9849,11.7912,11.6036,11.4219,11.2633,11.0923,10.9264,10.7723,10.6158,10.4638,10.3161,10.1725,10.0328,9.8969,9.7647,9.6359,9.5371,9.4146,9.2951,9.1787,9.0651,8.9543,8.8462,8.7407,8.6376,8.5370,8.4387,8.3426,8.2486,8.1568,8.0670
45108.4583333,251.0523,268.3945,473.1145,522.9206,522.3791,572.3304,526.8025,549.6622,555.7198,536.8930,558.0230,552.2484,561.1054,556.4550,537.0618,571.2847,567.3165,552.8076,515.9616,507.3657,276.7373,472.7088,209.3841,505.0414,529.4128,507.5149,56.7055,521.4755,242.5735,488.9785,168.0212,372.2550,348.0255,482.1550,488.5935,517.9927,528.2808,245.1019,530.6702,485.3535,529.4176,138.5863,286.1785,519.3082,556.0134,274.0679,562.6380,539.6755,250.1195,542.2177,516.8784,538.4699,507.6670,529.9286,245.8141,239.1799,297.0924,534.6499,546.1239,541.6460,541.1070,271.5676,118.9943,161.4965,212.5178,521.3384,340.9383,574.1021,590.6628,516.3061,497.9815,545.4273,510.2620,514.1963,533.5943,275.7754,509.2644,482.1330,465.7904,539.8876,527.9165,527.4017,486.7513,340.5632,532.1178,506.8821,58.7826,550.0798,539.6753,526.1774,536.6895,514.4846,491.0530,509.0594,540.2876,521.3216,544.8238,553.1853,548.8430,530.1095,524.9605,511.1204,531.5768,528.4019,559.8518,536.4221,508.6434,543.8085,550.3658,562.2563,547.9794,534.9544,549.5100,539.1325,542.9221,271.0153,533.8165,511.3538,371.8864,561.5421,527.1160,558.4387,230.6910,280.8940,524.7833,549.4706,549.6195,334.2632,522.6430,534.8185,349.0293,254.4394,512.7895,531.1013,535.2783,540.1632,542.6384,527.0973,223.2168,541.1218,537.0916,565.7180,557.7760,482.9866,523.3580,484.5602,511.8151,252.6477,515.5723,573.9209,595.4695,573.9493,531.2637,265.7717,303.6781,261.1170,535.7032,567.7694,538.4460,532.2172,534.4085,384.7169,510.0656,478.9990,534.6599,526.1383,567.2882,579.5149,571.7799,585.0038,545.9328,555.5253,566.5239,544.6805,549.9548,561.5282,560.1776,529.7254,539.2984,539.5309,529.8194,516.4760,515.8984,540.1087,525.8509,512.7034,500.9013,490.5038,481.4416,478.7725,471.9305,465.9679,88.4911,58.5728,54.6826,51.1721,48.0562,45.2765,42.7846,40.5404,38.5104,36.6666,34.9854,33.4471,32.0346,30.7336,29.5317,28.4183,27.3842,26.4213,25.5227,24.6823,23.8946,23.1551,22.4593,21.8037,21.1848,20.5998,20.0459,19.5207,19.0221,18.5482,18.0971,17.6673,17.2574,16.8659,16.4917,16.1336,15.7907,15.4620,15.1467,14.8439,14.5529,14.2731,14.0038,13.7445,13.4945,13.2535,13.0209,12.7963,12.5794,12.3696,12.1667,11.9704,11.7803,11.5961,11.4354,11.2620,11.0938,10.9377,10.7790,10.6250,10.4753,10.3297,10.1881,10.0504,9.9163,9.7858,9.6857,9.5615,9.4404,9.3224,9.2073,9.0950,8.9854,8.8784,8.7740,8.6719,8.5723,8.4749,8.3797,8.2866,8.1955
45108.5000000,356.0190,308.9223,534.8274,585.9056,585.3079,639.9523,591.5650,616.4449,621.7594,601.6478,624.1325,618.3694,627.5977,623.1727,602.3690,638.7708,634.3181,618.4335,580.8331,570.3485,344.1087,534.4816,296.9433,567.7865,592.7809,570.2126,519.4906,585.3485,387.3723,551.9457,262.0048,280.0841,573.9531,544.1352,551.7938,581.3918,592.0795,284.2042,594.0517,546.6497,593.0333,206.7856,382.6605,581.4385,622.7117,316.4498,629.3853,604.3484,227.1736,607.8037,581.1299,604.3375,569.6565,598.6524,287.9362,277.1203,376.8397,598.1006,610.3323,605.4985,605.0182,249.7897,130.3102,244.7011,239.9857,584.1272,415.8770,642.6874,661.1776,580.0744,560.1877,610.0399,572.9516,576.1529,599.0855,591.1454,570.6729,542.6290,523.5692,604.3657,590.1293,590.5361,548.6314,570.0435,595.9068,569.8683,60.9497,615.0286,604.7134,590.7773,601.1650,577.0031,553.3402,572.7687,604.5668,584.2669,609.3058,618.4446,613.9079,594.5550,587.4685,574.1089,596.2467,593.0867,626.1229,602.0817,571.2259,609.1500,616.7981,629.5371,615.0381,600.3750,615.6940,604.2163,608.1645,586.5330,598.4106,574.8460,617.7961,628.2014,592.5514,625.0682,268.3799,321.8188,589.4037,614.4236,615.2220,592.4473,587.4727,600.5758,586.7250,294.6666,575.8836,596.5388,600.7794,605.6819,608.3006,593.5639,260.4354,607.2377,603.2173,633.4492,624.6957,547.3533,590.0498,547.0498,576.1444,568.8653,580.1667,645.6537,668.2288,645.3459,596.7546,589.0292,346.1220,301.0535,601.0374,636.8419,603.7017,596.8090,599.2869,585.1683,571.5546,540.0976,599.2504,591.2452,635.8309,648.3019,640.3653,654.1254,613.0730,622.3288,634.0669,609.9194,616.0521,628.1965,626.7356,593.0843,603.1153,603.9584,594.3856,579.7388,578.5734,604.6443,589.8588,576.2239,563.9843,553.2013,543.8029,541.5434,534.4507,528.2666,522.8834,518.1763,514.7871,511.1267,64.7011,58.8450,44.3708,42.0435,39.9384,38.0263,36.2830,34.6876,33.2229,31.8737,30.6274,29.4728,28.4003,27.4018,26.4700,25.5985,24.7817,24.0147,23.2932,22.6133,21.9715,21.3648,20.7904,20.2458,19.7288,19.2373,18.7696,18.3239,17.8987,17.4928,17.1047,16.7334,16.3778,16.0369,15.7099,15.3959,15.0942,14.8040,14.5247,14.2558,13.9966,13.7467,13.5055,13.2726,13.0476,12.8301,12.6197,12.4161,12.2189,12.0280,11.8613,11.6815,11.5071,11.3451,11.1806,11.0209,10.8656,10.7147,10.5679,10.4250,10.2860,10.1506,10.0469,9.9180,9.7925,9.6701,9.5507,9.4343,9.3206,9.2097,9.1013,8.9956,8.8922,8.7912,8.6925,8.5959,8.5015
45108.5416667,556.9916,597.0725,547.3000,600.1392,599.5254,655.7129,331.9837,631.4215,637.0081,616.2835,639.4619,633.4846,643.0165,638.4049,616.9753,654.5018,649.9337,633.6017,594.6874,584.0077,551.9672,546.9382,307.4174,581.3764,607.2319,583.8979,192.5238,599.4739,292.6806,288.1151,246.4527,292.3707,587.7044,556.9305,564.7483,595.4199,606.4621,297.8355,608.5497,559.6086,607.4703,536.0843,580.5741,595.5990,637.9332,610.2382,644.8482,619.0968,575.2440,622.5876,595.0640,618.9650,583.3968,267.7547,299.1735,287.1966,556.0734,612.7428,625.3494,620.3732,619.8691,264.9755,193.3729,263.5105,275.2153,598.3223,453.5259,658.4583,677.4371,594.0208,303.0932,625.0069,586.7447,590.1386,613.5601,605.3717,584.5121,297.0740,536.0408,619.1388,604.6063,604.9349,561.6125,583.7779,610.4383,583.5208,70.6491,630.1481,619.4436,605.0380,615.8217,590.9664,566.4543,586.4560,619.3686,598.4558,624.2626,633.6600,628.9757,608.9721,601.8197,587.9194,610.7037,607.4258,641.5197,616.6546,584.9714,624.0150,631.8355,644.9588,629.9485,614.9096,630.7164,618.9266,623.0045,600.7038,612.9569,588.6356,632.6878,643.6379,606.7985,640.3925,553.5217,610.7043,603.6168,629.5240,630.2870,327.1371,601.5941,615.0868,325.8507,307.4305,589.7527,610.9336,615.3237,620.4051,623.1058,607.7469,580.0495,621.9588,617.7897,648.9735,639.9789,560.0471,285.8510,559.9200,315.9600,582.3769,594.0450,661.2323,684.5355,660.9462,611.1535,603.2184,636.6569,314.7365,615.6096,652.3591,618.3796,611.2996,613.8401,599.3722,585.4272,552.8525,613.8314,605.4806,651.3637,664.2686,656.0605,670.2729,627.9086,637.5379,649.6339,624.8280,631.1007,643.6346,642.1310,607.5615,617.9157,618.7290,608.7905,593.7354,592.5860,619.4298,604.1536,590.0665,577.4209,566.2803,556.5703,554.1873,546.8593,540.4704,534.9089,530.0461,526.5383,522.7569,519.3982,516.3998,513.7098,52.2165,48.3320,39.2873,37.4860,35.8377,34.3244,32.9304,31.6427,30.4497,29.3417,28.3100,27.3473,26.4468,25.6029,24.8105,24.0650,23.3625,22.6995,22.0726,21.4791,20.9165,20.3823,19.8745,19.3912,18.9307,18.4915,18.0720,17.6710,17.2874,16.9200,16.5678,16.2299,15.9055,15.5938,15.2940,15.0054,14.7276,14.4598,14.2015,13.9523,13.7117,13.4792,13.2545,13.0371,12.8268,12.6231,12.4258,12.2535,12.0678,11.8876,11.7203,11.5503,11.3852,11.2248,11.0689,10.9172,10.7696,10.6260,10.4861,10.3789,10.2458,10.1161,9.9896,9.8663,9.7459,9.6285,9.5139,9.4020,9.2927,9.1859,9.0815,8.9795,8.8798,8.7823
45108.5833333,466.4242,509.6363,458.3587,517.2474,516.6911,569.1973,332.4607,318.6383,551.7776,531.0605,554.4798,547.3486,557.5418,551.3850,530.2110,568.1715,564.2140,548.9867,505.0696,498.1070,464.6779,457.7624,491.1553,495.7088,524.5202,498.8502,144.9258,367.7980,258.7420,256.7635,218.5820,257.2328,501.2066,469.0128,330.5225,510.4113,522.3107,265.3204,526.0511,474.2665,524.0641,449.1402,495.9447,514.4697,550.9060,368.6397,558.9659,534.6717,491.5038,536.0561,507.4221,530.9058,500.4153,239.3178,247.4621,255.4111,470.9005,530.8280,543.4996,538.6696,537.8937,229.4539,428.3212,322.7948,240.5158,515.7223,536.9188,569.5777,586.2755,507.6570,261.1773,541.8796,502.2831,508.5285,525.6429,517.2637,503.5076,471.8681,456.9682,535.3321,524.9312,522.5362,474.9221,500.1386,527.0933,497.5782,433.5699,546.9772,534.0061,518.2361,531.4110,507.8282,479.4399,498.8804,536.2114,515.4308,541.4101,550.2133,545.2422,523.3790,520.7430,502.8000,524.7571,520.8228,556.4851,528.8312,500.5294,538.5238,544.5109,557.5206,540.3846,527.4854,543.9360,533.2702,537.6303,514.9945,527.6690,284.3390,539.9388,557.8375,517.8287,554.0784,466.2257,524.3538,516.5137,546.2430,545.1895,292.7753,513.4853,526.6936,291.8117,272.7099,504.6760,522.7331,527.7488,533.7240,536.4954,515.8518,253.2308,533.7681,528.7942,560.9431,552.7203,465.6084,256.5117,471.1187,279.4978,272.7743,505.2509,313.0974,587.9851,564.1105,522.8409,515.6771,550.5938,282.7161,528.5995,560.9234,532.1215,525.7256,527.8751,515.8408,504.3969,466.9375,528.7346,297.7946,561.3406,575.9097,566.7821,582.0229,537.7477,550.1821,562.3002,539.8227,544.6753,557.8201,556.3695,525.0114,535.9113,535.0358,522.8307,508.9043,509.3144,535.5435,519.0177,503.7802,490.1028,478.0533,467.5522,463.4936,455.5601,448.6522,442.6398,437.3832,433.3940,429.3074,425.6784,62.4380,57.5756,46.9813,44.6281,42.4907,40.5419,38.7586,37.1213,35.6131,34.2199,32.9292,31.7305,30.6143,29.5727,28.5984,27.6854,26.8281,26.0216,25.2616,24.5442,23.8660,23.2239,22.6151,22.0372,21.4878,20.9649,20.4667,19.9915,19.5377,19.1039,18.6888,18.2913,17.9103,17.5448,17.1938,16.8565,16.5321,16.2200,15.9193,15.6296,15.3502,15.0806,14.8203,14.5688,14.3256,14.0905,13.8629,13.6425,13.4290,13.2427,13.0417,12.8467,12.6657,12.4818,12.3032,12.1297,11.9610,11.7968,11.6372,11.4818,11.3305,11.2144,11.0704,10.9301,10.7933,10.6598,10.5296,10.4026,10.2786,10.1575,10.0393,9.9237,9.8108,9.7005,9.5926,9.4870
45108.6250000,487.6353,526.0521,479.1994,530.5344,529.9831,580.9429,409.5342,303.1578,564.0001,544.7190,566.3723,560.3963,569.5028,564.6570,544.8091,579.8821,575.8508,561.0508,357.9083,514.4425,484.1299,478.7730,508.3101,512.0753,537.1943,353.8203,58.3469,307.2034,258.1250,345.2884,178.7346,245.7549,362.7594,307.5217,297.3971,525.3758,535.9584,254.9919,538.4943,491.9313,537.1630,469.4648,511.6949,526.9323,564.2068,336.8424,571.0528,547.6142,334.8355,550.1050,524.0945,546.1848,514.9111,226.5563,237.8897,244.9508,304.6781,542.6023,554.3567,549.7787,549.2120,212.2375,62.8791,229.0137,230.5813,528.9338,550.7927,582.6344,599.4730,523.5784,248.2918,553.5757,517.4906,521.6729,541.2008,281.6583,516.6546,488.7267,472.2372,547.8671,535.8286,535.1554,493.2953,515.0191,539.9351,513.9517,457.5113,558.3394,547.5627,533.6663,544.5603,521.8880,497.6837,516.0945,548.3121,528.8965,552.9745,561.5058,557.0434,537.7588,532.7274,369.3773,386.2260,535.9561,568.2482,544.1047,515.8370,551.7938,430.5584,570.5824,555.8479,542.6232,557.5643,546.9968,550.8930,530.0185,541.5727,271.7127,557.2449,569.9395,534.5145,566.7340,245.2436,539.0924,532.2254,557.7117,557.7673,280.9605,350.4975,542.4339,266.7916,277.7139,520.0512,538.6375,291.7039,368.8099,550.5377,534.3402,245.6911,548.9003,544.7302,574.0981,566.0057,96.1351,243.4670,490.9437,267.7432,262.1342,522.7036,298.6581,604.1144,582.0600,538.7987,531.6920,563.3437,203.0569,543.4148,576.0183,546.2638,539.9214,542.1447,529.5568,517.4789,485.4033,542.4486,284.7380,575.6008,588.2107,580.2404,593.8378,553.7234,563.6965,574.9612,552.7156,558.0413,569.9260,568.5457,537.5312,547.3639,547.5120,537.4457,523.8411,523.3329,548.0936,533.4259,519.9005,507.7594,497.0631,487.7406,484.9181,477.8793,471.7456,466.4065,81.7427,56.2542,52.6427,49.4371,46.5775,44.0139,41.7051,39.6167,37.7199,35.9904,34.4077,32.9546,31.6162,30.3797,29.2343,28.1704,27.1798,26.2554,25.3908,24.5805,23.8196,23.1039,22.4294,21.7927,21.1908,20.6210,20.0807,19.5678,19.0802,18.6162,18.1740,17.7523,17.3495,16.9645,16.5962,16.2434,15.9052,15.5808,15.2693,14.9700,14.6821,14.4051,14.1383,13.8812,13.6332,13.3939,13.1629,12.9397,12.7239,12.5152,12.3132,12.1176,11.9282,11.7628,11.5844,11.4114,11.2507,11.0876,10.9291,10.7750,10.6253,10.4796,10.3379,10.2000,10.0658,9.9628,9.8350,9.7104,9.5890,9.4706,9.3551,9.2423,9.1323,9.0248,8.9198,8.8173,8.7171,8.6192,8.5234,8.4297
45108.6666667,215.2216,370.8524,106.8260,379.9553,379.5284,420.7874,220.7341,314.7928,407.1386,389.9697,409.5311,402.9096,411.7661,405.7112,388.3164,420.0502,417.1456,405.2029,197.0200,362.2342,333.6671,326.7729,356.1049,157.9070,386.0881,363.3691,57.6804,298.9284,177.8620,183.1929,132.9361,172.1509,364.4282,336.8654,205.5818,372.9742,383.3661,185.2783,387.4841,342.8032,385.2766,159.6172,361.2111,378.7221,405.2962,378.8066,412.6828,393.4405,358.0748,393.2901,254.2165,388.0794,365.9286,162.2477,199.8726,146.1231,174.9525,391.7981,402.3432,398.4291,397.6185,160.7492,62.1403,329.4011,260.7328,378.8482,394.1186,419.6254,432.0610,369.8438,215.9762,400.2082,366.5593,373.4921,383.7956,209.7276,369.7026,341.8368,214.6503,394.3557,388.2776,384.6146,342.4935,365.2786,387.8074,361.7371,305.2986,404.3997,228.5642,378.3344,390.7285,371.9613,346.0383,361.8087,395.4811,378.3313,399.9762,406.9086,402.6104,383.3380,383.9355,366.5681,384.2621,380.5959,411.1291,386.4825,365.1022,395.9560,399.7891,410.5045,394.9861,385.6109,399.6458,391.4951,395.2834,376.3090,387.0766,201.1696,392.6454,411.7715,376.6461,408.3377,175.0711,383.6708,201.0101,403.7113,401.7174,206.3447,235.9859,263.6683,260.7588,185.8412,368.1385,381.1833,385.7278,391.2325,393.5736,373.1986,173.8289,272.3234,217.4994,412.9657,406.6244,74.0116,169.4505,338.0156,183.9645,149.4066,199.8481,287.2694,430.1214,410.1521,214.1541,275.8845,405.5967,199.2861,386.7767,410.8444,390.1608,385.2798,386.8206,378.3435,370.3965,177.2867,388.0675,266.1177,412.0610,425.1673,417.0322,430.3029,392.4154,404.4561,414.5168,397.3174,400.4646,411.7399,410.5698,386.5514,395.9254,394.1573,382.6392,371.7885,373.0898,394.4576,379.9840,366.6399,354.6622,344.1100,334.9145,108.5042,95.3785,69.2902,64.0391,59.4500,55.5003,51.9361,48.7726,45.9504,43.4204,41.1419,39.0809,37.2089,35.5021,33.9402,32.5062,31.1853,29.9651,28.8347,27.7848,26.8072,25.8949,25.0417,24.2420,23.4911,22.7848,22.1191,21.4908,20.8968,20.3345,19.8013,19.2951,18.8140,18.3560,17.9197,17.5035,17.1060,16.7261,16.3626,16.0144,15.6807,15.3605,15.0531,14.7577,14.4736,14.2002,13.9370,13.6832,13.4385,13.2024,12.9744,12.7541,12.5411,12.3352,12.1358,11.9428,11.7559,11.5926,11.4166,11.2459,11.0873,10.9263,10.7699,10.6179,10.4701,10.3264,10.1865,10.0504,9.9179,9.8162,9.6901,9.5672,9.4474,9.3305,9.2165,9.1052,8.9966,8.8906,8.7870,8.6858,8.5869,8.4903,8.3958,8.3033
45108.7083333,118.9325,228.8019,68.1858,238.7382,238.4466,267.8038,160.4126,162.1827,258.1355,244.9347,260.1361,254.2978,261.5370,255.8817,242.6673,267.3561,265.5163,257.0439,127.0739,196.0286,173.4149,67.4032,218.0665,110.7133,243.5695,224.5859,47.6384,184.6008,109.6251,92.8150,95.2525,114.6513,149.1806,86.6461,80.2695,231.9982,240.5447,118.1362,244.7796,208.5765,242.4949,143.4059,223.1946,238.9235,255.5536,233.6010,261.9743,248.1153,221.3562,246.6389,147.3817,241.6445,227.8866,134.1843,138.8727,123.2496,130.1574,206.0156,256.6255,253.7095,252.9104,132.9480,51.3101,197.5015,109.4722,166.1521,247.3998,265.3755,273.4672,201.3674,163.3846,254.1564,227.4141,234.5878,238.4392,173.2526,141.4954,208.9180,128.2677,249.2143,247.2078,242.6315,102.7203,226.9578,244.4753,222.7465,49.3050,257.3493,153.1469,234.9570,246.0331,159.3284,209.9799,221.7466,250.4980,237.3924,254.1512,259.0993,255.6082,239.5846,242.9608,155.8912,240.0670,236.8234,261.3198,240.5626,226.3023,249.3548,251.1190,259.2869,205.4792,240.1495,251.3595,245.8163,221.3355,234.1019,176.4083,132.0196,242.1203,261.3170,232.2552,258.3442,107.5239,239.3492,134.2439,256.7443,254.0377,133.1606,157.3861,159.2227,142.2523,117.3955,228.2251,236.2408,240.1399,244.9506,246.7967,227.7140,125.5862,202.2795,143.3356,260.7939,256.4152,61.0607,112.2023,77.9980,153.6905,98.9968,114.0013,144.0809,268.4868,145.4554,160.5303,137.2521,256.3959,156.6886,241.3100,256.9628,244.3983,172.6688,178.2811,237.0703,232.5732,108.5157,243.5377,149.1229,201.6845,269.9647,263.1143,273.9848,243.6119,213.4024,262.4354,250.7109,252.2144,261.2806,260.4149,244.0162,251.5781,249.1276,238.8054,231.1890,233.1967,249.2334,237.2948,226.2890,216.4108,97.0370,73.6887,67.8672,62.1286,57.1495,52.8177,49.0321,45.7738,42.8336,40.2240,37.8959,35.8089,33.9293,32.2291,30.6849,29.2769,27.9885,26.8056,25.7160,24.7094,23.7769,22.9108,22.1044,21.3518,20.6480,19.9884,19.3689,18.7863,18.2372,17.7189,17.2289,16.7650,16.3252,15.9076,15.5107,15.1330,14.7730,14.4297,14.1018,13.7884,13.4885,13.2014,12.9261,12.6620,12.4084,12.1647,11.9304,11.7049,11.4877,11.2783,11.0765,10.8817,10.6936,10.5119,10.3362,10.1663,10.0019,9.8427,9.6885,9.5538,9.4086,9.2678,9.1370,9.0041,8.8751,8.7497,8.6278,8.5092,8.3939,8.2816,8.1723,8.0884,7.9844,7.8830,7.7841,7.6877,7.5937,7.5019,7.4123,7.3248,7.2394,7.1559,7.0744,6.9946,6.9167,6.8404
45108.7500000,45.8725,71.2993,43.1222,111.9962,111.8433,127.9877,86.1619,92.3589,100.6460,114.8514,123.9741,120.0933,124.6319,120.7209,112.9559,127.7873,126.9105,122.2662,71.5358,67.1836,48.9416,42.6205,98.4283,60.7743,114.9321,62.7258,30.1195,93.6710,62.4425,57.9107,54.2229,62.3944,81.7863,48.3166,47.3259,73.0704,102.9997,66.8987,115.7271,59.4703,114.0464,68.2994,102.1393,112.7324,120.5229,106.6057,124.7462,117.0254,101.3625,115.3997,63.8860,77.0493,72.9367,51.4021,68.6990,66.9137,55.9279,110.4559,122.9987,121.3174,120.7458,64.6211,32.4330,52.9525,63.5401,97.8941,115.9210,125.7030,129.7033,96.9734,82.6267,121.0769,104.7076,109.9842,110.0338,89.2685,76.0543,93.9993,64.9026,117.8978,118.1723,114.4851,52.1406,104.7288,115.2450,101.4080,31.1530,122.9586,86.1258,73.7473,115.7925,77.0531,57.9205,64.1557,118.8912,111.1488,121.1704,123.9004,121.7237,111.5401,115.1500,70.7245,100.1341,109.5406,124.6566,111.3299,104.0545,117.3832,117.7810,122.5953,73.3699,111.2260,118.1171,115.2214,109.2710,108.2405,83.4478,68.8106,110.5085,124.3827,105.9861,122.4336,65.2256,86.5666,87.4719,122.5590,120.3058,76.6008,85.6909,89.6999,72.8138,68.5689,104.9725,108.6279,111.1672,114.3434,115.4656,65.3633,65.0372,83.1211,79.3155,123.2805,120.9519,38.5621,68.0494,48.0488,79.8794,65.7334,71.5963,81.4147,124.8315,82.8537,82.7548,78.8471,121.3644,81.5086,112.0631,119.7959,114.1652,95.3529,90.0459,110.7777,108.9927,57.8850,94.4331,79.0813,92.9623,128.6139,124.2168,131.0417,112.3136,102.3249,124.5029,118.3611,118.7509,124.3555,123.8598,115.2536,119.9411,117.8856,110.9473,106.8215,108.5679,117.8799,110.3419,68.9681,56.7996,51.3090,46.5257,42.8494,39.2256,36.0814,33.3461,30.9555,28.8981,27.0414,25.3935,23.9235,22.6056,21.4187,20.3451,19.3700,18.4810,17.6674,16.9204,16.2324,15.5968,15.0079,14.4610,13.9518,13.4766,13.0322,12.6156,12.2245,11.8566,11.5099,11.1826,10.8732,10.5803,10.3025,10.0389,9.7882,9.5497,9.3224,9.1056,8.8986,8.7007,8.5113,8.3300,8.1562,7.9894,7.8293,7.6754,7.5274,7.3850,7.2479,7.1157,6.9883,6.8653,6.7465,6.6318,6.5208,6.4135,6.3097,6.2092,6.1118,6.0268,5.9351,5.8461,5.7635,5.6797,5.5982,5.5190,5.4420,5.3672,5.2943,5.2234,5.1544,5.1014,5.0357,4.9717,4.9093,4.8484,4.7890,4.7311,4.6745,4.6193,4.5653,4.5126,4.4611,4.4108,4.3615,4.3134
45108.7916667,30.2984,43.7935,29.8255,52.4676,52.4814,81.0050,46.2215,50.9587,67.6818,72.1612,63.6259,75.6627,78.7946,76.0285,70.7658,80.8812,80.3271,77.2451,47.8094,42.3977,32.9154,29.4778,42.7754,42.0332,56.0234,43.3825,20.8312,60.5094,41.2627,38.9497,35.7336,41.2457,44.9731,33.4164,32.7312,46.5104,66.0907,44.3723,72.9422,37.0903,53.7394,43.0868,63.5547,53.6169,57.5105,66.2576,78.8409,56.7565,47.1485,53.1961,43.1139,48.4921,45.7007,35.5491,31.4049,44.2015,36.4327,70.9334,77.9305,76.7972,76.3898,41.0700,22.4304,32.2563,40.7759,52.3824,72.8065,61.4340,81.8458,44.3693,53.2982,76.5341,46.6308,52.0084,68.6938,57.9593,54.8785,58.0840,39.0193,55.1492,59.3552,72.1004,36.0574,65.3797,72.5512,62.9626,21.5436,77.8086,58.1135,46.5871,55.7528,47.7062,36.8697,41.1264,57.7697,51.1909,76.6135,78.4289,76.9289,69.8756,72.6421,48.9633,64.3951,51.5372,78.8334,52.7943,48.4666,73.8557,73.9997,60.4761,49.8427,50.3305,56.9854,54.6319,55.7921,49.4440,51.9122,45.8120,47.8002,78.5926,49.1793,60.7295,42.6471,59.8750,57.2689,77.5261,57.9568,51.0016,46.1274,48.9695,49.0337,45.4928,48.4505,67.7127,69.4826,71.7040,55.4465,41.3445,32.2244,56.2772,51.4067,60.3136,59.2103,26.6651,38.8672,33.2248,41.2479,44.0844,48.0465,54.6814,57.1356,55.6868,55.0163,46.4498,76.5201,53.0843,49.8521,75.0824,53.1627,50.6221,59.6128,53.5285,68.4547,39.1915,53.9212,52.8030,62.9832,81.2908,78.2373,82.9493,70.0821,66.9270,61.5181,56.2289,74.7175,78.5709,61.8362,72.6071,75.8323,57.4618,50.7863,66.7153,52.0494,57.5684,50.3705,43.5843,39.2745,35.4778,32.1703,29.6282,27.1225,24.9484,23.0570,21.4040,19.9813,18.6975,17.5581,16.5415,15.6303,14.8096,14.0672,13.3930,12.7782,12.2157,11.6992,11.2234,10.7839,10.3767,9.9986,9.6465,9.3179,9.0106,8.7226,8.4521,8.1977,7.9579,7.7316,7.5177,7.3152,7.1231,6.9408,6.7675,6.6026,6.4454,6.2955,6.1523,6.0155,5.8846,5.7592,5.6390,5.5237,5.4130,5.3066,5.2042,5.1058,5.0109,4.9195,4.8314,4.7464,4.6642,4.5849,4.5082,4.4340,4.3622,4.2927,4.2254,4.1666,4.1032,4.0417,3.9846,3.9266,3.8702,3.8155,3.7622,3.7105,3.6601,3.6111,3.5634,3.5267,3.4813,3.4370,3.3939,3.3518,3.3107,3.2706,3.2315,3.1933,3.1560,3.1196,3.0840,3.0491,3.0151,2.9818
45108.8333333,9.4504,13.6595,9.3022,15.5512,15.5254,18.5284,14.4495,15.9255,17.5447,15.9553,17.8369,16.9651,17.9409,16.9746,15.4536,18.5064,18.3624,17.5211,12.6827,13.2207,10.2634,9.1912,12.5191,13.1050,16.1614,13.5242,6.4939,14.4877,10.4098,10.4839,9.1430,11.0653,13.2900,10.4162,10.2025,14.4203,15.5910,11.4135,16.3661,11.5602,15.9262,9.2378,13.4237,15.8480,16.9373,13.9795,17.9329,16.4451,13.3415,15.9443,13.4350,15.1109,14.2404,11.0772,9.7858,11.4226,11.3527,16.9293,17.9214,17.5919,17.4507,8.9511,6.9895,10.0515,9.4453,15.5231,16.1265,17.8327,18.4535,13.8220,12.5847,17.4009,13.9584,15.2563,14.7507,14.0740,15.0504,11.9123,12.0454,16.6909,17.1258,16.1287,11.2277,14.0349,16.1803,13.1745,6.7083,17.7914,16.2680,14.5065,16.2013,14.7645,11.4802,12.8050,16.9285,15.3786,17.4669,17.9582,17.4777,15.2886,16.3621,13.8347,15.2703,14.7640,17.9844,15.0460,13.8327,16.4551,16.4008,17.3441,15.4102,15.0358,16.4824,15.9861,16.4005,14.5765,15.6847,13.6602,14.4585,17.8515,13.9504,17.4137,10.8151,15.1078,14.2908,17.7022,17.0580,13.3998,13.7707,14.6982,13.4233,12.4968,13.9689,14.4763,15.0140,15.7563,15.9594,12.8643,10.0260,15.3159,14.9013,17.4388,17.0129,8.2959,12.0922,10.3363,12.6390,11.9199,13.0845,14.8070,17.0394,15.4589,14.6322,14.1022,17.2278,12.9855,15.2420,16.4991,15.7270,15.4352,15.5377,15.2858,15.1399,10.8629,15.8541,14.0620,16.9350,18.5227,17.5716,19.0296,15.6279,16.8541,17.7587,16.7031,16.6996,17.8548,17.7497,16.2488,17.2956,16.7016,15.1032,14.3888,14.8642,16.6698,15.0489,13.5549,12.2142,11.0332,10.0043,9.2135,8.4341,7.7578,7.1695,6.6553,6.2128,5.8135,5.4590,5.1428,4.8594,4.6041,4.3732,4.1635,3.9723,3.7973,3.6366,3.4886,3.3519,3.2253,3.1077,2.9982,2.8960,2.8004,2.7108,2.6267,2.5475,2.4730,2.4026,2.3360,2.2730,2.2133,2.1566,2.1027,2.0514,2.0025,1.9559,1.9113,1.8688,1.8281,1.7891,1.7517,1.7158,1.6814,1.6483,1.6164,1.5858,1.5563,1.5279,1.5005,1.4740,1.4485,1.4238,1.3999,1.3769,1.3545,1.3329,1.3120,1.2937,1.2740,1.2548,1.2371,1.2190,1.2015,1.1845,1.1679,1.1518,1.1362,1.1209,1.1061,1.0947,1.0805,1.0668,1.0533,1.0402,1.0275,1.0150,1.0028,0.9910,0.9794,0.9680,0.9569,0.9461,0.9355,0.9252
45108.8750000,0.0000,0.0000,0.0000,0.0000,0.0000,0.0000,0.0000,0.0000,0.0000,0.0000,0.0000,0.0000,0.0000,0.0000,0.0000,0.0000,0.0000,0.0000,0.0000,0.0000,0.0000,0.0000,0.0000,0.0000,0.0000,0.0000,0.0000,0.0000,0.0000,0.0000,0.0000,0.0000,0.0000,0.0000,0.0000,0.0000,0.0000,0.0000,0.0000,0.0000,0.0000,0.0000,0.0000,0.0000,0.0000,0.0000,0.0000,0.0000,0.0000,0.0000,0.0000,0.0000,0.0000,0.0000,0.0000,0.0000,0.0000,0.0000,0.0000,0.0000,0.0000,0.0000,0.0000,0.0000,0.0000,0.0000,0.0000,0.0000,0.0000,0.0000,0.0000,0.0000,0.0000,0.0000,0.0000,0.0000,0.0000,0.0000,0.0000,0.0000,0.0000,0.0000,0.0000,0.0000,0.0000,0.0000,0.0000,0.0000,0.0000,0.0000,0.0000,0.0000,0.0000,0.0000,0.0000,0.0000,0.0000,0.0000,0.0000,0.0000,0.0000,0.0000,0.0000,0.0000,0.0000,0.0000,0.0000,0.0000,0.0000,0.0000,0.0000,0.0000,0.0000,0.0000,0.0000,0.0000,0.0000,0.0000,0.0000,0.0000,0.0000,0.0000,0.0000,0.0000,0.0000,0.0000,0.0000,0.0000,0.0000,0.0000,0.0000,0.0000,0.0000,0.0000,0.0000,0.0000,0.0000,0.0000,0.0000,0.0000,0.0000,0.0000,0.0000,0.0000,0.0000,0.0000,0.0000,0.0000,0.0000,0.0000,0.0000,0.0000,0.0000,0.0000,0.0000,0.0000,0.0000,0.0000,0.0000,0.0000,0.0000,0.0000,0.0000,0.0000,0.0000,0.0000,0.0000,0.0000,0.0000,0.0000,0.0000,0.0000,0.0000,0.0000,0.0000,0.0000,0.0000,0.0000,0.0000,0.0000,0.0000,0.0000,0.0000,0.0000,0.0000,0.0000,0.0000,0.0000,0.0000,0.0000,0.0000,0.0000,0.0000,0.0000,0.0000,0.0000,0.0000,0.0000,0.0000,0.0000,0.0000,0.0000,0.0000,0.0000,0.0000,0.0000,0.0000,0.0000,0.0000,0.0000,0.0000,0.0000,0.0000,0.0000,0.0000,0.0000,0.0000,0.0000,0.0000,0.0000,0.0000,0.0000,0.0000,0.0000,0.0000,0.0000,0.0000,0.0000,0.0000,0.0000,0.0000,0.0000,0.0000,0.0000,0.0000,0.0000,0.0000,0.0000,0.0000,0.0000,0.0000,0.0000,0.0000,0.0000,0.0000,0.0000,0.0000,0.0000,0.0000,0.0000,0.0000,0.0000,0.0000,0.0000,0.0000,0.0000,0.0000,0.0000,0.0000,0.0000,0.0000,0.0000,0.0000,0.0000,0.0000,0.0000,0.0000,0.0000,0.0000,0.0000,0.0000,0.0000,0.0000
45108.9166667,0.0000,0.0000,0.0000,0.0000,0.0000,0.0000,0.0000,0.0000,0.0000,0.0000,0.0000,0.0000,0.0000,0.0000,0.0000,0.0000,0.0000,0.0000,0.0000,0.0000,0.0000,0.0000,0.0000,0.0000,0.0000,0.0000,0.0000,0.0000,0.0000,0.0000,0.0000,0.0000,0.0000,0.0000,0.0000,0.0000,0.0000,0.0000,0.0000,0.0000,0.0000,0.0000,0.0000,0.0000,0.0000,0.0000,0.0000,0.0000,0.0000,0.0000,0.0000,0.0000,0.0000,0.0000,0.0000,0.0000,0.0000,0.0000,0.0000,0.0000,0.0000,0.0000,0.0000,0.0000,0.0000,0.0000,0.0000,0.0000,0.0000,0.0000,0.0000,0.0000,0.0000,0.0000,0.0000,0.0000,0.0000,0.0000,0.0000,0.0000,0.0000,0.0000,0.0000,0.0000,0.0000,0.0000,0.0000,0.0000,0.0000,0.0000,0.0000,0.0000,0.0000,0.0000,0.0000,0.0000,0.0000,0.0000,0.0000,0.0000,0.0000,0.0000,0.0000,0.0000,0.0000,0.0000,0.0000,0.0000,0.0000,0.0000,0.0000,0.0000,0.0000,0.0000,0.0000,0.0000,0.0000,0.0000,0.0000,0.0000,0.0000,0.0000,0.0000,0.0000,0.0000,0.0000,0.0000,0.0000,0.0000,0.0000,0.0000,0.0000,0.0000,0.0000,0.0000,0.0000,0.0000,0.0000,0.0000,0.0000,0.0000,0.0000,0.0000,0.0000,0.0000,0.0000,0.0000,0.0000,0.0000,0.0000,0.0000,0.0000,0.0000,0.0000,0.0000,0.0000,0.0000,0.0000,0.0000,0.0000,0.0000,0.0000,0.0000,0.0000,0.0000,0.0000,0.0000,0.0000,0.0000,0.0000,0.0000,0.0000,0.0000,0.0000,0.0000,0.0000,0.0000,0.0000,0.0000,0.0000,0.0000,0.0000,0.0000,0.0000,0.0000,0.0000,0.0000,0.0000,0.0000,0.0000,0.0000,0.0000,0.0000,0.0000,0.0000,0.0000,0.0000,0.0000,0.0000,0.0000,0.0000,0.0000,0.0000,0.0000,0.0000,0.0000,0.0000,0.0000,0.0000,0.0000,0.0000,0.0000,0.0000,0.0000,0.0000,0.0000,0.0000,0.0000,0.0000,0.0000,0.0000,0.0000,0.0000,0.0000,0.0000,0.0000,0.0000,0.0000,0.0000,0.0000,0.0000,0.0000,0.0000,0.0000,0.0000,0.0000,0.0000,0.0000,0.0000,0.0000,0.0000,0.0000,0.0000,0.0000,0.0000,0.0000,0.0000,0.0000,0.0000,0.0000,0.0000,0.0000,0.0000,0.0000,0.0000,0.0000,0.0000,0.0000,0.0000,0.0000,0.0000,0.0000,0.0000,0.0000,0.0000,0.0000,0.0000,0.0000,0.0000,0.0000,0.0000,0.0000,0.0000
45108.9583333,0.0000,0.0000,0.0000,0.0000,0.0000,0.0000,0.0000,0.0000,0.0000,0.0000,0.0000,0.0000,0.0000,0.0000,0.0000,0.0000,0.0000,0.0000,0.0000,0.0000,0.0000,0.0000,0.0000,0.0000,0.0000,0.0000,0.0000,0.0000,0.0000,0.0000,0.0000,0.0000,0.0000,0.0000,0.0000,0.0000,0.0000,0.0000,0.0000,0.0000,0.0000,0.0000,0.0000,0.0000,0.0000,0.0000,0.0000,0.0000,0.0000,0.0000,0.0000,0.0000,0.0000,0.0000,0.0000,0.0000,0.0000,0.0000,0.0000,0.0000,0.0000,0.0000,0.0000,0.0000,0.0000,0.0000,0.0000,0.0000,0.0000,0.0000,0.0000,0.0000,0.0000,0.0000,0.0000,0.0000,0.0000,0.0000,0.0000,0.0000,0.0000,0.0000,0.0000,0.0000,0.0000,0.0000,0.0000,0.0000,0.0000,0.0000,0.0000,0.0000,0.0000,0.0000,0.0000,0.0000,0.0000,0.0000,0.0000,0.0000,0.0000,0.0000,0.0000,0.0000,0.0000,0.0000,0.0000,0.0000,0.0000,0.0000,0.0000,0.0000,0.0000,0.0000,0.0000,0.0000,0.0000,0.0000,0.0000,0.0000,0.0000,0.0000,0.0000,0.0000,0.0000,0.0000,0.0000,0.0000,0.0000,0.0000,0.0000,0.0000,0.0000,0.0000,0.0000,0.0000,0.0000,0.0000,0.0000,0.0000,0.0000,0.0000,0.0000,0.0000,0.0000,0.0000,0.0000,0.0000,0.0000,0.0000,0.0000,0.0000,0.0000,0.0000,0.0000,0.0000,0.0000,0.0000,0.0000,0.0000,0.0000,0.0000,0.0000,0.0000,0.0000,0.0000,0.0000,0.0000,0.0000,0.0000,0.0000,0.0000,0.0000,0.0000,0.0000,0.0000,0.0000,0.0000,0.0000,0.0000,0.0000,0.0000,0.0000,0.0000,0.0000,0.0000,0.0000,0.0000,0.0000,0.0000,0.0000,0.0000,0.0000,0.0000,0.0000,0.0000,0.0000,0.0000,0.0000,0.0000,0.0000,0.0000,0.0000,0.0000,0.0000,0.0000,0.0000,0.0000,0.0000,0.0000,0.0000,0.0000,0.0000,0.0000,0.0000,0.0000,0.0000,0.0000,0.0000,0.0000,0.0000,0.0000,0.0000,0.0000,0.0000,0.0000,0.0000,0.0000,0.0000,0.0000,0.0000,0.0000,0.0000,0.0000,0.0000,0.0000,0.0000,0.0000,0.0000,0.0000,0.0000,0.0000,0.0000,0.0000,0.0000,0.0000,0.0000,0.0000,0.0000,0.0000,0.0000,0.0000,0.0000,0.0000,0.0000,0.0000,0.0000,0.0000,0.0000,0.0000,0.0000,0.0000,0.0000,0.0000,0.0000,0.0000,0.0000,0.0000,0.0000,0.0000,0.0000,0.0000,0.0000
