File Created:,Thu Apr  4 07:58:54 2024
Heat Source Version:,9.0.0b26
Simulation Name:,WFK23
User Text:,Westfork Kickapoo
Output:,Solar Radiation Flux blocked by Land Cover (watts/square meter)
""
Datetime,STREAM_KM,LC_T1_S1,LC_T1_S2,LC_T1_S3,LC_T1_S4,LC_T1_S5,LC_T2_S1,LC_T2_S2,LC_T2_S3,LC_T2_S4,LC_T2_S5,LC_T3_S1,LC_T3_S2,LC_T3_S3,LC_T3_S4,LC_T3_S5,LC_T4_S1,LC_T4_S2,LC_T4_S3,LC_T4_S4,LC_T4_S5,LC_T5_S1,LC_T5_S2,LC_T5_S3,LC_T5_S4,LC_T5_S5,LC_T6_S1,LC_T6_S2,LC_T6_S3,LC_T6_S4,LC_T6_S5,LC_T7_S1,LC_T7_S2,LC_T7_S3,LC_T7_S4,LC_T7_S5,LC_T8_S1,LC_T8_S2,LC_T8_S3,LC_T8_S4,LC_T8_S5,Diffuse_Blocked
45108.9583333,27.200,0.0000,0.0000,0.0000,0.0000,0.0000,1.1269,1.5267,2.0687,6.3805,3.0595,0.0000,11.6640,5.5136,0.0000,0.0000,0.0000,0.0000,0.0000,0.0000,0.0000,0.0000,0.6693,0.0000,0.0000,0.0000,1.2866,7.6286,3.0062,1.6058,0.0000,0.0014,0.0006,0.0008,0.0010,0.0019,0.0000,0.0000,0.0000,0.0000,0.0000,37.4792
45108.9583333,27.100,0.0000,0.0000,0.0000,0.0000,0.0000,3.9750,2.7838,3.2846,2.5516,5.2687,19.7788,0.0000,0.0000,0.0000,0.0000,0.0000,0.0000,0.0000,0.0000,0.0000,0.0000,0.0000,0.0000,0.0000,0.0000,2.2305,0.0000,0.0000,0.0000,0.0000,0.0000,0.0000,0.0000,0.0000,0.0000,0.0000,0.0000,0.0000,0.0000,0.0000,21.7084
45108.9583333,27.000,0.0000,0.0000,0.0000,0.0000,0.0000,2.8944,7.9346,3.0374,1.3902,0.8355,0.0000,0.0000,0.0000,0.0000,0.0000,0.0000,0.0000,0.0000,0.0000,0.0000,0.0000,0.0000,0.0000,0.0000,0.0000,15.8826,1.3025,0.3450,0.1978,0.0307,0.0000,0.0000,0.0000,0.0000,0.0000,0.0000,0.0000,0.0000,0.0000,0.0000,40.9277
45108.9583333,26.900,0.0000,0.0000,0.0000,0.0000,0.0000,0.7612,0.0000,0.0000,0.0000,0.0000,0.0000,0.0000,0.0000,0.0000,0.0000,0.0000,0.0000,0.0000,0.0000,0.0000,0.0000,0.0000,0.0000,0.0000,0.0000,1.3141,0.0000,0.0000,0.0000,0.0000,0.0205,0.0629,0.0038,0.0000,0.0000,0.0000,0.0000,0.0000,0.0000,0.0000,13.3503
45108.9583333,26.800,0.0506,0.0231,0.0026,0.0000,0.0000,0.9214,0.0000,0.0000,0.0000,0.0000,0.0000,0.0000,0.0000,0.0000,0.0000,0.0000,0.0000,0.0000,0.0000,0.0000,0.0000,0.0000,0.0000,0.0000,0.0000,1.2563,0.0000,0.0000,0.0000,0.0000,0.0584,0.0310,0.0142,0.0028,0.0012,0.0000,0.0000,0.0000,0.0000,0.0000,13.5255
45108.9583333,26.700,0.0972,0.0061,0.0000,0.0000,0.0000,0.1799,0.0000,0.0000,0.0000,0.0000,0.0000,0.0000,0.0000,0.0000,0.0000,0.0000,0.0000,0.0000,0.0000,0.0000,0.0000,0.0000,0.0000,0.0000,0.0000,0.1252,0.0000,0.0000,0.0000,0.0000,0.0000,0.0000,0.0000,0.0000,0.0000,0.0000,0.0000,0.0000,0.0000,0.0000,4.8380
45108.9583333,26.600,0.0954,0.0054,0.0000,0.0000,0.0000,0.2391,0.0000,0.0000,0.0000,0.0000,0.0000,0.0000,0.0000,0.0000,0.0000,15.3635,0.0000,0.0000,0.0000,0.0000,0.0000,13.0017,1.8628,0.0000,2.8601,0.0000,0.0000,4.7072,2.5832,4.2419,0.0000,0.0000,0.0000,0.0000,0.0000,0.0000,0.0000,0.0000,0.0000,0.0000,18.0590
45108.9583333,26.500,0.0845,0.0129,0.0000,0.0000,0.0000,0.1631,0.0000,0.0000,0.0000,0.0000,0.0000,0.0000,0.0000,0.0000,0.0000,0.0000,0.0000,0.0000,0.0000,0.0000,16.6629,4.3845,0.0000,0.0000,0.0000,0.0000,0.0000,3.6550,1.4755,2.8645,0.0000,0.0000,0.0000,0.0000,0.0000,0.0000,0.0000,0.0000,0.0000,0.0000,14.8290
45108.9583333,26.400,0.0624,0.0356,0.0010,0.0000,0.0000,0.2845,0.0000,0.0000,0.0000,0.0000,0.0000,0.0000,0.0000,0.0000,0.0000,0.0000,0.0000,0.0000,0.0000,0.0000,0.0000,0.0000,0.0000,0.0000,0.0000,0.0000,0.0000,0.0000,1.1536,0.7048,0.0000,0.0000,0.0000,0.0000,0.0000,0.0000,0.0000,0.0000,0.0000,0.0000,7.5144
45108.9583333,26.300,0.0135,0.0244,0.0444,0.0000,0.0000,0.0482,5.2917,2.0715,1.0922,0.0000,0.0000,0.0000,0.0000,0.0000,0.0000,0.0000,0.0000,0.0000,0.0000,0.0000,0.0000,0.0000,0.0000,0.0000,0.0000,0.2544,0.0000,0.0000,0.0000,0.0000,0.0000,0.0000,0.0000,0.0000,0.0000,0.0000,0.0000,0.0000,0.0000,0.0000,13.7590
45108.9583333,26.200,0.0574,0.0000,0.0000,0.0000,0.0000,0.1376,0.0000,0.0000,0.0000,0.0000,0.0000,0.0000,0.0000,0.0000,0.0000,0.0000,0.0000,0.0000,0.0000,0.0000,0.0000,0.0000,0.0000,0.0000,0.0000,0.1456,0.0000,0.0000,0.5355,0.0000,0.0000,0.0000,0.0000,0.0000,0.0000,0.0000,0.0000,0.0000,0.0000,0.0000,6.4093
45108.9583333,26.100,0.0000,0.0000,0.0000,0.0000,0.0000,0.2613,0.0000,0.0000,0.0000,0.0000,0.0000,0.0000,0.0000,0.0000,0.0000,0.0000,0.0000,0.0000,0.0000,0.0000,2.4919,0.0000,0.0000,0.0000,0.0000,0.2403,0.0000,0.0000,0.0000,0.0000,0.0238,0.0000,0.0000,0.0000,0.0000,0.0000,0.0000,0.0000,0.0000,0.0000,10.6397
45108.9583333,26.000,0.0000,0.0000,0.0000,0.0000,0.0000,0.1686,0.0000,0.0000,0.0000,0.0000,0.0000,0.0000,0.0000,0.0000,0.0000,0.0000,0.0000,0.0000,0.0000,0.0000,0.0000,0.0000,0.0000,0.0000,0.0000,0.2024,0.0000,0.0000,0.0000,0.0000,0.0100,0.0000,0.0000,0.0000,0.0000,0.0000,0.0000,0.0000,0.0000,0.0000,6.3391
45108.9583333,25.900,0.0000,0.0000,0.0000,0.0000,0.0000,0.2065,0.2243,0.0000,0.0000,0.0000,0.0000,0.0000,0.0000,0.0000,0.0000,0.0000,0.0000,0.0000,0.0000,0.0000,0.0000,0.0000,0.0000,0.0000,0.0000,0.1457,0.0000,0.0000,0.0000,0.0000,0.0018,0.0396,0.0000,0.0000,0.0026,0.0000,0.0000,0.0000,0.0000,0.0000,10.7304
45108.9583333,25.800,0.0000,0.0000,0.0000,0.0000,0.0000,0.3631,0.0000,0.4608,0.0000,4.3092,0.0000,0.0000,0.0000,0.0000,0.0000,0.0000,0.0000,0.0000,0.0000,0.0000,0.0000,0.0000,0.0000,0.0000,0.0000,0.2144,0.0000,0.0000,0.0000,0.0000,0.0689,0.0000,0.0000,0.0000,0.0000,0.0000,0.0000,0.0000,0.0000,0.0000,16.1391
45108.9583333,25.700,0.0000,0.0000,0.0000,0.0000,0.0000,0.0000,0.0000,0.0000,0.0000,0.0000,0.0000,0.0000,0.0000,0.0000,0.0000,0.0000,0.0000,0.0000,0.0000,0.0000,0.0000,0.0000,0.0000,0.0000,0.0000,0.2021,0.0000,0.0000,0.0000,0.0000,0.0318,0.0000,0.0000,0.0000,0.0000,0.0000,0.0000,0.0000,0.0000,0.0000,4.8934
45108.9583333,25.600,0.0000,0.0000,0.0000,0.0000,0.0000,0.1162,0.0000,0.0000,0.0000,0.0000,0.0000,0.0000,0.0000,0.0000,0.0000,0.0000,0.0000,0.0000,0.0000,0.0000,0.0000,0.0000,0.0000,0.0000,0.0000,0.1566,0.0000,0.0000,0.0000,0.0000,0.0080,0.0000,0.0000,0.0000,0.0076,0.0000,0.0000,0.0000,0.0000,0.0000,4.9345
45108.9583333,25.500,0.0945,0.0000,0.0000,0.0000,0.0000,0.2285,0.0000,0.0000,0.0000,0.0000,0.0000,0.0000,0.0000,0.0000,0.0000,0.0000,0.0000,0.0000,0.0000,0.0000,0.0000,0.0000,0.0000,0.0000,0.0000,0.1085,0.0000,0.0000,0.0000,0.0000,0.0000,0.0000,0.0000,0.0000,0.0000,0.0000,0.0000,0.0000,0.0000,0.0000,7.2702
45108.9583333,25.400,0.0537,0.0196,0.0265,0.0000,0.0000,0.1398,0.0000,3.5819,0.0000,0.0000,0.0000,0.2309,0.0000,0.0000,0.0000,0.0000,0.0000,0.0000,0.0000,0.0000,0.0000,5.3919,0.0000,0.0000,0.0000,1.8533,4.6311,3.9477,3.4017,2.5942,0.0000,0.0000,0.0000,0.0000,0.0000,0.0000,0.0000,0.0000,0.0000,0.0000,29.4711
45108.9583333,25.300,0.0634,0.0314,0.0000,0.0000,0.0000,0.3020,4.9153,1.2672,2.0234,1.3552,0.0000,0.0000,0.0000,0.0000,0.0000,0.0000,0.0000,0.0000,0.0000,0.0000,0.0000,0.0000,0.0000,0.0000,0.0000,1.2130,0.0022,0.8967,0.0000,2.8281,0.0000,0.0000,0.0000,0.0000,0.0000,0.0000,0.0000,0.0000,0.0000,0.0000,25.2451
45108.9583333,25.200,0.0515,0.0123,0.0149,0.0000,0.0000,1.8723,3.1202,5.0051,5.1187,0.0000,0.0000,12.0472,5.7916,0.3457,0.0000,0.0000,0.0000,0.0000,0.0000,0.0000,0.0000,0.0000,1.6649,0.0000,0.0000,1.9431,0.1249,1.6714,0.0000,2.6515,0.0006,0.0163,0.0059,0.0080,0.0050,0.0000,0.0000,0.0000,0.0000,0.0000,38.2866
45108.9583333,25.100,0.0002,0.0016,0.0140,0.0130,0.0288,8.5144,6.1973,2.1477,0.6256,0.4454,0.0000,0.0000,0.0000,0.0000,0.0000,0.0000,0.0000,0.0000,0.0000,0.0000,0.0000,0.0000,0.0000,0.0000,0.0000,10.8825,0.7084,0.0000,0.0000,0.0000,0.0003,0.0022,0.0361,0.0000,0.0449,0.0000,0.0000,0.0000,0.0000,0.0000,43.9298
45108.9583333,25.000,0.0482,0.0000,0.0000,0.0000,0.0000,2.9864,3.1704,5.3134,4.7501,0.0000,18.4695,3.5435,2.7050,0.0000,0.0000,15.5022,0.0000,0.0000,0.0000,0.0000,0.0000,0.0000,0.0000,0.0000,0.0000,0.3488,0.0000,0.0000,0.0000,0.7553,0.0000,0.0000,0.0000,0.0000,0.0000,0.0000,0.0000,0.0000,0.0000,0.0000,27.4691
45108.9583333,24.900,0.0597,0.0000,0.0000,0.0000,0.0000,0.1561,0.0000,0.0030,0.0000,0.5358,0.0000,0.0000,0.0000,0.0000,0.0000,0.0000,0.0000,0.0000,0.0000,0.0000,0.0000,0.0000,0.0000,0.0000,0.0000,14.0069,1.7287,1.4673,0.1227,1.7972,0.0000,0.0000,0.0000,0.0000,0.0000,0.0000,0.0000,0.0000,0.0000,0.0000,24.5124
45108.9583333,24.800,0.0531,0.0010,0.0000,0.0000,0.0361,0.0955,0.0000,1.8967,0.9735,0.5852,0.0000,0.0000,0.0000,0.0000,0.0000,0.0000,0.0000,0.0000,0.0000,0.0000,0.0000,0.0000,0.0000,0.0000,0.0000,0.4666,0.0000,0.0000,0.0000,0.0000,0.0000,0.0000,0.0000,0.0000,0.0000,0.0000,0.0000,0.0000,0.0000,0.0000,10.6681
45108.9583333,24.700,0.0194,0.0097,0.0000,0.0244,0.0443,1.0603,0.0000,0.0000,0.0000,0.0000,0.0000,0.0000,0.0000,0.0000,0.0000,0.0000,0.0000,0.0000,0.0000,0.0000,0.0000,0.0000,0.0000,5.4850,1.1770,0.0000,0.0000,0.0000,0.0000,0.0000,0.0000,0.0000,0.0000,0.0000,0.0000,0.0000,0.0000,0.0000,0.0000,0.0000,19.5497
45108.9583333,24.600,0.0890,0.0042,0.0000,0.0000,0.0000,22.2914,0.0000,0.0000,0.0000,0.0000,13.7511,0.0000,0.0000,0.0000,0.0000,14.5403,6.1986,0.0000,0.0000,0.0000,15.8411,6.0055,7.4386,0.0000,0.0000,2.9902,2.2295,2.9318,4.4975,4.3166,0.0000,0.0000,0.0000,0.0000,0.0000,0.0000,0.0000,0.0000,0.0000,0.0000,51.2884
45108.9583333,24.500,0.0296,0.0481,0.0226,0.0013,0.0028,0.9761,0.0000,0.0000,0.0000,0.0000,0.0000,0.0000,0.0000,0.0000,0.0000,0.0000,0.0000,0.0000,0.0000,0.0000,0.0000,9.0742,7.0593,2.2229,0.0000,0.0000,0.0000,0.0000,4.1387,2.5974,0.0000,0.0000,0.0000,0.0000,0.0000,0.0000,0.0000,0.0000,0.0000,0.0000,18.0150
45108.9583333,24.400,0.0042,0.0769,0.0202,0.0048,0.0022,3.8639,5.0690,0.0000,0.0000,2.2082,12.2449,10.6141,0.6127,0.0000,0.0000,15.4701,0.0000,0.0000,0.0000,0.0000,12.1583,5.7628,0.0000,0.0000,0.0000,2.0983,2.7646,4.8890,2.7178,1.7296,0.0000,0.0000,0.0000,0.0000,0.0000,0.0000,0.0000,0.0000,0.0000,0.0000,33.2449
45108.9583333,24.300,0.0102,0.0165,0.0494,0.0082,0.0081,11.4480,5.1646,0.0000,0.2263,0.1630,0.0000,0.0000,0.0000,0.0000,0.0000,15.6617,0.0000,0.0000,0.0000,0.0000,17.9692,0.4080,0.0000,0.0747,0.0000,2.6098,6.8533,2.2285,1.6586,1.5792,0.0000,0.0000,0.0000,0.0000,0.0000,0.0000,0.0000,0.0000,0.0000,0.0000,32.8469
45108.9583333,24.200,0.0029,0.0011,0.0146,0.0265,0.0481,5.5240,0.0000,0.0000,0.0000,0.0000,10.6686,8.9331,5.9302,0.6574,0.0000,4.7130,12.4409,0.0000,0.0000,0.0000,5.4577,7.8767,9.2585,3.8066,0.0000,1.7416,4.1327,4.8185,3.2112,1.9067,0.0000,0.0000,0.0000,0.0000,0.0000,0.0000,0.0000,0.0000,0.0000,0.0000,39.4728
45108.9583333,24.100,0.0743,0.0226,0.0000,0.0000,0.0030,5.5239,0.0000,0.0000,0.0000,0.0000,15.7830,0.0000,0.5180,0.0000,0.0000,15.4000,0.0000,0.0000,0.0000,0.0000,10.1756,10.2552,0.9320,0.0000,0.0000,2.0838,2.7349,4.8104,3.2648,2.3968,0.0000,0.0000,0.0000,0.0000,0.0000,0.0000,0.0000,0.0000,0.0000,0.0000,35.1821
45108.9583333,24.000,0.0002,0.0024,0.0323,0.0402,0.0261,0.5892,0.0306,0.0000,0.0000,1.1310,0.0000,4.5494,0.0000,0.0000,0.0000,0.0000,0.0000,0.0000,0.0000,0.0000,0.0000,4.2079,1.1258,0.0000,0.0000,0.2232,0.0000,3.2622,3.0104,1.8661,0.0000,0.0000,0.0000,0.0000,0.0000,0.0000,0.0000,0.0000,0.0000,0.0000,23.7762
45108.9583333,23.900,0.0001,0.0013,0.0012,0.0513,0.0485,8.8532,0.1155,0.0439,0.9841,0.6441,0.0000,0.0000,0.0000,0.0000,0.0000,0.0000,0.0000,0.0000,0.0000,0.0000,0.0000,10.5763,0.6483,0.0000,0.0000,3.9287,0.1920,0.0000,3.5333,2.1019,0.0000,0.0000,0.0000,0.0000,0.0000,0.0000,0.0000,0.0000,0.0000,0.0000,36.9807
45108.9583333,23.800,0.0000,0.0002,0.0021,0.0359,0.0695,16.2548,2.9363,0.0852,0.0000,0.0000,0.0000,0.0000,0.0000,0.0000,0.0000,0.0000,0.0000,0.0000,0.0000,0.0000,0.0000,11.9629,1.1261,0.0000,0.0000,2.5025,6.9500,3.8368,1.4921,1.4994,0.0000,0.0003,0.0126,0.0139,0.0000,0.0000,0.0000,0.0000,0.0000,0.0000,40.3135
45108.9583333,23.700,0.0000,0.0003,0.0083,0.0417,0.0541,2.0004,0.1139,0.0108,0.0000,0.0000,0.0000,0.0000,0.0000,0.0000,0.0000,0.0000,0.0000,0.0000,0.0000,0.0000,0.0000,0.0000,0.0000,0.0000,0.0000,0.0802,0.7336,0.3262,1.2250,0.9014,0.0206,0.0000,0.0000,0.0000,0.0000,0.0000,0.0000,0.0000,0.0000,0.0000,19.9767
45108.9583333,23.600,0.0070,0.0255,0.0153,0.0225,0.0307,0.1457,0.0000,0.0000,0.0000,0.0000,0.0000,0.0000,0.0000,0.0000,0.0000,0.0000,0.0000,0.0000,0.0000,0.0000,0.0000,0.0000,0.0000,0.0000,0.0000,0.2430,0.0000,0.0000,0.0000,1.3647,0.0171,0.0000,0.0000,0.0086,0.0000,0.0000,0.0000,0.0000,0.0000,0.0000,14.5977
45108.9583333,23.500,0.0094,0.0526,0.0147,0.0000,0.0000,2.5316,3.3098,5.6735,3.8393,0.0000,11.7307,11.4119,0.9080,0.0000,0.0000,15.5453,0.0000,0.0000,0.0000,0.0000,10.3664,10.0553,0.6538,0.0000,0.0000,2.2521,2.9538,5.1455,2.9812,1.8532,0.0403,0.0101,0.0000,0.0000,0.0000,0.0000,0.0000,0.0000,0.0000,0.0000,34.0275
45108.9583333,23.400,0.0299,0.0000,0.0000,0.0000,0.0000,0.3274,0.0000,0.0000,0.0000,0.6800,0.0000,0.0000,0.0000,0.0000,0.0000,0.0000,0.0000,0.0000,0.0000,0.0000,0.0000,0.0000,0.0000,0.0000,0.0000,0.4299,0.0000,0.0000,0.0000,0.0000,0.0664,0.0000,0.0000,0.0000,0.0000,0.0000,0.0000,0.0000,0.0000,0.0000,10.1166
45108.9583333,23.300,0.0000,0.0000,0.0000,0.0000,0.0000,6.6264,0.0000,0.0000,0.0000,0.0000,0.0000,0.0000,0.0000,0.0000,0.0000,0.0000,0.0000,0.0000,0.0000,0.0000,0.0000,0.0000,0.0000,0.0000,0.0000,3.1922,0.0600,0.0000,0.0000,0.0000,0.0006,0.0153,0.0631,0.0000,0.0000,0.0000,0.0000,0.0000,0.0000,0.0000,29.8948
45108.9583333,23.200,0.0000,0.0000,0.0000,0.0000,0.0000,0.0000,0.0000,0.0000,0.0000,0.0000,0.0000,0.0000,0.0000,0.0000,0.0000,0.0000,0.0000,0.0000,0.0000,0.0000,0.0000,0.0000,0.0000,0.0000,0.0000,1.2838,0.0000,0.0000,0.0000,0.0000,0.0417,0.0448,0.0000,0.0000,0.0000,0.0000,0.0000,0.0000,0.0000,0.0000,11.6857
45108.9583333,23.100,0.0000,0.0000,0.0000,0.0000,0.0000,1.2603,1.6756,2.2288,2.9659,3.9486,5.4425,11.7529,8.4806,1.6297,3.2915,0.0000,0.0000,0.0000,0.0000,0.0000,0.0000,0.0000,0.0000,0.0000,0.0000,10.8363,0.0000,0.0000,0.0000,0.0000,0.0230,0.0217,0.0035,0.0000,0.0000,0.0000,0.0000,0.0000,0.0000,0.0000,36.4693
45108.9583333,23.000,0.0000,0.0000,0.0000,0.0000,0.0000,0.0000,2.2808,3.5446,5.1701,3.3789,0.0000,13.0074,3.0753,0.0000,0.0000,0.0000,0.0000,0.0000,0.0000,0.0000,0.0000,0.0000,0.0000,0.0000,0.0000,0.3266,0.0000,0.0000,0.0000,0.0000,0.0750,0.0115,0.0000,0.0000,0.0000,0.0000,0.0000,0.0000,0.0000,0.0000,21.5084
45108.9583333,22.900,0.0000,0.0000,0.0000,0.0000,0.0000,0.2745,0.0000,0.0000,0.0000,0.0000,0.0000,0.0000,0.0000,0.0000,0.0000,0.0000,0.0000,0.0000,0.0000,0.0000,0.0000,0.0000,0.0000,0.0000,0.0000,1.1708,0.0000,0.0000,0.0000,0.0000,0.0484,0.0320,0.0097,0.0000,0.0000,0.0000,0.0000,0.0000,0.0000,0.0000,10.5546
45108.9583333,22.800,0.0000,0.0000,0.0000,0.0000,0.0000,0.4902,0.0000,0.0000,0.0000,0.0000,0.0000,0.0000,0.0000,0.0000,0.0000,0.0000,0.0000,0.0000,0.0000,0.0000,0.0000,0.0000,0.0000,0.0000,0.0000,1.0863,0.0000,0.0000,0.0000,0.0000,0.0581,0.0284,0.0056,0.0000,0.0000,0.0000,0.0000,0.0000,0.0000,0.0000,10.8888
45108.9583333,22.700,0.0198,0.0000,0.0000,0.0000,0.0000,2.4252,4.6122,5.3947,3.1819,2.0538,18.8198,5.0349,0.0000,0.0000,0.0000,0.0000,0.0000,0.0000,0.0000,0.0000,0.0000,10.6095,5.0768,0.1215,0.0000,0.2013,0.0000,0.0000,0.0000,0.0000,0.0837,0.0000,0.0000,0.0000,0.0000,0.0000,0.0000,0.0000,0.0000,0.0000,23.7544
45108.9583333,22.600,0.0962,0.0000,0.0000,0.0000,0.0000,0.1266,0.0000,0.0000,0.0000,1.2743,0.0000,0.0000,0.0000,0.0000,0.0000,0.0000,0.0000,0.0000,0.0000,0.0000,0.0000,0.0000,0.0000,0.0000,0.0000,0.1891,0.0000,0.0000,0.0000,0.0000,0.0837,0.0000,0.0000,0.0000,0.0000,0.0000,0.0000,0.0000,0.0000,0.0000,6.5740
45108.9583333,22.500,0.0724,0.0193,0.0000,0.0000,0.0000,0.4526,0.0000,0.0000,0.0000,0.0000,0.0000,0.0000,0.0000,0.0000,0.0000,0.0000,0.0000,0.0000,0.0000,0.0000,0.0000,0.0000,0.0000,0.0000,0.0000,0.6939,0.0000,0.0000,0.0000,0.0000,0.0349,0.0183,0.0000,0.0152,0.0194,0.0000,0.0000,0.0000,0.0000,0.0000,10.7178
45108.9583333,22.400,0.0000,0.0000,0.0000,0.0000,0.0000,0.2703,0.0000,0.0000,2.1150,2.9977,10.5514,12.5720,2.0704,0.2467,0.0000,0.0000,0.0000,0.0000,0.0000,0.0000,0.0000,9.8979,0.7391,0.0000,0.0000,0.5444,0.0000,0.0000,0.0000,0.0000,0.0532,0.0288,0.0000,0.0000,0.0000,0.0000,0.0000,0.0000,0.0000,0.0000,21.3783
45108.9583333,22.300,0.0000,0.0000,0.0000,0.0000,0.0000,0.8273,0.0000,0.0000,0.0000,0.0000,0.0000,0.0000,0.0000,0.0000,0.0000,0.0000,0.0000,0.0000,0.0000,0.0000,0.0000,0.0000,0.0000,0.0000,0.0000,1.8000,0.0000,0.0000,0.0000,0.0000,0.0201,0.0542,0.0000,0.0000,0.0000,0.0000,0.0000,0.0000,0.0000,0.0000,14.5376
45108.9583333,22.200,0.0000,0.0000,0.0000,0.0000,0.0000,1.7271,0.0000,0.0000,0.0000,0.0000,0.0000,0.0000,0.0000,0.0000,0.0000,0.0000,0.0000,0.0000,0.0000,0.0000,0.0000,0.0000,0.0000,0.0000,0.0000,0.6851,6.6471,2.2675,1.2643,0.0000,0.0161,0.0085,0.0125,0.0184,0.0000,0.0000,0.0000,0.0000,0.0000,0.0000,24.8884
45108.9583333,22.100,0.0000,0.0000,0.0000,0.0000,0.0000,2.0606,0.0000,0.0000,0.0000,0.0000,0.0000,0.0000,0.0000,0.0000,0.0000,0.0000,0.0000,0.0000,0.0000,0.0000,0.0000,0.0000,0.0000,0.0000,0.0000,1.2873,0.0057,0.3586,0.7026,0.5391,0.0000,0.0000,0.0000,0.0000,0.0000,0.0000,0.0000,0.0000,0.0000,0.0000,18.7313
45108.9583333,22.000,0.0367,0.0079,0.0000,0.0000,0.0000,1.5654,0.0000,0.0000,0.0000,0.0000,0.0000,0.0000,0.0000,0.0000,0.0000,0.0000,0.0000,0.0000,0.0000,0.0000,0.0000,0.0000,0.0000,0.0000,0.0000,0.9837,1.5434,0.0000,0.0000,0.0000,0.0000,0.0000,0.0000,0.0000,0.0000,0.0000,0.0000,0.0000,0.0000,0.0000,18.3665
45108.9583333,21.900,0.0510,0.0000,0.0000,0.0000,0.0000,1.6037,0.0000,0.0000,0.0000,0.0000,0.0000,0.0000,0.0000,0.0000,0.0000,17.8878,0.0000,0.0000,0.0000,0.0000,24.0704,0.0000,0.0000,0.0000,0.0000,4.6721,10.4490,0.0773,0.0000,0.0000,0.0000,0.0000,0.0000,0.0000,0.0000,0.0000,0.0000,0.0000,0.0000,0.0000,36.4928
45108.9583333,21.800,0.0024,0.0032,0.0043,0.0000,0.0000,8.0022,0.0000,0.0000,0.0000,0.0000,12.0682,11.2252,0.0000,0.0000,0.0000,15.5844,0.0000,0.0000,0.0000,0.0000,8.4193,12.9200,0.0000,0.0000,0.0000,2.6962,3.5314,5.5195,0.0000,0.0000,0.0000,0.0000,0.0000,0.0000,0.0000,0.0000,0.0000,0.0000,0.0000,0.0000,40.3220
45108.9583333,21.700,0.0106,0.0000,0.0000,0.0000,0.0000,0.6562,0.0000,0.0000,0.0000,0.0000,23.5864,0.0000,0.0000,0.0000,0.0000,15.6979,0.0000,0.0000,0.0000,0.0000,19.4450,0.5786,2.2523,0.0000,0.0000,3.0925,2.8001,4.8145,3.9869,0.0000,0.0000,0.0000,0.0000,0.0000,0.0000,0.0000,0.0000,0.0000,0.0000,0.0000,30.0793
45108.9583333,21.600,0.0217,0.0000,0.0000,0.0183,0.0333,1.0289,0.0000,0.0000,0.0000,0.0000,0.0000,11.8300,0.0000,0.0000,0.0000,0.0000,0.0000,0.0000,0.0000,0.0000,0.0000,11.0842,1.6630,0.0000,0.0000,0.6284,2.5934,4.5294,3.5791,2.5925,0.0000,0.0000,0.0000,0.0000,0.0000,0.0000,0.0000,0.0000,0.0000,0.0000,30.8355
45108.9583333,21.500,0.0461,0.0000,0.0000,0.0419,0.0000,0.0619,0.0000,0.0000,0.0000,0.1385,0.0000,0.0000,0.0000,0.0000,0.0000,0.0000,0.0000,0.0000,0.0000,0.0000,0.0000,0.0000,0.0000,0.0000,0.0000,0.0000,0.0000,0.0000,0.0000,2.1364,0.0000,0.0000,0.0000,0.0000,0.0000,0.0000,0.0000,0.0000,0.0000,0.0000,7.2687
45108.9583333,21.400,0.0096,0.0000,0.0000,0.0000,0.0000,0.1067,0.0000,0.0000,0.0000,0.0000,0.0000,0.0000,0.0000,0.0000,0.0000,0.0000,0.0000,0.0000,0.0000,0.0000,0.0000,0.0000,0.0000,0.0000,0.0000,0.1347,0.0000,0.0000,0.0000,0.0000,0.0602,0.0000,0.0000,0.0000,0.0000,0.0000,0.0000,0.0000,0.0000,0.0000,3.4365
45108.9583333,21.300,0.0000,0.0000,0.0000,0.0000,0.0000,0.0151,0.0000,0.0000,0.0000,0.7981,0.0000,0.0000,0.0000,0.0000,0.0000,0.0000,0.0000,0.0000,0.0000,0.0000,0.0000,0.0000,0.0000,0.0000,0.0000,0.1448,0.0000,0.0000,0.0000,0.0000,0.0645,0.0000,0.0000,0.0000,0.0000,0.0000,0.0000,0.0000,0.0000,0.0000,4.4526
45108.9583333,21.200,0.0000,0.0000,0.0000,0.0000,0.0000,0.0000,0.0000,0.0000,0.0000,0.0000,0.0000,0.0000,0.0000,0.0000,0.0000,0.0000,0.0000,0.0000,0.0000,0.0000,0.0000,0.0000,0.0000,0.0000,0.0000,0.1560,0.0000,0.0000,0.0000,0.0000,0.0727,0.0000,0.0000,0.0000,0.0000,0.0000,0.0000,0.0000,0.0000,0.0000,4.9771
45108.9583333,21.100,0.0000,0.0000,0.0000,0.0000,0.0000,2.6171,3.4375,5.8718,1.2208,1.3113,10.6931,13.2607,0.0000,0.0000,0.0000,15.8715,0.0000,0.0000,0.0000,0.0000,12.2832,10.5239,1.2222,0.0000,0.0000,4.1866,7.5881,0.0000,0.0000,0.0668,0.0082,0.0000,0.0000,0.0176,0.0258,0.0000,0.0000,0.0000,0.0000,0.0000,38.2069
45108.9583333,21.000,0.0000,0.0000,0.0000,0.0000,0.0000,6.0703,0.0587,1.5108,0.7570,3.7101,10.3405,12.4640,6.1116,1.9919,1.7966,18.9186,0.0000,0.0000,0.0000,0.0000,11.4664,11.7930,0.0000,0.0000,1.6381,18.8838,1.5462,0.3571,0.1669,1.0952,0.0007,0.0060,0.0000,0.0168,0.0493,0.0000,0.0000,0.0000,0.0000,0.0000,46.5269
45108.9583333,20.900,0.0000,0.0000,0.0000,0.0000,0.0000,3.7668,4.9443,0.0000,0.0000,2.6190,6.2765,14.1224,2.4766,4.6136,0.0000,16.4906,0.0000,0.0000,0.0000,0.0000,8.4901,11.8980,0.0000,0.0000,0.0000,2.8964,0.0236,0.0000,0.0000,0.0000,0.0060,0.0024,0.0177,0.0000,0.0170,0.0000,0.0000,0.0000,0.0000,0.0000,34.7684
45108.9583333,20.800,0.0000,0.0000,0.0000,0.0000,0.0000,2.8298,6.8344,2.7679,3.5440,2.2793,8.5826,14.4093,0.0000,2.8412,1.4538,15.2898,0.0000,0.0000,0.0000,0.0000,10.4559,10.0554,0.5583,0.0000,0.0000,3.8635,6.2596,0.0000,0.0000,0.0000,0.0000,0.0000,0.0000,0.0000,0.0000,0.0000,0.0000,0.0000,0.0000,0.0000,38.7778
45108.9583333,20.700,0.0053,0.0000,0.0000,0.0000,0.0000,0.4686,0.0000,0.0000,0.0000,0.0000,0.0000,0.0000,0.0000,0.0000,0.0000,0.0000,0.0000,0.0000,0.0000,0.0000,0.0000,0.0000,0.0000,0.0000,0.0000,0.3859,6.5943,0.0000,0.0000,0.0000,0.0000,0.0000,0.0000,0.0000,0.0000,0.0000,0.0000,0.0000,0.0000,0.0000,12.7883
45108.9583333,20.600,0.0324,0.0000,0.0000,0.0000,0.0079,0.1139,0.0000,0.0000,0.0000,0.0000,0.0000,12.2781,5.1563,0.1320,0.0000,0.0000,9.6130,0.0000,0.0000,0.0000,0.0000,0.0000,0.0000,0.0000,0.0000,0.0000,0.0000,0.0000,0.0000,0.0000,0.0000,0.0000,0.0000,0.0000,0.0000,0.0000,0.0000,0.0000,0.0000,0.0000,13.6864
45108.9583333,20.500,0.0498,0.0000,0.0000,0.0000,0.0000,0.1450,0.0000,0.0000,0.0000,0.0000,0.0000,0.0000,0.0000,0.0000,0.0000,0.0000,0.0000,0.0000,0.0000,0.0000,0.0000,0.0000,0.0000,0.0000,0.0000,0.0000,0.0000,0.0000,0.0000,0.0000,0.0000,0.0000,0.0000,0.0000,0.0000,0.0000,0.0000,0.0000,0.0000,0.0000,8.7894
45108.9583333,20.400,0.0568,0.0000,0.0000,0.0000,0.0000,0.0560,0.0000,0.0000,0.8354,0.4947,0.0000,0.0000,0.0000,0.0000,0.0000,0.0000,0.0000,0.0000,0.0000,0.0000,0.0000,0.0000,0.0000,0.0000,0.0000,0.0000,0.0000,0.0000,0.0000,0.0000,0.0000,0.0000,0.0000,0.0000,0.0000,0.0000,0.0000,0.0000,0.0000,0.0000,7.9762
45108.9583333,20.300,0.0464,0.0245,0.0000,0.0000,0.0000,0.0288,4.3926,2.9217,1.5472,0.5084,2.2804,0.0000,0.0000,0.0000,0.0000,0.0000,0.0000,0.0000,0.0000,0.0000,3.4932,0.0000,0.0000,0.0000,0.0000,0.0000,0.0000,0.0000,0.0000,2.5082,0.0000,0.0000,0.0000,0.0000,0.0000,0.0000,0.0000,0.0000,0.0000,0.0000,20.5045
45108.9583333,20.200,0.0830,0.0000,0.0000,0.0000,0.0000,0.0937,5.2562,1.7658,0.7927,0.4823,0.0000,0.0000,0.0000,0.0000,0.0000,15.6629,0.0000,0.0000,0.0000,0.0000,19.8812,2.5527,0.0000,0.0000,0.0000,5.3270,0.0000,0.0000,0.0000,3.9334,0.0000,0.0000,0.0000,0.0000,0.0000,0.0000,0.0000,0.0000,0.0000,0.0000,24.4727
45108.9583333,20.100,0.0812,0.0122,0.0000,0.0000,0.0000,0.3747,0.0000,0.0000,0.0000,0.0000,0.0000,0.0000,0.0000,0.0000,0.0000,0.0000,0.0000,0.0000,0.0000,0.0000,0.0000,0.0000,0.0000,0.0000,0.0000,0.0000,0.0000,0.0000,0.0000,0.0000,0.0000,0.0000,0.0000,0.0000,0.0000,0.0000,0.0000,0.0000,0.0000,0.0000,6.0785
45108.9583333,20.000,0.0018,0.0605,0.0206,0.0155,0.0079,2.9412,0.0344,0.0000,0.0000,0.0000,0.0000,0.0000,0.0000,0.0000,0.0000,0.0000,0.0000,0.0000,0.0000,0.0000,0.0000,0.0000,0.0000,0.0000,0.0000,0.9950,0.0000,0.0000,0.0000,0.0000,0.0000,0.0000,0.0000,0.0000,0.0000,0.0000,0.0000,0.0000,0.0000,0.0000,20.1352
45108.9583333,19.900,0.0660,0.0000,0.0000,0.0000,0.0152,0.2067,0.0000,0.0000,0.0000,0.0000,0.0000,0.0000,0.0000,0.0000,0.0000,0.0000,0.0000,0.0000,0.0000,0.0000,0.0000,0.0000,0.0000,0.0000,0.0000,0.0000,0.0000,0.0000,0.0000,0.0000,0.0000,0.0000,0.0000,0.0000,0.0000,0.0000,0.0000,0.0000,0.0000,0.0000,12.4075
45108.9583333,19.800,0.0316,0.0075,0.0091,0.0111,0.0134,3.0446,3.9676,6.4710,0.0000,0.0000,0.0000,0.0000,0.0000,0.0000,0.0000,0.0000,0.0000,0.0000,0.0000,0.0000,0.0000,0.0000,0.0000,0.0000,0.0000,0.0000,0.0000,0.0000,0.0000,0.0000,0.0000,0.0000,0.0000,0.0000,0.0000,0.0000,0.0000,0.0000,0.0000,0.0000,19.3201
45108.9583333,19.700,0.0148,0.0080,0.0114,0.0167,0.0245,0.2164,0.0000,0.0000,0.0000,0.0000,9.3882,0.0000,0.0000,0.0000,0.0000,0.0000,0.0000,0.0000,0.0000,0.0000,9.5095,0.0000,0.0000,0.0000,0.0000,12.4821,0.0000,0.0000,0.0000,0.0000,0.0000,0.0000,0.0000,0.0000,0.0000,0.0000,0.0000,0.0000,0.0000,0.0000,21.7632
45108.9583333,19.600,0.0676,0.0000,0.0000,0.0000,0.0000,0.0491,0.0000,0.0000,0.9698,0.5827,0.0000,0.0000,0.0000,0.0000,0.0000,0.0000,0.0000,0.0000,0.0000,0.0000,0.0000,0.0000,0.0000,0.0000,0.0000,6.1843,0.0000,0.0000,0.0000,0.0000,0.0118,0.0146,0.0266,0.0000,0.0176,0.0000,0.0000,0.0000,0.0000,0.0000,14.3978
45108.9583333,19.500,0.0052,0.0067,0.0085,0.0109,0.0175,3.6623,7.9025,2.9049,1.4218,0.9178,0.0000,0.0000,0.0000,0.0000,0.0000,15.3458,0.0000,0.0000,0.0000,0.0000,0.0000,0.0000,0.0000,0.0000,0.0000,0.4105,0.0000,0.0000,0.0000,0.0000,0.0083,0.0000,0.0000,0.0000,0.0000,0.0000,0.0000,0.0000,0.0000,0.0000,29.8339
45108.9583333,19.400,0.0233,0.0123,0.0180,0.0264,0.0149,0.6400,0.0000,0.0000,0.0000,0.3184,0.0000,0.0000,0.0000,0.0000,0.0000,0.0000,0.0000,0.0000,0.0000,0.0000,0.0000,0.0000,0.0000,0.0000,0.0000,0.3125,7.3331,3.8492,0.9158,0.8465,0.0000,0.0000,0.0000,0.0000,0.0000,0.0000,0.0000,0.0000,0.0000,0.0000,25.9168
45108.9583333,19.300,0.0540,0.0027,0.0006,0.0000,0.0505,0.1118,0.0000,0.0000,0.0000,0.0695,0.0000,0.0000,0.0000,0.0000,0.0000,0.0000,0.0000,0.0000,0.0000,0.0000,0.0000,0.0000,0.0000,0.0000,0.0000,0.2104,0.0000,0.0000,0.6072,0.7475,0.0000,0.0000,0.0000,0.0000,0.0000,0.0000,0.0000,0.0000,0.0000,0.0000,9.9395
45108.9583333,19.200,0.0960,0.0026,0.0000,0.0000,0.0000,0.1214,0.0000,0.0000,0.0000,0.0000,0.0000,0.0000,0.0000,0.0000,0.0000,0.0000,0.0000,0.0000,0.0000,0.0000,0.0000,0.0000,0.0000,0.0000,0.0000,0.4409,0.0000,0.0000,0.0000,0.0000,0.0000,0.0000,0.0000,0.0000,0.0000,0.0000,0.0000,0.0000,0.0000,0.0000,4.8937
45108.9583333,19.100,0.0185,0.0068,0.0091,0.0123,0.0132,0.5551,0.0000,0.0000,0.0000,0.0000,0.0000,0.0000,0.0000,0.0000,0.0000,0.0000,0.0000,0.0000,0.0000,0.0000,0.0000,0.0000,0.0000,0.0000,0.0000,0.4097,0.0000,0.0000,0.0000,0.0000,0.0588,0.0000,0.0000,0.0000,0.0000,0.0000,0.0000,0.0000,0.0000,0.0000,11.0489
45108.9583333,19.000,0.0000,0.0000,0.0000,0.0000,0.0000,2.6900,0.0000,4.4177,3.9714,1.8041,0.0000,0.0000,0.0000,0.0000,0.0000,0.0000,0.0000,0.0000,0.0000,0.0000,0.0000,0.0000,0.0000,0.0000,0.0000,5.7915,0.3952,0.0374,0.0000,0.0000,0.0001,0.0016,0.0473,0.0255,0.0000,0.0000,0.0000,0.0000,0.0000,0.0000,32.3039
45108.9583333,18.900,0.0000,0.0000,0.0000,0.0000,0.0000,1.6151,2.3088,4.1688,3.9375,4.3256,0.0000,5.7480,0.0000,0.0000,0.0000,0.0000,0.0000,0.0000,0.0000,0.0000,0.0000,0.0000,0.0000,0.0000,0.0000,0.3308,0.0302,0.0000,0.0000,0.0000,0.0635,0.0000,0.0040,0.0000,0.0000,0.0000,0.0000,0.0000,0.0000,0.0000,18.4624
45108.9583333,18.800,0.0000,0.0000,0.0000,0.0000,0.0000,0.0000,0.0000,0.7595,2.8203,1.6251,0.0000,0.0000,0.0000,0.0000,0.0000,0.0000,0.0000,0.0000,0.0000,0.0000,0.0000,0.0000,0.0000,0.0000,0.0000,0.3920,0.0000,0.0000,0.0000,0.0000,0.0586,0.0000,0.0000,0.0000,0.0000,0.0000,0.0000,0.0000,0.0000,0.0000,10.6424
45108.9583333,18.700,0.0000,0.0000,0.0000,0.0000,0.0000,2.0330,4.9674,5.3108,2.1059,3.6853,0.0000,0.0000,0.0000,0.0000,0.0000,0.0000,0.0000,0.0000,0.0000,0.0000,0.0000,0.0000,0.0000,0.0000,0.0000,0.3570,0.0000,0.0000,0.0000,0.0000,0.0634,0.0000,0.0000,0.0000,0.0000,0.0000,0.0000,0.0000,0.0000,0.0000,23.2684
45108.9583333,18.600,0.0000,0.0000,0.0000,0.0000,0.0000,6.0700,2.3511,6.4093,4.0929,3.7049,23.2269,0.0000,8.5437,3.1578,0.2490,25.8894,0.0000,0.0000,0.0000,0.0000,0.0000,0.0000,0.0000,0.0000,0.0000,13.4197,0.0112,0.0000,0.0000,0.0000,0.0068,0.0604,0.0000,0.0000,0.0000,0.0000,0.0000,0.0000,0.0000,0.0000,51.1885
45108.9583333,18.500,0.0000,0.0000,0.0000,0.0000,0.0000,0.0000,0.0000,0.5687,0.0000,0.0000,0.0000,0.0000,0.0000,0.0000,0.0000,0.0000,0.0000,0.0000,0.0000,0.0000,0.0000,0.0000,0.0000,0.0000,0.0000,0.0576,0.0000,0.0000,0.3490,0.1911,0.0046,0.0000,0.0042,0.0077,0.0141,0.0000,0.0000,0.0000,0.0000,0.0000,10.9012
45108.9583333,18.400,0.0000,0.0000,0.0000,0.0000,0.0000,13.5661,2.2251,0.6095,0.1927,0.0000,2.2792,0.0000,0.0000,0.0000,0.0000,0.0000,0.0000,0.0000,0.0000,0.0000,0.0000,0.0000,0.0000,0.0000,0.0000,8.1517,5.2548,1.8049,0.3412,0.1802,0.0005,0.0007,0.0011,0.0028,0.0051,0.0000,0.0000,0.0000,0.0000,0.0000,26.7216
45108.9583333,18.300,0.0025,0.0045,0.0083,0.0150,0.0273,13.1486,3.3142,0.9781,0.3953,0.2408,8.6411,0.0000,0.0000,0.0000,0.0000,0.0000,0.0000,0.0000,0.0000,0.0000,0.0000,0.0000,0.0000,0.0000,0.0000,0.5225,3.0999,0.9801,0.5399,0.3788,0.0024,0.0020,0.0036,0.0066,0.0120,0.0000,0.0000,0.0000,0.0000,0.0000,29.3874
45108.9583333,18.200,0.0000,0.0000,0.0000,0.0000,0.0000,0.0031,1.6218,0.3457,0.7547,0.9320,3.3350,0.0000,0.0000,0.0000,0.0000,0.0000,0.0000,0.0000,0.0000,0.0000,0.0000,0.0000,0.0000,0.0000,0.0000,0.0650,2.5280,0.7434,0.5104,0.3417,0.0071,0.0060,0.0110,0.0199,0.0362,0.0000,0.0000,0.0000,0.0000,0.0000,19.6539
45108.9583333,18.100,0.0000,0.0000,0.0000,0.0000,0.0000,0.0000,4.4123,0.7923,1.1181,1.8533,0.0000,0.0000,0.0000,0.0000,0.0000,0.0000,0.0000,0.0000,0.0000,0.0000,0.0000,0.0000,0.0000,0.0000,0.0000,0.1928,3.6618,0.9751,0.6812,0.5091,0.0008,0.0140,0.0121,0.0220,0.0400,0.0000,0.0000,0.0000,0.0000,0.0000,18.5972
45108.9583333,18.000,0.0000,0.0000,0.0000,0.0000,0.0000,5.2500,0.0862,0.0000,0.0000,0.0000,0.0000,0.0000,0.0000,0.0000,0.0000,0.0000,0.0000,0.0000,0.0000,0.0000,0.0000,0.0000,0.0000,0.0000,0.0000,4.3847,0.0765,0.0000,0.0000,0.0000,0.0079,0.0116,0.0230,0.0374,0.0000,0.0000,0.0000,0.0000,0.0000,0.0000,33.1093
45108.9583333,17.900,0.0000,0.0000,0.0000,0.0000,0.0000,4.9303,0.0728,0.0000,0.0000,0.0000,0.0000,0.0000,0.0000,0.0000,0.0000,0.0000,0.0000,0.0000,0.0000,0.0000,0.0000,0.0000,0.0000,0.0000,0.0000,4.3219,0.1455,0.0000,0.0000,0.0000,0.0010,0.0409,0.0345,0.0000,0.0000,0.0000,0.0000,0.0000,0.0000,0.0000,27.7413
45108.9583333,17.800,0.0000,0.0000,0.0000,0.0000,0.0000,0.1483,0.0000,0.0000,0.0000,0.0000,0.0000,0.0000,0.0000,0.0000,0.0000,0.0000,0.0000,0.0000,0.0000,0.0000,0.0000,0.0000,0.0000,0.0000,0.0000,0.9028,0.0000,0.0000,0.0000,0.0000,0.0552,0.0000,0.0000,0.0000,0.0000,0.0000,0.0000,0.0000,0.0000,0.0000,8.1345
45108.9583333,17.700,0.0000,0.0000,0.0000,0.0000,0.0000,1.0554,0.0000,0.0000,0.0000,0.0000,0.0000,0.0000,0.0000,0.0000,0.0000,0.0000,0.0000,0.0000,0.0000,0.0000,0.0000,0.0000,0.0000,0.0000,0.0000,1.9258,0.0000,0.0000,0.0000,0.0000,0.0239,0.0296,0.0000,0.0000,0.0000,0.0000,0.0000,0.0000,0.0000,0.0000,13.9754
45108.9583333,17.600,0.0000,0.0000,0.0000,0.0000,0.0000,0.1133,0.0000,0.0000,0.0000,0.0000,0.0000,0.0000,0.0000,0.0000,0.0000,0.0000,0.0000,0.0000,0.0000,0.0000,0.0000,0.0000,0.0000,0.0000,0.0000,0.1658,0.0000,0.0000,0.0000,0.0000,0.0534,0.0000,0.0000,0.0000,0.0000,0.0000,0.0000,0.0000,0.0000,0.0000,5.9422
45108.9583333,17.500,0.0000,0.0000,0.0000,0.0000,0.0000,0.1344,0.0000,0.0000,0.0000,0.0000,0.0000,0.0000,0.0000,0.0000,0.0000,0.0000,0.0000,0.0000,0.0000,0.0000,0.0000,0.0000,0.0000,0.0000,0.0000,0.2389,0.0000,0.0000,0.0000,0.0000,0.0051,0.0000,0.0000,0.0000,0.0000,0.0000,0.0000,0.0000,0.0000,0.0000,4.5384
45108.9583333,17.400,0.0685,0.0000,0.0000,0.0000,0.0000,0.1208,0.0000,0.0000,0.0000,0.0000,0.0000,0.0000,0.0000,0.0000,0.0000,0.0000,0.0000,0.0000,0.0000,0.0000,0.0000,0.0000,0.0000,0.0000,0.0000,0.0458,0.0000,0.1870,0.0000,0.0000,0.0000,0.0000,0.0000,0.0000,0.0000,0.0000,0.0000,0.0000,0.0000,0.0000,6.5618
45108.9583333,17.300,0.0112,0.0182,0.0297,0.0000,0.0267,0.1029,3.2034,0.7683,1.5422,0.9398,0.0000,0.0000,0.0000,0.0000,0.0000,0.0000,0.0000,0.0000,0.0000,0.0000,0.0000,0.0000,0.0000,0.0000,0.0000,0.1140,0.0000,0.0000,0.0000,0.0000,0.0000,0.0000,0.0000,0.0000,0.0000,0.0000,0.0000,0.0000,0.0000,0.0000,16.4624
45108.9583333,17.200,0.0952,0.0023,0.0000,0.0000,0.0000,0.1787,0.0000,0.0000,0.0000,0.0000,0.0000,0.0000,0.0000,0.0000,0.0000,0.0000,0.0000,0.0000,0.0000,0.0000,0.0000,0.0000,0.0000,0.0000,0.0000,0.0000,0.0000,0.0000,0.0000,0.0000,0.0000,0.0000,0.0000,0.0000,0.0000,0.0000,0.0000,0.0000,0.0000,0.0000,8.1267
45108.9583333,17.100,0.0217,0.0108,0.0158,0.0232,0.0340,0.1899,0.0000,4.5851,1.4163,0.9138,0.0000,0.0000,0.0000,0.0000,0.0000,0.0000,0.0000,0.0000,0.0000,0.0000,0.0000,4.2089,0.0000,0.0000,0.0000,0.0000,5.1034,1.2625,0.3741,0.5759,0.0000,0.0000,0.0000,0.0000,0.0000,0.0000,0.0000,0.0000,0.0000,0.0000,20.1252
45108.9583333,17.000,0.0171,0.0041,0.0016,0.0272,0.0586,0.2315,0.0000,0.0000,0.7212,0.9324,0.0000,0.0000,0.0000,0.0000,0.0000,0.0000,0.0000,0.0000,0.0000,0.0000,0.0000,4.2353,0.0000,0.0000,0.0000,0.0000,0.0000,0.0000,1.3767,0.0000,0.0000,0.0000,0.0000,0.0000,0.0000,0.0000,0.0000,0.0000,0.0000,0.0000,15.9480
45108.9583333,16.900,0.0049,0.0072,0.0105,0.0269,0.0489,3.6599,8.0037,3.5008,0.9678,0.5813,0.0000,0.0000,0.0000,0.0000,0.0000,0.0000,0.0000,0.0000,0.0000,0.0000,0.0000,0.0000,0.0000,0.0000,0.0000,0.0951,0.0000,0.0000,0.0000,0.0000,0.0000,0.0000,0.0000,0.0000,0.0000,0.0000,0.0000,0.0000,0.0000,0.0000,18.8941
45108.9583333,16.800,0.0892,0.0119,0.0021,0.0000,0.0000,0.4178,0.0000,0.0000,0.0000,0.0000,0.0000,0.0000,0.0000,0.0000,0.0000,0.0000,0.0000,0.0000,0.0000,0.0000,0.0000,0.0000,0.0000,0.0000,0.0000,0.2252,0.0000,0.0000,0.0000,0.0000,0.0192,0.0000,0.0000,0.0000,0.0000,0.0000,0.0000,0.0000,0.0000,0.0000,5.8728
45108.9583333,16.700,0.0505,0.0112,0.0136,0.0126,0.0146,0.4330,0.0000,3.1539,4.7619,2.0503,0.0000,0.0000,0.0000,0.0000,0.0000,0.0000,0.0000,0.0000,0.0000,0.0000,0.0000,0.0000,0.0000,0.0000,0.0000,0.3394,0.0000,0.2341,0.0000,0.0000,0.0686,0.0000,0.0000,0.0000,0.0000,0.0000,0.0000,0.0000,0.0000,0.0000,19.3207
45108.9583333,16.600,0.0428,0.0476,0.0100,0.0000,0.0000,0.9424,0.0000,0.0000,0.0000,0.0000,0.0000,0.0000,0.0000,0.0000,0.0000,0.0000,0.0000,0.0000,0.0000,0.0000,0.0000,0.0000,0.0000,0.0000,0.0000,0.6464,0.0000,0.0000,0.0000,0.0000,0.0352,0.0193,0.0066,0.0000,0.0290,0.0000,0.0000,0.0000,0.0000,0.0000,21.1675
45108.9583333,16.500,0.0618,0.0000,0.0000,0.0140,0.0170,0.1445,0.0000,0.0000,0.0000,0.0000,0.0000,0.0000,0.0000,0.0000,0.0000,0.0000,0.0000,0.0000,0.0000,0.0000,0.0000,0.0000,0.0000,0.0000,0.0000,0.1768,0.0000,0.0000,0.0000,0.0000,0.0501,0.0042,0.0000,0.0201,0.0271,0.0000,0.0000,0.0000,0.0000,0.0000,12.4134
45108.9583333,16.400,0.0837,0.0000,0.0000,0.0000,0.0000,0.2062,0.0000,0.0000,0.0000,0.0000,0.0000,0.0000,0.0000,0.0000,0.0000,0.0000,0.0000,0.0000,0.0000,0.0000,0.0000,0.0000,4.9602,0.0596,0.0000,0.2127,0.0000,0.0000,0.0000,0.0000,0.0654,0.0098,0.0000,0.0000,0.0281,0.0000,0.0000,0.0000,0.0000,0.0000,14.0802
45108.9583333,16.300,0.0563,0.0000,0.0000,0.0000,0.0205,0.1120,0.0000,0.0000,0.2842,0.1619,0.0000,0.0000,0.0000,0.0000,0.0000,0.0000,0.0000,0.0000,0.0000,0.0000,0.0000,0.0000,0.0000,0.0000,0.0000,0.4834,0.0000,0.0000,0.0000,0.0000,0.0786,0.0248,0.0058,0.0000,0.0000,0.0000,0.0000,0.0000,0.0000,0.0000,10.3656
45108.9583333,16.200,0.0294,0.0000,0.0000,0.0000,0.0050,0.3438,0.0000,0.0000,4.5536,3.0596,0.0000,0.0000,0.0000,0.0000,0.0000,0.0000,0.0000,0.0000,0.0000,0.0000,0.0000,0.0000,0.0000,0.1222,0.0000,0.8137,0.0000,1.4743,0.8312,1.9560,0.0164,0.0866,0.0038,0.0000,0.0000,0.0000,0.0000,0.0000,0.0000,0.0000,19.2418
45108.9583333,16.100,0.0000,0.0000,0.0000,0.0000,0.0000,3.8807,0.0410,0.0000,0.0000,0.0000,0.0000,0.0000,0.0000,0.0000,0.0000,0.0000,0.0000,0.0000,0.0000,0.0000,0.0000,0.0000,0.0000,0.0000,0.0000,1.7921,0.0000,0.0000,0.0000,0.0000,0.0304,0.0409,0.0095,0.0000,0.0000,0.0000,0.0000,0.0000,0.0000,0.0000,18.9138
45108.9583333,16.000,0.0000,0.0000,0.0000,0.0000,0.0000,0.5848,0.0000,0.0000,0.0000,0.0000,0.0000,0.0000,0.0000,0.0000,0.0000,0.0000,0.0000,0.0000,0.0000,0.0000,0.0000,0.0000,0.0000,0.0000,0.0000,0.6909,0.0000,0.0000,0.0000,0.0000,0.0135,0.0000,0.0089,0.0146,0.0131,0.0000,0.0000,0.0000,0.0000,0.0000,12.6772
45108.9583333,15.900,0.0210,0.0000,0.0000,0.0000,0.0000,1.1427,0.0000,0.0000,0.0000,0.0000,0.0000,0.0000,0.0000,0.0000,0.0000,0.0000,0.0000,0.0000,0.0000,0.0000,0.0000,0.0000,0.0000,0.0000,0.0000,0.9777,0.0000,0.0000,0.0000,0.0000,0.0257,0.0000,0.0000,0.0000,0.0000,0.0000,0.0000,0.0000,0.0000,0.0000,13.8218
45108.9583333,15.800,0.0554,0.0000,0.0000,0.0000,0.0000,0.2361,0.0000,0.0000,0.0000,0.0000,0.0000,0.0000,0.0000,0.0000,0.0000,0.0000,0.0000,0.0000,0.0000,0.0000,0.0000,0.0000,0.0000,0.0000,0.0000,0.5760,0.0237,0.0000,0.0000,2.6687,0.0000,0.0000,0.0000,0.0000,0.0000,0.0000,0.0000,0.0000,0.0000,0.0000,11.9834
45108.9583333,15.700,0.0133,0.0242,0.0000,0.0000,0.0252,14.9421,0.0000,0.0000,0.5431,0.3186,3.9993,0.0000,0.0000,0.0000,0.0000,0.0000,0.0000,0.0000,0.0000,0.0000,0.0000,0.0000,0.0000,0.0000,0.0000,0.3415,0.0000,0.0000,0.0000,0.5590,0.0306,0.0000,0.0000,0.0000,0.0069,0.0000,0.0000,0.0000,0.0000,0.0000,19.6349
45108.9583333,15.600,0.0368,0.0000,0.0000,0.0000,0.0000,0.3870,0.0000,0.0000,0.0000,0.0000,0.0000,0.0000,0.0000,0.0000,0.0000,0.0000,0.0000,0.0000,0.0000,0.0000,0.0000,0.0000,0.0000,0.0000,0.0000,0.2140,3.5267,1.5044,0.0000,0.0000,0.0317,0.0283,0.0000,0.0000,0.0000,0.0000,0.0000,0.0000,0.0000,0.0000,14.9197
45108.9583333,15.500,0.0000,0.0000,0.0000,0.0000,0.0000,1.1157,0.0000,0.0000,0.0000,0.0000,0.0000,0.0000,0.0000,0.0000,0.0000,0.0000,0.0000,0.0000,0.0000,0.0000,18.1526,0.0000,0.0000,0.0000,0.0000,7.8014,5.2280,1.5798,0.7877,0.5947,0.0123,0.0018,0.0188,0.0276,0.0000,0.0000,0.0000,0.0000,0.0000,0.0000,24.5774
45108.9583333,15.400,0.0000,0.0000,0.0000,0.0000,0.0000,3.3814,0.0000,0.0000,0.0000,0.0000,0.0000,2.5992,0.0000,0.0000,0.0000,0.0000,0.0000,0.0000,0.0000,0.0000,0.0000,0.0000,0.0000,0.0000,0.0000,1.3522,0.0000,0.0000,0.0000,0.6077,0.0292,0.0532,0.0095,0.0000,0.0000,0.0000,0.0000,0.0000,0.0000,0.0000,24.1925
45108.9583333,15.300,0.0149,0.0000,0.0000,0.0000,0.0000,0.2473,0.0000,0.0000,0.0000,0.0000,0.0000,0.0000,0.0000,0.0000,0.0000,0.0000,0.0000,0.0000,0.0000,0.0000,0.0000,0.0000,0.0000,0.0000,0.0000,0.0685,0.0000,0.0000,0.1669,0.0659,0.0420,0.0000,0.0000,0.0000,0.0216,0.0000,0.0000,0.0000,0.0000,0.0000,6.8555
45108.9583333,15.200,0.0039,0.0083,0.0073,0.0107,0.0157,8.2230,3.2634,0.7046,0.7698,0.5198,0.0000,0.0000,0.0000,0.0000,0.0000,0.0000,0.0000,0.0000,0.0000,0.0000,3.2832,0.0000,0.0000,0.0000,0.0000,0.4657,0.0000,0.0000,0.0000,0.0000,0.0000,0.0000,0.0000,0.0000,0.0000,0.0000,0.0000,0.0000,0.0000,0.0000,24.1139
45108.9583333,15.100,0.0051,0.0000,0.0000,0.0066,0.0143,0.0661,0.0000,0.0000,0.4378,0.2510,0.0000,0.0000,0.0000,0.0000,0.0000,0.0000,0.0000,0.0000,0.0000,0.0000,0.0000,0.0000,0.0000,0.0000,0.0000,0.4264,0.0000,0.0000,0.0000,0.0000,0.0000,0.0000,0.0000,0.0000,0.0000,0.0000,0.0000,0.0000,0.0000,0.0000,8.7528
45108.9583333,15.000,0.0000,0.0000,0.0000,0.0000,0.0000,4.8092,2.6635,4.8982,4.4229,2.8724,22.2384,0.0000,0.0000,0.0000,0.0000,0.0000,0.0000,0.0000,0.0000,0.0000,17.2267,0.0000,0.0000,0.0000,0.0000,8.0142,7.0087,0.0000,0.0000,0.0571,0.0036,0.0053,0.0000,0.0000,0.0000,0.0000,0.0000,0.0000,0.0000,0.0000,36.3868
45108.9583333,14.900,0.0017,0.0000,0.0009,0.0013,0.0015,0.0488,0.0000,0.0000,1.7248,1.1130,19.9815,0.0000,0.0000,0.0000,0.0000,0.0000,0.0000,0.0000,0.0000,0.0000,0.0000,0.0000,0.0000,0.0000,0.0000,0.1685,0.0000,0.0000,1.4672,0.9958,0.0475,0.0133,0.0000,0.0000,0.0000,0.0000,0.0000,0.0000,0.0000,0.0000,17.6349
45108.9583333,14.800,0.0303,0.0000,0.0000,0.0000,0.0000,0.6748,0.0000,0.0000,0.0000,0.0000,0.0000,0.0000,0.0000,0.0000,0.0000,0.0000,0.0000,0.0000,0.0000,0.0000,0.0000,0.0000,0.0000,0.0000,0.0000,14.7383,0.0000,0.0000,0.0000,0.0000,0.0098,0.0179,0.0325,0.0000,0.0000,0.0000,0.0000,0.0000,0.0000,0.0000,21.4946
45108.9583333,14.700,0.0717,0.0138,0.0000,0.0000,0.0000,0.1285,0.0000,0.0000,0.0000,0.0000,0.0000,0.0000,0.0000,0.0000,0.0000,0.0000,0.0000,0.0000,0.0000,0.0000,0.0000,0.0000,0.0000,0.0000,0.0000,0.0495,0.0000,0.0000,0.1731,0.1367,0.0390,0.0000,0.0000,0.0000,0.0000,0.0000,0.0000,0.0000,0.0000,0.0000,5.4065
45108.9583333,14.600,0.0913,0.0000,0.0000,0.0000,0.0000,0.2697,0.0000,0.0000,0.0000,0.0000,0.0000,0.0000,0.0000,0.0000,0.0000,0.0000,0.0000,0.0000,0.0000,0.0000,0.0000,0.0000,0.0000,0.0000,0.0000,0.9076,0.0000,0.0000,0.0000,0.0000,0.0000,0.0000,0.0000,0.0000,0.0000,0.0000,0.0000,0.0000,0.0000,0.0000,8.8125
45108.9583333,14.500,0.0736,0.0208,0.0000,0.0000,0.0000,0.7867,0.0000,0.0000,0.0000,0.0000,0.0000,11.0221,0.0000,0.0000,0.0000,15.3105,0.0000,0.0000,0.0000,0.0000,10.7026,9.8504,0.0000,0.0000,0.0000,2.2015,2.8905,5.0413,2.9298,1.8943,0.0000,0.0000,0.0000,0.0000,0.0000,0.0000,0.0000,0.0000,0.0000,0.0000,24.9522
45108.9583333,14.400,0.0021,0.0623,0.0042,0.0225,0.0076,1.4083,0.0000,0.0000,0.0000,0.0000,0.0000,0.0000,0.0000,0.0000,0.0000,0.0000,0.0000,0.0000,0.0000,0.0000,0.0000,9.7848,0.6493,0.0000,0.0000,0.0000,3.2618,5.5402,0.0000,1.6096,0.0000,0.0000,0.0000,0.0000,0.0000,0.0000,0.0000,0.0000,0.0000,0.0000,21.2778
45108.9583333,14.300,0.0400,0.0021,0.0341,0.0078,0.0110,1.4792,0.0000,0.0000,0.0000,0.0000,0.0000,0.0000,0.0000,0.0000,0.0000,0.0000,0.0000,0.0000,0.0000,0.0000,0.0000,0.0000,0.0000,0.0000,0.0000,0.0484,7.7440,3.0474,0.0000,0.0000,0.0000,0.0000,0.0000,0.0000,0.0000,0.0000,0.0000,0.0000,0.0000,0.0000,18.5741
45108.9583333,14.200,0.0522,0.0025,0.0000,0.0000,0.0381,0.1059,0.0000,0.0000,0.0000,0.0000,0.0000,5.3753,0.0000,0.0000,0.0000,15.2474,0.0000,0.0000,0.0000,0.0000,9.5910,11.8596,0.0000,0.0000,0.0000,3.0851,4.0761,2.9326,1.1276,1.3109,0.0000,0.0000,0.0000,0.0000,0.0000,0.0000,0.0000,0.0000,0.0000,0.0000,23.4993
45108.9583333,14.100,0.0112,0.0099,0.0179,0.0325,0.0200,0.1866,0.0000,0.0000,0.0000,0.0000,12.5330,10.7142,0.0000,0.0000,0.0000,15.2787,0.0000,0.0000,0.0000,0.0000,12.2259,3.4418,0.0000,0.0000,2.2235,2.1466,2.8144,4.9557,3.2241,2.2731,0.0000,0.0000,0.0000,0.0000,0.0000,0.0000,0.0000,0.0000,0.0000,0.0000,31.3088
45108.9583333,14.000,0.0131,0.0111,0.0202,0.0156,0.0211,0.1807,1.4971,2.1026,1.0886,0.0000,0.0000,0.0000,0.0000,0.0000,0.0000,0.0000,0.0000,0.0000,0.0000,0.0000,0.0000,0.0000,0.0000,0.0000,0.0000,0.8271,0.0000,0.0000,0.0000,0.0000,0.0102,0.0087,0.0091,0.0133,0.0089,0.0000,0.0000,0.0000,0.0000,0.0000,21.1092
45108.9583333,13.900,0.0164,0.0000,0.0084,0.0167,0.0272,8.6244,5.6354,2.1946,0.0000,0.0000,0.0000,0.0000,0.0000,0.0000,0.0000,0.0000,0.0000,0.0000,0.0000,0.0000,0.0000,0.0000,0.0000,0.0000,0.0000,0.2248,0.0000,0.0000,0.0000,0.0000,0.0381,0.0000,0.0000,0.0146,0.0196,0.0000,0.0000,0.0000,0.0000,0.0000,21.2027
45108.9583333,13.800,0.0077,0.0101,0.0218,0.0000,0.0000,0.0285,0.0000,0.3521,0.1572,0.0000,0.0000,0.0000,0.0000,0.0000,0.0000,0.0000,0.0000,0.0000,0.0000,0.0000,17.6804,0.0000,0.0000,0.0000,0.0000,0.1546,0.0000,0.0000,0.0000,0.0000,0.0027,0.0627,0.0010,0.0000,0.0198,0.0000,0.0000,0.0000,0.0000,0.0000,18.6811
45108.9583333,13.700,0.0000,0.0000,0.0000,0.0000,0.0000,0.2052,0.0000,0.0000,0.0000,0.0000,0.0000,0.0000,0.0000,0.0000,0.0000,0.0000,0.0000,0.0000,0.0000,0.0000,0.0000,9.7603,0.6461,0.0000,0.0000,0.3089,0.0000,0.0000,0.0000,0.0000,0.0872,0.0000,0.0000,0.0000,0.0000,0.0000,0.0000,0.0000,0.0000,0.0000,15.5482
45108.9583333,13.600,0.0000,0.0000,0.0000,0.0000,0.0000,1.4755,0.0000,0.0000,0.0000,0.0000,0.0000,0.0000,0.0000,0.0000,0.0000,0.0000,0.0000,0.0000,0.0000,0.0000,0.0000,0.0000,0.0000,0.0000,0.0000,0.6458,0.0000,0.0000,0.0000,0.0000,0.0761,0.0100,0.0071,0.0000,0.0000,0.0000,0.0000,0.0000,0.0000,0.0000,14.7754
45108.9583333,13.500,0.0000,0.0000,0.0000,0.0000,0.0000,4.5296,0.0000,0.0000,0.0000,0.0000,0.0000,0.0000,0.0000,0.0000,0.0000,0.0000,0.0000,0.0000,0.0000,0.0000,0.0000,0.0000,0.0000,0.0000,0.0000,3.7001,0.0942,0.0000,0.0000,0.0000,0.0012,0.0476,0.0281,0.0178,0.0067,0.0000,0.0000,0.0000,0.0000,0.0000,29.9623
45108.9583333,13.400,0.0000,0.0000,0.0000,0.0000,0.0000,6.9482,0.0000,0.7161,0.0417,0.2654,22.1208,3.4263,0.0000,0.0000,0.0000,0.0000,0.0000,0.0000,0.0000,0.0000,5.0493,10.2559,5.5734,0.5377,0.0000,1.8526,2.2796,2.8072,4.3017,3.0172,0.0504,0.0091,0.0106,0.0123,0.0143,0.0000,0.0000,0.0000,0.0000,0.0000,41.4433
45108.9583333,13.300,0.0000,0.0000,0.0000,0.0000,0.0000,8.0437,0.0000,0.0000,2.4040,1.8147,0.0000,0.0000,0.0000,0.0000,0.0000,0.0000,0.0000,0.0000,0.0000,0.0000,0.0000,0.0000,0.0000,0.0000,0.0000,0.0678,8.1619,1.7168,0.9506,0.0000,0.0315,0.0119,0.0000,0.0216,0.0144,0.0000,0.0000,0.0000,0.0000,0.0000,17.8409
45108.9583333,13.200,0.0000,0.0000,0.0000,0.0000,0.0000,0.0000,0.0000,0.0000,0.0000,0.6696,0.0000,0.0000,0.0000,0.0000,0.0000,0.0000,0.0000,0.0000,0.0000,0.0000,2.1586,0.2123,0.0000,0.0000,0.0000,3.5118,7.5460,2.7872,1.3399,0.6013,0.0124,0.0096,0.0130,0.0000,0.0175,0.0000,0.0000,0.0000,0.0000,0.0000,21.0013
45108.9583333,13.100,0.0000,0.0000,0.0000,0.0000,0.0000,0.3184,0.0000,0.0000,0.0000,0.0000,0.0000,0.0000,0.0000,0.0000,0.0000,0.0000,0.0000,0.0000,0.0000,0.0000,0.0000,0.0000,0.0000,0.0000,0.0000,0.6242,0.0000,0.0000,0.0000,0.0000,0.0410,0.0000,0.0000,0.0000,0.0000,0.0000,0.0000,0.0000,0.0000,0.0000,10.0827
45108.9583333,13.000,0.0410,0.0000,0.0000,0.0000,0.0000,0.0706,0.0000,0.7753,0.4034,0.8423,0.0000,0.0000,0.0000,0.0000,0.0000,0.0000,0.0000,0.0000,0.0000,0.0000,0.0000,0.0000,0.0000,0.0000,0.0000,0.5301,0.0000,0.0000,0.0000,0.0000,0.0000,0.0000,0.0000,0.0000,0.0000,0.0000,0.0000,0.0000,0.0000,0.0000,11.0185
45108.9583333,12.900,0.0000,0.0003,0.0027,0.0548,0.0125,19.3376,0.2129,0.0255,1.8310,0.0000,0.0000,0.0000,0.0000,0.0000,0.0000,0.0000,0.0000,0.0000,0.0000,0.0000,14.1504,0.0000,0.0000,0.0000,0.0000,17.9368,2.4457,0.6001,0.5279,0.2894,0.0000,0.0000,0.0000,0.0000,0.0000,0.0000,0.0000,0.0000,0.0000,0.0000,48.9905
45108.9583333,12.800,0.0177,0.0000,0.0089,0.0131,0.0193,2.0136,0.0000,0.0000,0.0000,0.0000,0.0000,0.0000,0.0000,0.0000,0.0000,17.0843,0.0000,0.0000,0.0000,0.0000,23.2877,0.0000,0.0000,0.0000,0.0000,3.8240,8.9722,4.2577,0.1670,0.0000,0.0000,0.0000,0.0000,0.0000,0.0000,0.0000,0.0000,0.0000,0.0000,0.0000,32.3295
45108.9583333,12.700,0.0091,0.0065,0.0078,0.0115,0.0169,2.0963,5.0127,1.3280,1.0703,0.6388,0.0000,0.0000,0.0000,0.0000,0.0000,0.0000,0.0000,0.0000,0.0000,0.0000,0.0000,0.0000,0.0000,0.0000,0.0000,2.6348,5.7499,3.0515,2.1873,0.0000,0.0000,0.0000,0.0000,0.0000,0.0000,0.0000,0.0000,0.0000,0.0000,0.0000,37.8100
45108.9583333,12.600,0.0645,0.0000,0.0000,0.0000,0.0000,0.1035,0.0000,0.0000,0.8320,0.4923,0.0000,0.0000,0.0000,0.0000,0.0000,15.3116,0.0000,0.0000,0.0000,0.0000,20.4815,0.7860,0.0000,0.0000,0.0000,4.3353,8.7906,0.0000,0.3798,0.0000,0.0000,0.0000,0.0000,0.0000,0.0000,0.0000,0.0000,0.0000,0.0000,0.0000,28.6879
45108.9583333,12.500,0.0302,0.0000,0.0000,0.0000,0.0000,13.3558,0.0000,0.0000,0.8366,0.5774,10.1347,0.0000,0.0000,0.0000,0.0000,0.0000,0.0000,0.0000,0.0000,0.0000,20.5564,0.5502,0.0000,0.0000,0.0000,6.8821,7.5718,3.9411,0.0000,0.0000,0.0000,0.0000,0.0000,0.0000,0.0000,0.0000,0.0000,0.0000,0.0000,0.0000,32.5090
45108.9583333,12.400,0.0137,0.0000,0.0126,0.0131,0.0193,14.3833,0.0000,0.3512,0.7921,0.4811,2.4826,0.0000,0.0000,0.0000,0.0000,0.0000,0.0000,0.0000,0.0000,0.0000,0.0000,0.0000,0.0000,0.0000,0.0000,7.7769,4.8545,3.3410,0.0000,0.0000,0.0027,0.0040,0.0058,0.0086,0.0126,0.0000,0.0000,0.0000,0.0000,0.0000,28.0419
45108.9583333,12.300,0.0091,0.0182,0.0000,0.0129,0.0000,2.0281,0.0342,0.0000,0.0000,0.0000,0.0000,0.0000,0.0000,0.0000,0.0000,0.0000,0.0000,0.0000,0.0000,0.0000,20.0079,0.0000,0.0000,0.0000,0.0000,7.1863,6.3643,2.4174,0.0000,0.0000,0.0041,0.0060,0.0089,0.0130,0.0191,0.0000,0.0000,0.0000,0.0000,0.0000,26.0407
45108.9583333,12.200,0.0010,0.0100,0.0000,0.0000,0.0000,2.3052,0.0000,0.0000,0.0000,0.0000,0.0000,0.0000,0.0000,0.0000,0.0000,0.0000,0.0000,0.0000,0.0000,0.0000,0.0000,0.0000,0.0000,0.0000,0.0000,1.6916,0.0000,0.0000,0.0000,0.0000,0.0531,0.0185,0.0000,0.0000,0.0000,0.0000,0.0000,0.0000,0.0000,0.0000,17.3174
45108.9583333,12.100,0.0000,0.0000,0.0000,0.0000,0.0000,0.0691,0.0000,0.0000,0.7951,0.5053,0.0000,0.0000,0.6038,0.0000,0.0000,0.0000,0.0000,0.0000,0.0000,0.0000,0.0000,0.0000,0.0000,0.0000,0.0000,0.0586,3.5052,1.3408,3.0204,1.8775,0.0128,0.0188,0.0000,0.0000,0.0275,0.0000,0.0000,0.0000,0.0000,0.0000,24.1971
45108.9583333,12.000,0.0000,0.0000,0.0000,0.0000,0.0000,0.0448,0.0000,0.0000,0.7932,0.4433,0.0000,0.0000,0.0000,0.0000,0.0000,0.0000,0.0000,0.0000,0.0000,0.0000,0.0000,0.0000,0.0000,0.0000,0.0000,9.8286,0.0000,0.0000,1.9221,1.1401,0.0104,0.0153,0.0224,0.0000,0.0328,0.0000,0.0000,0.0000,0.0000,0.0000,21.6773
45108.9583333,11.900,0.0000,0.0000,0.0000,0.0000,0.0000,0.5554,0.0000,0.0000,0.0000,0.0000,12.2163,0.0000,0.0000,0.0000,0.0000,0.0000,0.0000,0.0000,0.0000,0.0000,0.0000,0.0000,0.0000,0.0000,0.0000,0.3603,3.5638,5.2441,3.1639,1.1679,0.0763,0.0253,0.0048,0.0040,0.0000,0.0000,0.0000,0.0000,0.0000,0.0000,22.1537
45108.9583333,11.800,0.0000,0.0000,0.0000,0.0000,0.0000,0.0000,0.0000,0.0000,0.0000,0.0000,19.1047,0.0000,0.0000,0.0000,0.0000,0.0000,0.0000,0.0000,0.0000,0.0000,0.0000,0.0000,0.0000,0.0000,0.0000,0.0296,0.0242,0.0000,0.1598,0.0604,0.0650,0.0066,0.0008,0.0000,0.0364,0.0000,0.0000,0.0000,0.0000,0.0000,9.3619
45108.9583333,11.700,0.0000,0.0000,0.0000,0.0000,0.0000,0.0000,0.0000,2.2927,0.0000,0.0000,19.6917,0.0000,0.0000,0.0000,0.0000,15.3728,0.0000,0.0000,0.0000,0.0000,14.8589,9.8045,0.0000,0.0000,0.0000,2.8745,3.7454,6.1421,0.0000,0.0000,0.0892,0.0143,0.0024,0.0000,0.0000,0.0000,0.0000,0.0000,0.0000,0.0000,26.1925
45108.9583333,11.600,0.0000,0.0000,0.0000,0.0000,0.0000,1.0385,0.0000,0.0000,0.0000,0.0000,0.0000,0.0000,0.0000,0.0000,0.0000,0.0000,0.0000,0.0000,0.0000,0.0000,0.0000,0.0000,0.0000,0.0000,0.0000,0.3781,0.0000,0.0000,0.5607,0.3621,0.0226,0.0112,0.0165,0.0241,0.0354,0.0000,0.0000,0.0000,0.0000,0.0000,17.6443
45108.9583333,11.500,0.0343,0.0000,0.0000,0.0000,0.0000,13.8002,2.8702,0.0000,0.0000,0.0000,2.4779,0.0000,0.0000,0.0000,0.0000,0.0000,0.0000,0.0000,0.0000,0.0000,0.0000,0.0000,0.0000,0.0000,0.0000,0.2369,0.0000,0.0000,0.0000,0.0000,0.0945,0.0049,0.0000,0.0000,0.0000,0.0000,0.0000,0.0000,0.0000,0.0000,16.4053
45108.9583333,11.400,0.0506,0.0456,0.0081,0.0020,0.0000,1.4793,0.0000,0.0000,0.0000,0.0000,0.0000,0.0000,0.0000,0.0000,0.0000,0.0000,0.0000,0.0000,0.0000,0.0000,0.0000,0.0000,0.0000,0.0000,0.0000,1.3305,0.0000,0.0000,0.0000,0.0000,0.0597,0.0333,0.0142,0.0000,0.0000,0.0000,0.0000,0.0000,0.0000,0.0000,15.7191
45108.9583333,11.300,0.0965,0.0017,0.0000,0.0000,0.0000,0.1313,0.0000,0.0000,0.0000,0.2780,0.0000,0.0000,0.0000,0.0000,0.0000,0.0000,0.0000,0.0000,0.0000,0.0000,0.0000,0.0000,0.0000,0.0000,0.0000,0.3262,3.9850,1.1949,0.0000,0.0000,0.0131,0.0067,0.0031,0.0272,0.0586,0.0000,0.0000,0.0000,0.0000,0.0000,16.2961
45108.9583333,11.200,0.0373,0.0005,0.0142,0.0191,0.0257,0.0807,0.0000,0.0000,1.5351,0.5075,0.0000,0.0000,0.0000,0.0000,0.0000,0.0000,0.0000,0.0000,0.0000,0.0000,0.0000,0.0000,0.0000,0.0000,0.0000,0.0841,0.0000,3.9755,1.8733,1.1617,0.0724,0.0000,0.0000,0.0000,0.0000,0.0000,0.0000,0.0000,0.0000,0.0000,16.0627
45108.9583333,11.100,0.0836,0.0126,0.0000,0.0000,0.0000,13.4493,2.3430,0.0000,0.8621,0.5219,0.0000,0.0000,5.3926,0.1316,0.0000,0.0000,0.0000,0.0000,0.0000,0.0000,0.0000,0.0000,0.0000,0.0000,0.0000,0.5197,0.0000,0.0000,0.0000,0.0000,0.0724,0.0000,0.0000,0.0000,0.0000,0.0000,0.0000,0.0000,0.0000,0.0000,14.9684
45108.9583333,11.000,0.0679,0.0000,0.0000,0.0119,0.0138,0.0846,0.0000,3.3728,5.0216,0.4560,0.0000,0.0000,0.0000,0.0000,0.0000,0.0000,0.0000,0.0000,0.0000,0.0000,0.0000,0.0000,0.0000,0.0000,0.0000,0.3724,0.0000,0.0000,0.0000,0.0000,0.0581,0.0000,0.0000,0.0000,0.0000,0.0000,0.0000,0.0000,0.0000,0.0000,13.4566
45108.9583333,10.900,0.0091,0.0110,0.0133,0.0265,0.0000,4.2032,5.4961,0.0000,0.0000,0.0000,0.0000,0.0000,0.0000,0.0000,0.0000,0.0000,0.0000,0.0000,0.0000,0.0000,0.0000,0.4336,0.0000,0.0000,0.0000,3.1934,6.8148,3.5747,1.6046,1.2479,0.0456,0.0168,0.0000,0.0000,0.0000,0.0000,0.0000,0.0000,0.0000,0.0000,33.4009
45108.9583333,10.800,0.0323,0.0000,0.0166,0.0243,0.0265,0.0272,5.2674,1.7362,0.7822,0.4573,0.0000,0.0000,0.0000,0.0000,0.0000,0.0000,0.0000,0.0000,0.0000,0.0000,0.0000,0.0000,0.0000,0.0000,0.0000,0.0290,0.0000,0.9233,0.4670,0.3755,0.0000,0.0000,0.0000,0.0000,0.0000,0.0000,0.0000,0.0000,0.0000,0.0000,13.3206
45108.9583333,10.700,0.0094,0.0119,0.0256,0.0551,0.0000,0.0788,0.0000,0.0000,0.3130,0.0000,0.0000,0.0000,0.0000,0.0000,0.0000,0.0000,0.0000,0.0000,0.0000,0.0000,10.6429,9.6692,0.5567,0.0000,0.0000,3.2630,4.3008,2.8934,1.4096,0.0000,0.0000,0.0000,0.0000,0.0000,0.0000,0.0000,0.0000,0.0000,0.0000,0.0000,21.7280
45108.9583333,10.600,0.0158,0.0082,0.0120,0.0236,0.0385,0.1358,0.0000,0.0000,0.0000,0.0000,0.0000,0.0000,0.0000,0.0000,0.0000,0.0000,0.0000,0.0000,0.0000,0.0000,0.0000,0.0000,0.0000,0.0000,0.0000,0.0117,0.0000,2.6890,1.1997,0.7479,0.0000,0.0000,0.0000,0.0000,0.0000,0.0000,0.0000,0.0000,0.0000,0.0000,13.0364
45108.9583333,10.500,0.0895,0.0000,0.0000,0.0000,0.0000,0.1441,0.0000,0.0000,0.0000,0.0000,0.0000,0.0000,0.0000,0.0000,0.0000,0.0000,0.0000,0.0000,0.0000,0.0000,0.0000,0.0000,0.0000,0.0000,0.0000,0.0302,0.0000,0.0000,0.0000,0.0000,0.0000,0.0000,0.0000,0.0000,0.0000,0.0000,0.0000,0.0000,0.0000,0.0000,6.2787
45108.9583333,10.400,0.0397,0.0207,0.0304,0.0000,0.0000,0.1057,0.0000,0.0000,0.0000,0.0000,0.0000,0.0000,0.0000,0.0000,0.0000,0.0000,0.0000,0.0000,0.0000,0.0000,0.0000,0.0000,0.0000,0.0000,0.0000,0.1335,0.0000,0.0000,0.0000,0.0000,0.0439,0.0000,0.0000,0.0000,0.0000,0.0000,0.0000,0.0000,0.0000,0.0000,10.7666
45108.9583333,10.300,0.0787,0.0000,0.0000,0.0000,0.0000,0.1129,0.0000,0.0000,0.0000,0.0000,0.0000,0.0000,0.0000,0.0000,0.0000,0.0000,0.0000,0.0000,0.0000,0.0000,0.0000,0.0000,0.0000,0.0000,0.0000,0.0692,0.0000,0.0000,0.0000,0.1789,0.0637,0.0000,0.0000,0.0000,0.0000,0.0000,0.0000,0.0000,0.0000,0.0000,4.5586
45108.9583333,10.200,0.0060,0.0072,0.0106,0.0209,0.0341,10.2074,5.8716,0.6278,0.2386,0.1378,2.2718,0.0000,0.0000,0.0000,0.0000,0.0000,0.0000,0.0000,0.0000,0.0000,0.0000,0.0000,0.0000,0.0000,0.0000,0.1335,0.0000,0.0000,0.0000,0.0000,0.0022,0.0000,0.0000,0.0000,0.0000,0.0000,0.0000,0.0000,0.0000,0.0000,20.5214
45108.9583333,10.100,0.0232,0.0000,0.0210,0.0000,0.0540,0.1057,0.0000,0.0000,0.0000,0.0000,0.0000,0.0000,0.0000,0.0000,0.0000,0.0000,0.0000,0.0000,0.0000,0.0000,0.0000,0.1052,0.0000,0.0000,0.0000,0.0717,0.0000,0.0000,1.8808,1.1205,0.0000,0.0000,0.0000,0.0000,0.0000,0.0000,0.0000,0.0000,0.0000,0.0000,11.9192
45108.9583333,10.000,0.0950,0.0000,0.0000,0.0000,0.0000,0.1522,0.0000,0.0000,0.0000,0.0000,0.0000,0.0000,0.0000,0.0000,0.0000,0.0000,0.0000,0.0000,0.0000,0.0000,0.0000,0.0000,0.0000,0.0000,0.0000,0.0267,0.0000,0.7120,0.3340,0.1889,0.0000,0.0000,0.0000,0.0000,0.0000,0.0000,0.0000,0.0000,0.0000,0.0000,8.4792
45108.9583333,9.900,0.0924,0.0011,0.0000,0.0000,0.0000,0.8591,0.0000,0.0000,0.0000,0.0000,0.0000,0.0000,0.0000,0.0000,0.0000,0.0000,0.0000,0.0000,0.0000,0.0000,0.0000,0.0000,0.0000,0.0000,0.0000,1.3280,0.0000,0.0000,0.0000,0.0000,0.0000,0.0000,0.0000,0.0000,0.0000,0.0000,0.0000,0.0000,0.0000,0.0000,10.7716
45108.9583333,9.800,0.0361,0.0000,0.0140,0.0188,0.0254,3.8555,8.0939,3.1080,0.7800,0.4557,0.0000,0.0000,0.0000,0.0000,0.0000,0.0000,0.0000,0.0000,0.0000,0.0000,0.0000,0.0000,0.0000,0.0000,0.0000,0.1336,0.0000,0.0000,0.0000,0.0000,0.0409,0.0000,0.0000,0.0000,0.0000,0.0000,0.0000,0.0000,0.0000,0.0000,12.1380
45108.9583333,9.700,0.0239,0.0000,0.0000,0.0207,0.0377,0.1439,0.0000,0.0000,0.0000,0.0000,0.0000,0.0000,0.0000,0.0000,0.0000,0.0000,0.0000,0.0000,0.0000,0.0000,0.0000,0.0000,0.0000,0.0000,0.0000,0.1441,0.0000,0.0000,0.0000,0.0000,0.0599,0.0000,0.0000,0.0000,0.0000,0.0000,0.0000,0.0000,0.0000,0.0000,7.0555
45108.9583333,9.600,0.0762,0.0000,0.0000,0.0000,0.0000,0.3053,0.0000,0.0000,0.0000,0.0000,0.0000,0.0000,0.0000,0.0000,0.0000,0.0000,0.0000,0.0000,0.0000,0.0000,0.0000,0.0000,0.0000,0.0000,0.0000,0.4615,0.0000,0.0000,0.0000,0.0000,0.0633,0.0000,0.0000,0.0000,0.0000,0.0000,0.0000,0.0000,0.0000,0.0000,7.3982
45108.9583333,9.500,0.0716,0.0137,0.0000,0.0000,0.0000,0.8358,0.0000,0.0000,0.0000,0.0000,0.0000,0.0000,0.0000,0.0000,0.0000,0.0000,0.0000,0.0000,0.0000,0.0000,0.0000,0.0000,0.0000,0.0000,0.0000,0.3243,0.0000,0.0000,0.0000,0.0000,0.0376,0.0000,0.0000,0.0000,0.0000,0.0000,0.0000,0.0000,0.0000,0.0000,10.6528
45108.9583333,9.400,0.0767,0.0000,0.0000,0.0000,0.0000,0.1203,0.0000,0.0000,0.0000,0.0000,0.0000,0.0000,0.0000,0.0000,0.0000,0.0000,0.0000,0.0000,0.0000,0.0000,0.0000,0.0000,0.0000,0.0000,0.0000,0.1435,0.0000,0.0000,0.0000,0.0000,0.0638,0.0000,0.0000,0.0000,0.0000,0.0000,0.0000,0.0000,0.0000,0.0000,6.1612
45108.9583333,9.300,0.0465,0.0000,0.0000,0.0000,0.0000,0.4984,0.0000,0.0000,0.0000,0.0000,0.0000,0.0000,0.0000,0.0000,0.0000,0.0000,0.0000,0.0000,0.0000,0.0000,0.0000,0.0000,0.0000,0.0000,0.0000,0.7329,0.0000,0.0000,0.0000,0.0000,0.0691,0.0000,0.0000,0.0000,0.0000,0.0000,0.0000,0.0000,0.0000,0.0000,9.8152
45108.9583333,9.200,0.0000,0.0000,0.0000,0.0000,0.0000,1.2167,0.0000,0.0000,0.0000,0.0000,0.0000,0.0000,0.0000,0.0000,0.0000,0.0000,0.0000,0.0000,0.0000,0.0000,0.0000,0.0000,0.0000,0.0000,0.0000,1.5967,0.0000,0.0000,0.0000,0.0000,0.0289,0.0466,0.0018,0.0000,0.0000,0.0000,0.0000,0.0000,0.0000,0.0000,17.8531
45108.9583333,9.100,0.0000,0.0000,0.0000,0.0000,0.0000,8.0098,5.7288,1.8261,0.8707,0.4857,0.0000,0.0000,0.0000,0.0000,0.0000,0.0000,0.0000,0.0000,0.0000,0.0000,0.0000,0.0000,0.0000,0.0000,0.0000,0.3235,0.0000,0.0000,0.0000,0.0000,0.0776,0.0000,0.0000,0.0000,0.0000,0.0000,0.0000,0.0000,0.0000,0.0000,19.8532
45108.9583333,9.000,0.0000,0.0000,0.0000,0.0000,0.0000,15.0225,0.0000,0.0000,0.0000,0.6265,0.0000,0.0000,0.0000,0.0000,0.0000,0.0000,0.0000,0.0000,0.0000,0.0000,0.0000,0.0000,0.0000,0.0000,0.0000,0.5400,0.0000,0.0000,0.0000,0.0000,0.0812,0.0159,0.0000,0.0000,0.0000,0.0000,0.0000,0.0000,0.0000,0.0000,16.8527
45108.9583333,8.900,0.0025,0.0500,0.0000,0.0000,0.0000,2.1865,0.0163,0.0000,0.0000,0.0000,0.0000,0.0000,0.0000,0.0000,0.0000,0.0000,0.0000,0.0000,0.0000,0.0000,0.0000,0.0000,0.0000,0.0000,0.0000,1.7545,0.0000,0.0000,0.0000,0.0000,0.0051,0.0165,0.0060,0.0025,0.0755,0.0000,0.0000,0.0000,0.0000,0.0000,19.5777
45108.9583333,8.800,0.0010,0.0365,0.0153,0.0000,0.0000,3.2507,0.0829,0.0000,0.0000,0.0000,0.0000,0.0000,0.0000,0.0000,0.0000,0.0000,0.0000,0.0000,0.0000,0.0000,0.0000,0.0000,0.0000,0.0000,0.0000,2.4223,0.0110,0.0000,0.0000,0.0000,0.0007,0.0177,0.0080,0.0070,0.0768,0.0000,0.0000,0.0000,0.0000,0.0000,23.5533
45108.9583333,8.700,0.0002,0.0032,0.0495,0.0000,0.0000,4.4860,0.1673,0.0000,0.0000,0.0000,0.0000,0.0000,0.0000,0.0000,0.0000,0.0000,0.0000,0.0000,0.0000,0.0000,0.0000,0.0000,0.0000,0.0000,0.0000,3.2773,0.0674,0.0000,0.0000,0.0000,0.0004,0.0150,0.0109,0.0112,0.0760,0.0000,0.0000,0.0000,0.0000,0.0000,27.3262
45108.9583333,8.600,0.0001,0.0010,0.0319,0.0198,0.0000,5.9632,0.2260,0.0345,0.0000,0.0000,0.0000,0.0000,0.0000,0.0000,0.0000,0.0000,0.0000,0.0000,0.0000,0.0000,0.0000,0.0000,0.0000,0.0000,0.0000,4.3832,0.1448,0.0000,0.0000,0.0000,0.0002,0.0082,0.0161,0.0148,0.0756,0.0000,0.0000,0.0000,0.0000,0.0000,30.8845
45108.9583333,8.500,0.0000,0.0001,0.0025,0.0348,0.0154,7.7016,0.2962,0.0838,0.0000,0.0000,0.0000,0.0000,0.0000,0.0000,0.0000,0.0000,0.0000,0.0000,0.0000,0.0000,0.0000,0.0000,0.0000,0.0000,0.0000,5.7393,0.2459,0.0000,0.0000,0.0000,0.0001,0.0010,0.0192,0.0191,0.0757,0.0000,0.0000,0.0000,0.0000,0.0000,34.2239
45108.9583333,8.400,0.0000,0.0001,0.0005,0.0129,0.0394,9.5281,0.3890,0.1314,0.0106,0.0000,0.0000,0.0000,0.0000,0.0000,0.0000,0.0000,0.0000,0.0000,0.0000,0.0000,0.0000,0.0000,0.0000,0.0000,0.0000,7.2001,0.3612,0.0111,0.0000,0.0000,0.0001,0.0006,0.0151,0.0236,0.0757,0.0000,0.0000,0.0000,0.0000,0.0000,37.2414
45108.9583333,8.300,0.0000,0.0000,0.0002,0.0029,0.0497,11.6725,0.4974,0.1574,0.0311,0.0108,0.0000,0.0000,0.0000,0.0000,0.0000,0.0000,0.0000,0.0000,0.0000,0.0000,0.0000,0.0000,0.0000,0.0000,0.0000,8.9240,0.4845,0.0445,0.0000,0.0000,0.0000,0.0004,0.0081,0.0309,0.0757,0.0000,0.0000,0.0000,0.0000,0.0000,40.0342
45108.9583333,8.200,0.0000,0.0000,0.0004,0.0039,0.0484,13.7621,0.6437,0.1969,0.0369,0.0418,0.0000,0.0000,0.0000,0.0000,0.0000,0.0000,0.0000,0.0000,0.0000,0.0000,0.0000,0.0000,0.0000,0.0000,0.0000,10.8067,0.5924,0.0947,0.0000,0.0000,0.0000,0.0003,0.0029,0.0361,0.0757,0.0000,0.0000,0.0000,0.0000,0.0000,42.6143
45108.9583333,8.100,0.0000,0.0001,0.0006,0.0053,0.0468,16.1653,0.8004,0.2278,0.0498,0.0778,0.0000,0.0000,0.0000,0.0000,0.0000,0.0000,0.0000,0.0000,0.0000,0.0000,0.0000,0.0000,0.0000,0.0000,0.0000,12.6121,0.7138,0.1465,0.0000,0.0000,0.0000,0.0003,0.0031,0.0359,0.0757,0.0000,0.0000,0.0000,0.0000,0.0000,44.9959
45108.9583333,8.000,0.0000,0.0001,0.0006,0.0053,0.0468,18.6266,0.9662,0.2912,0.0582,0.1151,0.0000,0.0000,0.0000,0.0000,0.0000,0.0000,0.0000,0.0000,0.0000,0.0000,0.0000,0.0000,0.0000,0.0000,0.0000,14.5997,0.8658,0.1843,0.0236,0.0000,0.0000,0.0004,0.0035,0.0354,0.0756,0.0000,0.0000,0.0000,0.0000,0.0000,47.1937
45108.9583333,7.900,0.0000,0.0001,0.0006,0.0053,0.0468,20.5452,1.1711,0.3524,0.0663,0.1568,0.0000,0.0000,0.0000,0.0000,0.0000,0.0000,0.0000,0.0000,0.0000,0.0000,0.0000,0.0000,0.0000,0.0000,0.0000,16.8404,0.9955,0.2267,0.0524,0.0000,0.0001,0.0005,0.0040,0.0349,0.0756,0.0000,0.0000,0.0000,0.0000,0.0000,49.2222
45108.9583333,7.800,0.0000,0.0001,0.0006,0.0053,0.0468,20.4364,1.3590,0.4233,0.0778,0.2021,2.4506,0.0000,0.0000,0.0000,0.0000,0.0000,0.0000,0.0000,0.0000,0.0000,0.0000,0.0000,0.0000,0.0000,0.0000,18.8478,1.1136,0.2911,0.0865,0.0000,0.0001,0.0005,0.0040,0.0349,0.0756,0.0000,0.0000,0.0000,0.0000,0.0000,51.0958
45108.9583333,7.700,0.0000,0.0001,0.0006,0.0053,0.0468,20.2095,1.6153,0.5033,0.0921,0.2534,5.1264,0.0000,0.0000,0.0000,0.0000,0.0000,0.0000,0.0000,0.0000,0.0000,0.0000,0.0000,0.0000,0.0000,0.0000,19.5562,1.2136,0.3478,0.1255,0.0000,0.0001,0.0005,0.0040,0.0349,0.0756,0.0000,0.0000,0.0000,0.0000,0.0000,52.8280
45108.9583333,7.600,0.0000,0.0001,0.0006,0.0053,0.0468,19.9618,1.8463,0.5928,0.1078,0.3129,7.6613,0.0000,0.0000,0.0000,0.0000,0.0000,0.0000,0.0000,0.0000,0.0000,0.0000,0.0000,0.0000,0.0000,0.0000,19.4916,1.3424,0.4114,0.1633,0.0054,0.0001,0.0005,0.0040,0.0349,0.0756,0.0000,0.0000,0.0000,0.0000,0.0000,54.4314
45108.9583333,7.500,0.0000,0.0001,0.0006,0.0053,0.0468,19.6504,2.0974,0.6934,0.1390,0.3662,10.2851,0.0000,0.0000,0.0000,0.0000,0.0000,0.0000,0.0000,0.0000,0.0000,1.2330,0.0000,0.0000,0.0000,0.0000,19.4225,1.4589,0.4536,0.1960,0.0238,0.0001,0.0005,0.0040,0.0349,0.0756,0.0000,0.0000,0.0000,0.0000,0.0000,55.9176
45108.9583333,7.400,0.0000,0.0001,0.0006,0.0053,0.0468,19.2775,2.3692,0.8039,0.1593,0.4423,12.9903,0.0000,0.0000,0.0000,0.0000,0.0000,0.0000,0.0000,0.0000,0.0000,3.3340,0.0000,0.0000,0.0000,0.0000,19.2922,1.5938,0.5173,0.2322,0.0452,0.0001,0.0005,0.0040,0.0349,0.0755,0.0000,0.0000,0.0000,0.0000,0.0000,57.2973
45108.9583333,7.300,0.0000,0.0001,0.0006,0.0053,0.0468,18.9166,2.5894,0.9255,0.1814,0.5283,15.7695,0.0000,0.0000,0.0000,0.0000,0.0000,0.0000,0.0000,0.0000,0.0000,5.3054,0.0000,0.0000,0.0000,0.0000,19.1459,1.7167,0.5816,0.2641,0.0776,0.0001,0.0005,0.0040,0.0348,0.0755,0.0000,0.0000,0.0000,0.0000,0.0000,58.5799
45108.9583333,7.200,0.0000,0.0001,0.0006,0.0053,0.0468,18.4308,2.9382,1.0190,0.2240,0.6053,18.2705,0.0000,0.0000,0.0000,0.0000,0.0000,0.0000,0.0000,0.0000,0.0000,7.3963,0.0000,0.0000,0.0000,0.0000,18.9490,1.8682,0.6457,0.3086,0.1045,0.0001,0.0005,0.0040,0.0348,0.0755,0.0000,0.0000,0.0000,0.0000,0.0000,59.7744
45108.9583333,7.100,0.0000,0.0001,0.0006,0.0053,0.0467,17.9704,3.2318,1.1411,0.2251,0.7125,20.8194,0.0000,0.0000,0.0000,0.0000,0.0000,0.0000,0.0000,0.0000,0.0000,9.6015,0.0000,0.0000,0.0000,0.0000,18.7079,2.0704,0.6824,0.3577,0.1345,0.0001,0.0005,0.0040,0.0348,0.0755,0.0000,0.0000,0.0000,0.0000,0.0000,60.8885
45108.9583333,7.000,0.0000,0.0001,0.0006,0.0053,0.0467,17.4586,3.5001,1.2948,0.2750,0.8063,23.4118,0.0000,0.0000,0.0000,0.0000,0.0000,0.0000,0.0000,0.0000,0.0000,11.5393,0.0000,0.0000,0.0000,0.0000,18.4694,2.2225,0.7442,0.4111,0.1668,0.0001,0.0005,0.0040,0.0348,0.0755,0.0000,0.0000,0.0000,0.0000,0.0000,61.9293
45108.9583333,6.900,0.0000,0.0001,0.0006,0.0053,0.0467,16.8893,3.8430,1.4394,0.3008,0.9081,26.4077,0.0000,0.0000,0.0000,0.0000,0.0000,0.0000,0.0000,0.0000,0.0000,13.4843,0.0000,0.0000,0.0000,0.0000,18.1293,2.4652,0.8071,0.4656,0.2032,0.0001,0.0005,0.0040,0.0348,0.0755,0.0000,0.0000,0.0000,0.0000,0.0000,62.9033
45108.9583333,6.800,0.0000,0.0001,0.0006,0.0053,0.0467,16.2610,4.2174,1.5604,0.3341,1.0466,29.0736,0.0000,0.0000,0.0000,0.0000,0.0000,0.0000,0.0000,0.0000,0.0000,15.7425,0.0000,0.0000,0.0000,0.0000,17.7480,2.7703,0.8649,0.4981,0.2420,0.0001,0.0005,0.0040,0.0348,0.0755,0.0000,0.0000,0.0000,0.0000,0.0000,63.8161
45108.9583333,6.700,0.0000,0.0001,0.0006,0.0053,0.0467,15.6901,4.5076,1.7230,0.3631,1.1677,31.7590,0.0000,0.0000,0.0000,0.0000,0.0000,0.0000,0.0000,0.0000,0.0000,17.6868,0.0000,0.0000,0.0000,0.0000,17.3859,3.0404,0.8992,0.5547,0.2843,0.0001,0.0005,0.0040,0.0348,0.0754,0.0000,0.0000,0.0000,0.0000,0.0000,64.6730
45108.9583333,6.600,0.0000,0.0001,0.0006,0.0053,0.0467,14.9498,4.9413,1.8965,0.3916,1.3002,34.8332,0.0000,0.0000,0.0000,0.0000,0.0000,0.0000,0.0000,0.0000,0.0000,19.3156,0.0000,0.0000,0.0000,0.0000,16.9753,3.3124,0.9638,0.6113,0.3312,0.0001,0.0005,0.0040,0.0348,0.0754,0.0000,0.0000,0.0000,0.0000,0.0000,65.4786
45108.9583333,6.500,0.0000,0.0001,0.0006,0.0053,0.0467,14.2827,5.2742,2.0406,0.4647,1.4401,37.9238,0.0000,0.0000,0.0000,0.0000,0.0000,0.0000,0.0000,0.0000,0.0000,21.2441,0.0000,0.0000,0.0000,0.0000,16.5353,3.6416,1.0218,0.6440,0.3809,0.0001,0.0005,0.0040,0.0348,0.0754,0.0000,0.0000,0.0000,0.0000,0.0000,66.2371
45108.9583333,6.400,0.0000,0.0001,0.0006,0.0053,0.0467,13.5706,5.6259,2.2339,0.5010,1.5899,38.3881,0.0000,0.0000,0.0000,0.0000,2.1049,0.0000,0.0000,0.0000,0.0000,23.1587,0.0000,0.0000,0.0000,0.0000,16.0516,4.0076,1.0556,0.7165,0.4177,0.0001,0.0005,0.0040,0.0348,0.0754,0.0000,0.0000,0.0000,0.0000,0.0000,66.9523
45108.9583333,6.300,0.0000,0.0001,0.0006,0.0053,0.0467,12.8143,6.0735,2.3608,0.5365,1.7526,38.4661,0.0000,0.0000,0.0000,0.0000,10.6787,0.0000,0.0000,0.0000,0.0000,25.0560,0.0000,0.0000,0.0000,0.0000,15.5274,4.4069,1.1141,0.7481,0.4741,0.0001,0.0005,0.0040,0.0348,0.0754,0.0000,0.0000,0.0000,0.0000,0.0000,67.6275
45108.9583333,6.200,0.0000,0.0001,0.0006,0.0053,0.0467,12.0115,6.4677,2.5727,0.5759,1.9233,38.5344,0.0000,0.0000,0.0000,0.0000,25.7640,0.0000,0.0000,0.0000,0.0000,26.9326,0.0000,0.0000,0.0000,0.0000,14.9708,4.8310,1.1533,0.8053,0.5355,0.0001,0.0005,0.0040,0.0348,0.0754,0.0000,0.0000,0.0000,0.0000,0.0000,68.2659
45108.9583333,6.100,0.0000,0.0001,0.0006,0.0053,0.0467,11.1635,6.9666,2.7099,0.6143,2.1080,38.5943,0.0000,0.0000,0.0000,0.0000,25.8156,0.0000,0.0000,0.0000,0.0000,28.7880,0.0000,0.0000,0.0000,0.0000,14.3676,5.2784,1.2315,0.8362,0.5980,0.0001,0.0005,0.0040,0.0348,0.0753,0.0000,0.0000,0.0000,0.0000,0.0000,68.8703
45108.9583333,6.000,0.0000,0.0001,0.0006,0.0053,0.0467,10.2682,7.3996,2.9458,0.6569,2.3012,38.6468,0.0000,0.0000,0.0000,0.0000,25.8613,0.0000,0.0000,0.0000,0.0000,30.6767,0.0000,0.0000,0.0000,0.0000,13.8456,5.6202,1.2926,0.8949,0.6645,0.0001,0.0005,0.0040,0.0348,0.0753,0.0000,0.0000,0.0000,0.0000,0.0000,69.4432
45108.9583333,5.900,0.0000,0.0001,0.0006,0.0053,0.0467,9.5116,7.7564,3.1036,0.6982,2.5093,38.6927,0.0000,0.0000,0.0000,0.0000,25.9018,0.0000,0.0000,0.0000,0.0000,32.9380,0.0000,0.0000,0.0000,0.0000,13.3038,5.9714,1.3961,0.9243,0.7335,0.0001,0.0005,0.0040,0.0347,0.0753,0.0000,0.0000,0.0000,0.0000,0.0000,69.9870
45108.9583333,5.800,0.0000,0.0001,0.0006,0.0053,0.0466,8.5221,8.3225,3.2708,0.7441,2.7261,38.7329,0.0000,0.0000,0.0000,0.0000,25.9375,0.0000,0.0000,0.0000,0.0000,33.9670,0.0000,0.0000,0.0000,0.0000,12.6006,6.4734,1.5164,0.9758,0.7797,0.0001,0.0005,0.0040,0.0347,0.0753,0.0000,0.0000,0.0000,0.0000,0.0000,70.5036
45108.9583333,5.700,0.0000,0.0001,0.0006,0.0053,0.0466,7.6820,8.7142,3.5150,0.7783,2.9008,38.7680,0.0000,0.0000,0.0000,0.0000,25.9691,0.0000,0.0000,0.0000,0.0000,34.0270,0.0000,0.0000,0.0000,0.0000,11.9904,6.8483,1.6185,1.0366,0.8527,0.0001,0.0005,0.0040,0.0347,0.0753,0.0000,0.0000,0.0000,0.0000,0.0000,70.9950
45108.9583333,5.600,0.0000,0.0001,0.0006,0.0053,0.0466,6.8044,9.1182,3.7045,0.8236,3.1435,38.7987,0.0000,0.0000,0.0000,0.0000,25.9971,0.0000,0.0000,0.0000,0.0000,34.0808,0.0000,0.0000,0.0000,0.0000,11.3600,7.2318,1.7651,1.0703,0.9258,0.0001,0.0005,0.0040,0.0347,0.0753,0.0000,0.0000,0.0000,0.0000,0.0000,71.4630
45108.9583333,5.500,0.0000,0.0001,0.0006,0.0053,0.0466,5.8890,9.5348,3.9067,0.9355,3.3312,38.8254,0.0000,0.0000,0.0000,0.0000,26.0217,0.0000,0.0000,0.0000,0.0000,34.1290,0.0000,0.0000,0.0000,0.0000,10.7017,7.6897,1.8675,1.1219,0.9778,0.0001,0.0005,0.0040,0.0347,0.0752,0.0000,0.0000,0.0000,0.0000,0.0000,71.9091
45108.9583333,5.400,0.0000,0.0001,0.0006,0.0053,0.0466,4.9356,9.9635,4.1921,0.9112,3.5972,38.8488,0.0000,0.0000,0.0000,0.0000,26.0435,0.0000,0.0000,0.0000,0.0000,34.1723,0.0000,0.0000,0.0000,0.0000,10.0155,8.0933,2.0469,1.1505,1.0569,0.0001,0.0005,0.0040,0.0347,0.0752,0.0000,0.0000,0.0000,0.0000,0.0000,72.3348
45108.9583333,5.300,0.0000,0.0001,0.0006,0.0053,0.0466,3.9440,10.4040,4.4185,1.0281,3.8066,38.8690,0.0000,0.0000,0.0000,0.0000,26.0626,0.0000,0.0000,0.0000,0.0000,34.2110,0.0000,0.0000,0.0000,0.0000,9.3011,8.5788,2.1350,1.2162,1.1359,0.0001,0.0005,0.0040,0.0347,0.0752,0.0000,0.0000,0.0000,0.0000,0.0000,72.7415
45108.9583333,5.200,0.0000,0.0001,0.0006,0.0053,0.0466,2.9140,10.8563,4.7354,0.9997,4.0970,38.8867,0.0000,0.0000,0.0000,0.0000,26.0795,0.0000,0.0000,0.0000,0.0000,34.2457,0.0000,0.0000,0.0000,0.0000,8.5584,9.0017,2.3414,1.2765,1.1919,0.0001,0.0005,0.0040,0.0347,0.0752,0.0000,0.0000,0.0000,0.0000,0.0000,73.1302
45108.9583333,5.100,0.0000,0.0001,0.0006,0.0053,0.0466,1.8469,11.4658,4.8403,1.1252,4.3251,38.9020,0.0000,0.0000,0.0000,0.0000,26.0944,0.0000,0.0000,0.0000,0.0000,34.2767,0.0000,0.0000,0.0000,0.0000,7.7946,9.5148,2.4727,1.3213,1.2767,0.0001,0.0005,0.0040,0.0347,0.0752,0.0000,0.0000,0.0000,0.0000,0.0000,73.5023
45108.9583333,5.000,0.0000,0.0001,0.0006,0.0053,0.0466,1.0130,11.6738,5.1812,1.0945,4.6408,38.9152,0.0000,0.0000,0.0000,0.0000,26.1074,0.0000,0.0000,0.0000,0.0000,34.3045,0.0000,0.0000,0.0000,0.0000,7.1835,9.7591,2.6990,1.3716,1.3611,0.0001,0.0005,0.0040,0.0347,0.0752,0.0000,0.0000,0.0000,0.0000,0.0000,73.8586
45108.9583333,4.900,0.0000,0.0001,0.0006,0.0053,0.0466,0.1590,12.0331,5.2865,1.2362,4.8883,38.9266,0.0000,0.0000,0.0000,0.0000,26.1188,0.0000,0.0000,0.0000,0.0000,34.3293,0.0000,0.0000,0.0000,0.0000,6.3690,10.2926,2.8482,1.4528,1.4207,0.0001,0.0005,0.0040,0.0347,0.0752,0.0000,0.0000,0.0000,0.0000,0.0000,74.2003
45108.9583333,4.800,0.0000,0.0001,0.0006,0.0053,0.0466,0.1323,11.3844,5.6493,1.2916,5.1442,38.9364,0.0000,0.0000,0.0000,0.0000,26.1289,0.0000,0.0000,0.0000,0.0000,34.3515,0.0000,0.0000,0.0000,0.0000,5.7177,10.6339,2.9965,1.5181,1.5108,0.0001,0.0005,0.0040,0.0347,0.0751,0.0000,0.0000,0.0000,0.0000,0.0000,74.5280
45108.9583333,4.700,0.0000,0.0001,0.0006,0.0053,0.0466,0.1106,10.8745,5.8553,1.3494,5.4106,38.9448,0.0000,0.0000,0.0000,0.0000,26.1376,0.0000,0.0000,0.0000,0.0000,34.3712,0.0000,0.0000,0.0000,0.0000,4.8463,11.0942,3.2567,1.6154,1.5724,0.0001,0.0005,0.0039,0.0347,0.0751,0.0000,0.0000,0.0000,0.0000,0.0000,74.8427
45108.9583333,4.600,0.0000,0.0001,0.0006,0.0053,0.0465,0.0921,10.3451,6.0643,1.4087,5.6889,38.9520,0.0000,0.0000,0.0000,0.0000,26.1452,0.0000,0.0000,0.0000,0.0000,34.3888,0.0000,0.0000,0.0000,0.0000,4.1517,11.4474,3.4201,1.6960,1.6630,0.0001,0.0005,0.0039,0.0346,0.0751,0.0000,0.0000,0.0000,0.0000,0.0000,75.1451
45108.9583333,4.500,0.0000,0.0001,0.0006,0.0053,0.0465,0.0760,9.6142,6.4559,1.3737,6.0781,38.9581,0.0000,0.0000,0.0000,0.0000,26.1519,0.0000,0.0000,0.0000,0.0000,34.4045,0.0000,0.0000,0.0000,0.0000,3.4459,11.8058,3.5863,1.8139,1.7265,0.0001,0.0004,0.0039,0.0346,0.0751,0.0000,0.0000,0.0000,0.0000,0.0000,75.4359
45108.9583333,4.400,0.0000,0.0001,0.0006,0.0053,0.0465,0.0631,9.0374,6.5615,1.5495,6.3853,38.9632,0.0000,0.0000,0.0000,0.0000,26.1576,0.0000,0.0000,0.0000,0.0000,34.4185,0.0000,0.0000,0.0000,0.0000,2.4909,12.4076,3.8164,1.8482,1.8225,0.0001,0.0004,0.0039,0.0346,0.0751,0.0000,0.0000,0.0000,0.0000,0.0000,75.7158
45108.9583333,4.300,0.0000,0.0001,0.0006,0.0053,0.0465,0.0523,8.4389,6.7860,1.6132,6.7052,38.1187,0.8489,0.0000,0.0000,0.0000,26.1626,0.0000,0.0000,0.0000,0.0000,34.4308,0.0000,0.0000,0.0000,0.0000,1.7411,12.7826,3.9920,1.9817,1.8878,0.0001,0.0004,0.0039,0.0346,0.0751,0.0000,0.0000,0.0000,0.0000,0.0000,75.9852
45108.9583333,4.200,0.0000,0.0001,0.0006,0.0053,0.0465,0.0433,7.8183,7.0166,1.6781,7.0381,37.2489,1.7221,0.0000,0.0000,0.0000,26.1669,0.0000,0.0000,0.0000,0.0000,34.4418,0.0000,0.0000,0.0000,0.0000,0.9727,13.1628,4.1704,2.0925,1.9864,0.0001,0.0004,0.0039,0.0346,0.0750,0.0000,0.0000,0.0000,0.0000,0.0000,76.2449
45108.9583333,4.100,0.0000,0.0001,0.0006,0.0053,0.0465,0.0356,7.1758,7.2532,1.7442,7.3844,36.3547,2.6193,0.0000,0.0000,0.0000,26.1705,0.0000,0.0000,0.0000,0.0000,34.4515,0.0000,0.0000,0.0000,0.0000,0.1855,13.5479,4.3519,2.2483,2.0506,0.0001,0.0004,0.0039,0.0346,0.0750,0.0000,0.0000,0.0000,0.0000,0.0000,76.4953
45108.9583333,4.000,0.0000,0.0001,0.0006,0.0053,0.0465,0.0289,6.5123,7.6351,1.7865,7.6290,35.4364,3.5399,0.0000,0.0000,0.0000,26.1736,0.0000,0.0000,0.0000,0.0000,34.4600,0.0000,0.0000,0.0000,0.0000,0.1641,13.1538,4.6132,2.3343,2.1181,0.0001,0.0004,0.0039,0.0346,0.0750,0.0000,0.0000,0.0000,0.0000,0.0000,76.7369
45108.9583333,3.900,0.0000,0.0001,0.0006,0.0053,0.0465,0.0234,5.8260,7.8885,1.8544,7.9981,34.4947,4.4834,0.0000,0.0000,0.0000,26.1762,0.0000,0.0000,0.0000,0.0000,34.4676,0.0000,0.0000,0.0000,0.0000,0.1456,12.7414,4.8012,2.4727,2.2220,0.0001,0.0004,0.0039,0.0346,0.0750,0.0000,0.0000,0.0000,0.0000,0.0000,76.9702
45108.9583333,3.800,0.0000,0.0001,0.0006,0.0052,0.0465,0.0188,5.1177,8.1480,1.9236,8.3810,33.5301,5.4495,0.0000,0.0000,0.0000,26.1784,0.0000,0.0000,0.0000,0.0000,34.4742,0.0000,0.0000,0.0000,0.0000,0.1295,12.3129,4.9975,2.6466,2.2955,0.0001,0.0004,0.0039,0.0346,0.0750,0.0000,0.0000,0.0000,0.0000,0.0000,77.1955
45108.9583333,3.700,0.0000,0.0001,0.0006,0.0052,0.0465,0.0148,4.3878,8.4126,1.9881,8.7841,32.5469,6.4337,0.0000,0.0000,0.0000,26.1802,0.0000,0.0000,0.0000,0.0000,34.4799,0.0000,0.0000,0.0000,0.0000,0.1155,12.0157,5.1295,2.7478,2.3725,0.0001,0.0004,0.0039,0.0346,0.0750,0.0000,0.0000,0.0000,0.0000,0.0000,77.4134
45108.9583333,3.600,0.0000,0.0001,0.0006,0.0052,0.0465,0.0115,3.6363,8.6833,2.0596,9.1953,31.8816,7.0995,0.0000,0.0000,0.0000,26.1817,0.0000,0.0000,0.0000,0.0000,34.4850,0.0000,0.0000,0.0000,0.0000,0.1034,11.5579,5.3232,2.9015,2.4941,0.0001,0.0004,0.0039,0.0346,0.0749,0.0000,0.0000,0.0000,0.0000,0.0000,77.6240
45108.9583333,3.500,0.0000,0.0001,0.0006,0.0052,0.0465,0.0093,3.1166,8.8700,2.1114,9.4774,30.8812,8.1002,0.0000,0.0000,0.0000,26.1828,0.0000,0.0000,0.0000,0.0000,34.2306,0.2589,0.0000,0.0000,0.0000,0.0929,11.0845,5.5256,3.0959,2.5800,0.0001,0.0004,0.0039,0.0346,0.0749,0.0000,0.0000,0.0000,0.0000,0.0000,77.8279
45108.9583333,3.400,0.0000,0.0001,0.0006,0.0052,0.0465,0.0068,2.3288,9.1496,2.1786,9.9193,29.8714,9.1102,0.0000,0.0000,0.0000,26.1837,0.0000,0.0000,0.0000,0.0000,33.7090,0.7847,0.0000,0.0000,0.0000,0.0838,10.5947,5.8223,3.2073,2.6698,0.0001,0.0004,0.0039,0.0346,0.0749,0.0000,0.0000,0.0000,0.0000,0.0000,78.0252
45108.9583333,3.300,0.0000,0.0001,0.0006,0.0052,0.0464,0.0049,1.5198,9.4381,2.4018,10.2172,28.8524,10.1291,0.0000,0.0000,0.0000,26.1844,0.0000,0.0000,0.0000,0.0000,32.9069,1.5904,0.0000,0.0000,0.0000,0.0758,10.2545,5.8628,3.4200,2.7635,0.0001,0.0004,0.0039,0.0346,0.0749,0.0000,0.0000,0.0000,0.0000,0.0000,78.2164
45108.9583333,3.200,0.0000,0.0001,0.0006,0.0052,0.0464,0.0035,0.9615,9.6303,2.3006,10.6841,28.1635,10.8175,0.0000,0.0000,0.0000,26.1848,0.0000,0.0000,0.0000,0.0000,32.0832,2.4169,0.0000,0.0000,0.0000,0.0689,9.7371,6.1703,3.4883,2.9108,0.0001,0.0004,0.0039,0.0345,0.0749,0.0000,0.0000,0.0000,0.0000,0.0000,78.4016
45108.9583333,3.100,0.0000,0.0001,0.0006,0.0052,0.0464,0.0021,0.1165,9.9239,2.3768,11.1593,27.1299,11.8506,0.0000,0.0000,0.0000,26.1851,0.0000,0.0000,0.0000,0.0000,31.5208,2.9816,0.0000,0.0000,0.0000,0.0629,9.3786,6.3116,3.6062,3.0148,0.0001,0.0004,0.0039,0.0345,0.0749,0.0000,0.0000,0.0000,0.0000,0.0000,78.5813
45108.9583333,3.000,0.0000,0.0001,0.0006,0.0052,0.0464,0.0021,0.0974,9.5609,2.4259,11.4908,26.4316,12.5481,0.0000,0.0000,0.0000,26.1851,0.0000,0.0000,0.0000,0.0000,30.6618,3.8425,0.0000,0.0000,0.0000,0.0576,8.8334,6.5237,3.8352,3.1230,0.0001,0.0004,0.0039,0.0345,0.0749,0.0000,0.0000,0.0000,0.0000,0.0000,78.7555
45108.9583333,2.900,0.0000,0.0001,0.0006,0.0052,0.0464,0.0019,0.0812,8.9932,2.5006,11.9987,25.3842,13.5947,0.0000,0.0000,0.0000,26.1851,0.0000,0.0000,0.0000,0.0000,30.0754,4.4304,0.0000,0.0000,0.0000,0.0531,8.4560,6.6679,3.9589,3.2356,0.0001,0.0004,0.0039,0.0345,0.0748,0.0000,0.0000,0.0000,0.0000,0.0000,78.9246
45108.9583333,2.800,0.0000,0.0001,0.0006,0.0052,0.0464,0.0018,0.0680,8.6026,2.5615,12.3402,24.6771,14.3008,0.0000,0.0000,0.0000,26.1849,0.0000,0.0000,0.0000,0.0000,29.4794,5.0274,0.0000,0.0000,0.0000,0.0491,7.8843,6.8886,4.1956,3.3527,0.0001,0.0004,0.0039,0.0345,0.0748,0.0000,0.0000,0.0000,0.0000,0.0000,79.0888
45108.9583333,2.700,0.0000,0.0001,0.0006,0.0052,0.0464,0.0018,0.0566,7.9996,2.8190,12.6955,23.6168,15.3601,0.0000,0.0000,0.0000,26.1845,0.0000,0.0000,0.0000,0.0000,28.5726,5.9352,0.0000,0.0000,0.0000,0.0456,7.4882,7.0310,4.2686,3.5355,0.0001,0.0004,0.0039,0.0345,0.0748,0.0000,0.0000,0.0000,0.0000,0.0000,79.2483
45108.9583333,2.600,0.0000,0.0001,0.0006,0.0052,0.0464,0.0017,0.0472,7.5785,2.7027,13.2408,22.9014,16.0741,0.0000,0.0000,0.0000,26.1841,0.0000,0.0000,0.0000,0.0000,27.9540,6.5544,0.0000,0.0000,0.0000,0.0425,7.0852,7.1785,4.3976,3.6637,0.0001,0.0004,0.0039,0.0345,0.0748,0.0000,0.0000,0.0000,0.0000,0.0000,79.4033
45108.9583333,2.500,0.0000,0.0001,0.0006,0.0052,0.0464,0.0014,0.0397,7.1505,2.7693,13.6084,21.8288,17.1455,0.0000,0.0000,0.0000,26.1836,0.0000,0.0000,0.0000,0.0000,27.0142,7.4946,0.0000,0.0000,0.0000,0.0398,6.4745,7.4001,4.6552,3.7966,0.0001,0.0004,0.0039,0.0345,0.0748,0.0000,0.0000,0.0000,0.0000,0.0000,79.5540
45108.9583333,2.400,0.0000,0.0001,0.0006,0.0052,0.0464,0.0012,0.0332,6.4945,3.0468,13.9921,21.1058,17.8672,0.0000,0.0000,0.0000,26.1830,0.0000,0.0000,0.0000,0.0000,26.3735,8.1354,0.0000,0.0000,0.0000,0.0375,6.0527,7.5503,4.7902,3.9341,0.0001,0.0004,0.0039,0.0345,0.0748,0.0000,0.0000,0.0000,0.0000,0.0000,79.7005
45108.9583333,2.300,0.0000,0.0001,0.0006,0.0052,0.0464,0.0011,0.0279,6.0372,2.9167,14.5834,20.3799,18.5917,0.0000,0.0000,0.0000,26.1824,0.0000,0.0000,0.0000,0.0000,25.7242,8.7847,0.0000,0.0000,0.0000,0.0355,5.6224,7.7024,4.9266,4.0764,0.0001,0.0004,0.0039,0.0345,0.0747,0.0000,0.0000,0.0000,0.0000,0.0000,79.8431
45108.9583333,2.200,0.0000,0.0001,0.0006,0.0052,0.0464,0.0009,0.0235,5.5732,2.9776,14.9894,19.2911,19.6790,0.0000,0.0000,0.0000,26.1816,0.0000,0.0000,0.0000,0.0000,25.0663,9.4424,0.0000,0.0000,0.0000,0.0337,4.9697,8.0706,5.0645,4.2235,0.0001,0.0004,0.0039,0.0345,0.0747,0.0000,0.0000,0.0000,0.0000,0.0000,79.9818
45108.9583333,2.100,0.0000,0.0001,0.0006,0.0052,0.0463,0.0008,0.0199,5.0995,3.0462,15.3967,18.5580,20.4105,0.0000,0.0000,0.0000,26.1808,0.0000,0.0000,0.0000,0.0000,24.0754,10.4330,0.0000,0.0000,0.0000,0.0321,4.5187,8.2305,5.2036,4.3756,0.0001,0.0004,0.0039,0.0345,0.0747,0.0000,0.0000,0.0000,0.0000,0.0000,80.1169
45108.9583333,2.000,0.0000,0.0001,0.0006,0.0052,0.0463,0.0007,0.0167,4.3770,3.3466,15.8206,17.8223,21.1447,0.0000,0.0000,0.0000,26.1800,0.0000,0.0000,0.0000,0.0000,23.4114,11.0964,0.0000,0.0000,0.0000,0.0307,4.0595,8.3921,5.3441,4.5328,0.0001,0.0004,0.0039,0.0345,0.0747,0.0000,0.0000,0.0000,0.0000,0.0000,80.2485
45108.9583333,1.900,0.0000,0.0001,0.0006,0.0052,0.0463,0.0007,0.0142,3.8782,3.4134,16.2536,16.7182,21.6841,0.5631,0.0000,0.0000,26.1791,0.0000,0.0000,0.0000,0.0000,22.7478,11.7594,0.0000,0.0000,0.0000,0.0294,3.5922,8.4134,5.6235,4.6992,0.0001,0.0004,0.0039,0.0345,0.0747,0.0000,0.0000,0.0000,0.0000,0.0000,80.3767
45108.9583333,1.800,0.0000,0.0001,0.0006,0.0052,0.0463,0.0006,0.0121,3.3665,3.2593,16.9201,15.9752,21.5614,1.4272,0.0000,0.0000,26.1782,0.0000,0.0000,0.0000,0.0000,22.0848,12.4217,0.0000,0.0000,0.0000,0.0283,3.1165,8.5751,5.7697,4.8668,0.0001,0.0004,0.0039,0.0344,0.0747,0.0000,0.0000,0.0000,0.0000,0.0000,80.5016
45108.9583333,1.700,0.0000,0.0001,0.0006,0.0052,0.0463,0.0005,0.0104,2.8483,3.3216,17.3762,15.2303,21.7139,2.0179,0.0000,0.0000,26.1772,0.0000,0.0000,0.0000,0.0000,21.4224,13.0832,0.0000,0.0000,0.0000,0.0273,2.6325,8.7384,5.9170,5.0397,0.0001,0.0004,0.0039,0.0344,0.0747,0.0000,0.0000,0.0000,0.0000,0.0000,80.6234
45108.9583333,1.600,0.0000,0.0001,0.0006,0.0052,0.0463,0.0005,0.0089,2.3205,3.3842,17.8414,14.1128,22.2282,2.6194,0.0000,0.0000,26.1762,0.0000,0.0000,0.0000,0.0000,20.7609,13.7437,0.0000,0.0000,0.0000,0.0262,1.8984,9.1387,6.0722,5.2179,0.0001,0.0004,0.0039,0.0344,0.0746,0.0000,0.0000,0.0000,0.0000,0.0000,80.7423
45108.9583333,1.500,0.0000,0.0001,0.0006,0.0052,0.0463,0.0005,0.0078,1.7830,3.4468,18.3159,13.3618,22.3652,3.2317,0.0000,0.0000,26.1752,0.0000,0.0000,0.0000,0.0000,19.7756,14.7281,0.0000,0.0000,0.0000,0.0254,1.3936,9.3093,6.2220,5.4017,0.0001,0.0004,0.0039,0.0344,0.0746,0.0000,0.0000,0.0000,0.0000,0.0000,80.8582
45108.9583333,1.400,0.0000,0.0001,0.0006,0.0052,0.0463,0.0004,0.0068,1.2359,3.5096,18.7996,12.6085,22.4941,3.8543,0.0000,0.0000,26.1742,0.0000,0.0000,0.0000,0.0000,19.1166,15.3859,0.0000,0.0000,0.0000,0.0246,0.8805,9.4811,6.3687,5.5957,0.0001,0.0004,0.0039,0.0344,0.0746,0.0000,0.0000,0.0000,0.0000,0.0000,80.9713
45108.9583333,1.300,0.0000,0.0001,0.0006,0.0052,0.0463,0.0004,0.0060,0.6792,3.5725,19.2926,11.4785,22.9896,4.4871,0.0000,0.0000,26.1731,0.0000,0.0000,0.0000,0.0000,18.4589,16.0424,0.0000,0.0000,0.0000,0.0109,0.3729,9.6607,6.6120,5.6930,0.0001,0.0004,0.0039,0.0344,0.0746,0.0000,0.0000,0.0000,0.0000,0.0000,81.0817
45108.9583333,1.200,0.0000,0.0001,0.0006,0.0052,0.0463,0.0004,0.0054,0.1130,3.6355,19.7950,10.7208,23.1027,5.1299,0.0000,0.0000,26.1720,0.0000,0.0000,0.0000,0.0000,17.8026,16.6975,0.0000,0.0000,0.0000,0.0038,0.1085,9.5772,6.7678,5.8908,0.0001,0.0004,0.0039,0.0344,0.0746,0.0000,0.0000,0.0000,0.0000,0.0000,81.1896
45108.9583333,1.100,0.0000,0.0001,0.0006,0.0052,0.0463,0.0004,0.0054,0.0996,3.1357,20.3066,9.9620,23.2070,5.7825,0.0000,0.0000,26.1709,0.0000,0.0000,0.0000,0.0000,17.1479,17.3510,0.0000,0.0000,0.0000,0.0034,0.0953,9.2288,6.9247,6.0945,0.0001,0.0004,0.0039,0.0344,0.0746,0.0000,0.0000,0.0000,0.0000,0.0000,81.2949
45108.9583333,1.000,0.0000,0.0001,0.0006,0.0052,0.0463,0.0004,0.0054,0.0885,2.6243,20.8275,8.8252,23.6836,6.4409,0.0000,0.0000,26.1698,0.0000,0.0000,0.0000,0.0000,16.4947,18.0028,0.0000,0.0000,0.0000,0.0030,0.0838,8.8715,7.0782,6.3087,0.0001,0.0004,0.0039,0.0344,0.0745,0.0000,0.0000,0.0000,0.0000,0.0000,81.3978
45108.9583333,0.900,0.0000,0.0001,0.0006,0.0052,0.0463,0.0004,0.0053,0.0795,2.1017,21.3577,8.0638,23.7806,7.1037,0.0000,0.0000,26.1686,0.0000,0.0000,0.0000,0.0000,15.8433,18.6529,0.0000,0.0000,0.0000,0.0027,0.0735,8.5064,7.2379,6.5233,0.0001,0.0004,0.0039,0.0344,0.0745,0.0000,0.0000,0.0000,0.0000,0.0000,81.4984
45108.9583333,0.800,0.0000,0.0001,0.0006,0.0052,0.0462,0.0004,0.0051,0.0722,1.5681,21.8973,7.3016,24.2029,7.4417,0.0000,0.0000,26.1675,0.0000,0.0000,0.0000,0.0000,15.1937,19.3010,0.0000,0.0000,0.0000,0.0024,0.0651,8.3175,7.2138,6.7434,0.0001,0.0004,0.0039,0.0344,0.0745,0.0000,0.0000,0.0000,0.0000,0.0000,81.5968
45108.9583333,0.700,0.0000,0.0001,0.0006,0.0052,0.0462,0.0004,0.0050,0.0690,1.2980,22.1691,6.1594,24.6744,8.1106,0.0000,0.0000,26.1663,0.0000,0.0000,0.0000,0.0000,14.5461,19.9472,0.0000,0.0000,0.0000,0.0021,0.0575,7.9386,7.4815,6.8610,0.0001,0.0004,0.0039,0.0344,0.0745,0.0000,0.0000,0.0000,0.0000,0.0000,81.6929
45108.9583333,0.600,0.0000,0.0001,0.0006,0.0052,0.0462,0.0004,0.0049,0.0664,1.0178,22.4504,5.3949,24.7641,8.7835,0.0000,0.0000,26.1652,0.0000,0.0000,0.0000,0.0000,13.9001,20.0718,0.5200,0.0000,0.0000,0.0019,0.0509,7.5524,7.6446,7.0895,0.0001,0.0004,0.0039,0.0344,0.0745,0.0000,0.0000,0.0000,0.0000,0.0000,81.7870
45108.9583333,0.500,0.0000,0.0001,0.0006,0.0052,0.0462,0.0004,0.0050,0.0669,1.0221,22.4440,4.2494,25.2310,9.4602,0.0000,0.0000,26.1640,0.0000,0.0000,0.0000,0.0000,13.2562,20.1843,1.0498,0.0000,0.0000,0.0017,0.0451,7.1583,7.8090,7.3236,0.0001,0.0004,0.0039,0.0344,0.0745,0.0000,0.0000,0.0000,0.0000,0.0000,81.8790
45108.9583333,0.400,0.0000,0.0001,0.0006,0.0052,0.0462,0.0004,0.0050,0.0674,1.0286,22.4355,3.4831,25.3150,10.1407,0.0000,0.0000,26.1628,0.0000,0.0000,0.0000,0.0000,12.6149,20.2847,1.5893,0.0000,0.0000,0.0016,0.0400,6.7561,7.9694,7.5691,0.0001,0.0004,0.0039,0.0343,0.0744,0.0000,0.0000,0.0000,0.0000,0.0000,81.9690
45108.9583333,0.300,0.0000,0.0001,0.0006,0.0052,0.0462,0.0004,0.0050,0.0679,1.0368,22.4253,2.3350,25.7771,10.8248,0.0000,0.0000,26.1616,0.0000,0.0000,0.0000,0.0000,11.9760,20.6465,1.8648,0.0000,0.0000,0.0014,0.0354,6.3463,8.2606,7.6910,0.0001,0.0004,0.0039,0.0343,0.0744,0.0000,0.0000,0.0000,0.0000,0.0000,82.0572
45108.9583333,0.200,0.0000,0.0001,0.0006,0.0052,0.0462,0.0004,0.0050,0.0684,1.0463,22.4136,1.1857,26.5763,11.1730,0.0000,0.0000,26.1604,0.0000,0.0000,0.0000,0.0000,11.3394,20.7274,2.4189,0.0000,0.0000,0.0013,0.0319,6.1331,8.2273,7.9396,0.0001,0.0004,0.0039,0.0343,0.0744,0.0000,0.0000,0.0000,0.0000,0.0000,82.1435
45108.9583333,0.100,0.0000,0.0001,0.0006,0.0052,0.0462,0.0004,0.0050,0.0687,1.0494,22.4087,0.0351,27.0356,11.8625,0.0000,0.0000,26.1592,0.0000,0.0000,0.0000,0.0000,10.7054,20.7966,2.9822,0.0000,0.0000,0.0012,0.0285,5.7098,8.3922,8.2000,0.0001,0.0004,0.0039,0.0343,0.0744,0.0000,0.0000,0.0000,0.0000,0.0000,82.2280
45108.9583333,0.000,0.0000,0.0001,0.0006,0.0052,0.0462,0.0004,0.0050,0.0692,1.0610,22.3951,0.0309,26.3450,12.5554,0.0000,0.0000,26.1580,0.0000,0.0000,0.0000,0.0000,10.0739,20.8541,3.5546,0.0000,0.0000,0.0011,0.0260,5.2853,8.6891,8.3288,0.0001,0.0004,0.0039,0.0343,0.0744,0.0000,0.0000,0.0000,0.0000,0.0000,82.3108
