File Created:,Thu Apr  4 07:56:08 2024
Heat Source Version:,9.0.0b26
Simulation Name:,WFK23
User Text:,Westfork Kickapoo
Output:,Longwave Flux (watts/square meter)
""
Datetime,27.200,27.100,27.000,26.900,26.800,26.700,26.600,26.500,26.400,26.300,26.200,26.100,26.000,25.900,25.800,25.700,25.600,25.500,25.400,25.300,25.200,25.100,25.000,24.900,24.800,24.700,24.600,24.500,24.400,24.300,24.200,24.100,24.000,23.900,23.800,23.700,23.600,23.500,23.400,23.300,23.200,23.100,23.000,22.900,22.800,22.700,22.600,22.500,22.400,22.300,22.200,22.100,22.000,21.900,21.800,21.700,21.600,21.500,21.400,21.300,21.200,21.100,21.000,20.900,20.800,20.700,20.600,20.500,20.400,20.300,20.200,20.100,20.000,19.900,19.800,19.700,19.600,19.500,19.400,19.300,19.200,19.100,19.000,18.900,18.800,18.700,18.600,18.500,18.400,18.300,18.200,18.100,18.000,17.900,17.800,17.700,17.600,17.500,17.400,17.300,17.200,17.100,17.000,16.900,16.800,16.700,16.600,16.500,16.400,16.300,16.200,16.100,16.000,15.900,15.800,15.700,15.600,15.500,15.400,15.300,15.200,15.100,15.000,14.900,14.800,14.700,14.600,14.500,14.400,14.300,14.200,14.100,14.000,13.900,13.800,13.700,13.600,13.500,13.400,13.300,13.200,13.100,13.000,12.900,12.800,12.700,12.600,12.500,12.400,12.300,12.200,12.100,12.000,11.900,11.800,11.700,11.600,11.500,11.400,11.300,11.200,11.100,11.000,10.900,10.800,10.700,10.600,10.500,10.400,10.300,10.200,10.100,10.000,9.900,9.800,9.700,9.600,9.500,9.400,9.300,9.200,9.100,9.000,8.900,8.800,8.700,8.600,8.500,8.400,8.300,8.200,8.100,8.000,7.900,7.800,7.700,7.600,7.500,7.400,7.300,7.200,7.100,7.000,6.900,6.800,6.700,6.600,6.500,6.400,6.300,6.200,6.100,6.000,5.900,5.800,5.700,5.600,5.500,5.400,5.300,5.200,5.100,5.000,4.900,4.800,4.700,4.600,4.500,4.400,4.300,4.200,4.100,4.000,3.900,3.800,3.700,3.600,3.500,3.400,3.300,3.200,3.100,3.000,2.900,2.800,2.700,2.600,2.500,2.400,2.300,2.200,2.100,2.000,1.900,1.800,1.700,1.600,1.500,1.400,1.300,1.200,1.100,1.000,0.900,0.800,0.700,0.600,0.500,0.400,0.300,0.200,0.100,0.000
45108.0000000,-46.8007,-56.3822,-46.8477,-61.8528,-61.8232,-66.2138,-57.9901,-60.4663,-64.8779,-61.7510,-65.5215,-63.3508,-65.5011,-63.1196,-60.1738,-66.2429,-66.2501,-65.0570,-53.7412,-55.9740,-49.3159,-46.5586,-54.3281,-55.8101,-63.1802,-56.8889,-39.9716,-58.6508,-48.8583,-49.2580,-45.4443,-49.0996,-53.4493,-49.1296,-46.8421,-57.2202,-59.5535,-51.5333,-63.6365,-52.6417,-62.4369,-47.0403,-56.8235,-63.1846,-63.0618,-56.3010,-65.3416,-63.0898,-56.9473,-61.2995,-55.8759,-59.1099,-59.1132,-48.4994,-45.8768,-51.9494,-52.2466,-64.9713,-66.9912,-66.3977,-66.0037,-46.3029,-41.7616,-49.0563,-47.2420,-61.9316,-61.6212,-64.0843,-64.3837,-57.0837,-54.7948,-65.4732,-58.0068,-61.7682,-58.4493,-56.9923,-61.5646,-53.8136,-55.7152,-63.8127,-66.3525,-63.2130,-51.5591,-58.4568,-62.9959,-55.8891,-40.7388,-66.2193,-62.0415,-58.3414,-62.6304,-60.1697,-52.0067,-54.6164,-64.5919,-61.4893,-65.6954,-66.4425,-65.4069,-60.2686,-64.2652,-57.4892,-60.1497,-58.9317,-65.8250,-59.0382,-57.7647,-62.6864,-61.8632,-63.6887,-59.2054,-59.2009,-62.2883,-61.7345,-62.6681,-58.8651,-61.2280,-56.1239,-56.3622,-65.2977,-56.3339,-64.2496,-49.6154,-59.7213,-57.8162,-66.0198,-64.0847,-55.0109,-56.4368,-58.2076,-55.3985,-51.9354,-57.8406,-57.7787,-59.1138,-60.8505,-61.3374,-53.4945,-47.2911,-59.4669,-57.9878,-63.6557,-63.1645,-43.6161,-51.5991,-49.1176,-53.9339,-52.0124,-54.5540,-55.5654,-59.9945,-56.4379,-57.6994,-57.2957,-63.9801,-55.1103,-59.7698,-60.5719,-61.0076,-60.6701,-60.6330,-61.0838,-61.7236,-50.9659,-61.5884,-56.9431,-61.8951,-65.5270,-63.3605,-66.5045,-58.3005,-62.7028,-64.5125,-63.3721,-62.7528,-65.2958,-65.1317,-63.4856,-65.7256,-63.9148,-59.8638,-58.7502,-60.3069,-59.1635,-57.2408,-55.4283,-53.7310,-52.1498,-50.6825,-49.3246,-48.0702,-46.9124,-45.8441,-44.8581,-43.9475,-43.1057,-42.3266,-41.6045,-40.9343,-40.3113,-39.7312,-39.1902,-38.6848,-38.2120,-37.7689,-37.3531,-36.9622,-36.5942,-36.2473,-35.9198,-35.6103,-35.3173,-35.0396,-34.7761,-34.5258,-34.2878,-34.0612,-33.8452,-33.6391,-33.4423,-33.2543,-33.0743,-32.9020,-32.7368,-32.5785,-32.4264,-32.2803,-32.1399,-32.0048,-31.8748,-31.7495,-31.6287,-31.5123,-31.3998,-31.2913,-31.1864,-31.0849,-30.9868,-30.8919,-30.7999,-30.7109,-30.6245,-30.5408,-30.4596,-30.3808,-30.3042,-30.2299,-30.1577,-30.0874,-30.0192,-29.9527,-29.8881,-29.8251,-29.7638,-29.7041,-29.6459,-29.5891,-29.5338,-29.4798,-29.4271,-29.3757,-29.3256,-29.2766,-29.2287,-29.1819,-29.1362,-29.0915,-29.0478,-29.0050,-28.9632,-28.9223,-28.8822,-28.8430
45108.0416667,-45.5944,-55.2341,-45.7378,-60.6672,-60.6026,-65.1171,-53.6976,-56.4995,-61.1533,-58.3227,-62.5069,-60.8252,-58.6315,-57.0122,-54.7587,-61.8791,-62.8637,-62.4064,-51.8949,-54.4731,-48.0521,-45.5104,-53.3119,-54.8089,-62.1366,-53.7009,-36.9472,-55.8585,-46.0487,-46.7888,-43.5387,-47.6483,-52.2486,-48.1058,-46.0196,-56.3952,-58.4456,-50.4702,-59.9390,-49.0309,-58.9046,-43.5720,-53.5194,-60.1557,-60.7878,-54.7352,-61.5201,-59.5899,-53.6475,-58.3859,-53.3387,-57.0730,-57.3975,-48.0235,-45.9283,-51.8941,-52.0240,-64.6177,-66.1951,-65.4784,-64.8795,-45.0411,-40.4514,-47.7269,-45.9403,-59.4697,-59.2566,-62.3487,-63.4166,-56.2714,-54.0395,-64.7500,-57.2969,-61.0377,-57.8228,-56.3843,-60.8186,-52.4673,-54.2899,-62.3844,-64.8550,-61.6847,-48.8574,-55.8546,-59.9657,-53.1707,-38.4184,-64.2215,-60.3547,-56.9545,-61.4740,-59.1374,-51.0167,-53.6907,-63.6666,-60.5568,-64.7587,-65.5361,-64.1262,-59.0615,-59.4214,-52.8409,-55.8072,-54.9950,-62.4220,-54.5456,-53.7708,-59.3444,-59.1423,-61.5631,-57.6234,-57.9006,-61.2325,-60.8358,-61.9344,-58.2275,-60.5887,-55.5347,-55.8819,-64.4092,-55.5023,-63.4150,-48.7416,-58.8626,-57.0220,-65.1969,-63.2982,-54.3066,-55.7844,-57.3471,-54.5921,-51.1693,-57.0732,-57.0759,-58.3746,-60.1614,-60.6714,-52.9490,-46.8645,-59.0801,-57.6555,-63.1326,-62.6688,-43.2004,-51.2171,-48.6041,-53.4074,-51.4845,-54.0864,-55.5059,-60.1736,-56.7274,-57.8662,-57.3813,-63.9006,-54.9592,-59.5643,-59.5053,-59.9269,-59.5813,-59.2334,-59.6712,-60.3179,-49.5453,-60.2639,-55.7915,-61.0442,-64.9341,-62.9940,-63.4634,-55.5059,-60.0772,-62.1019,-61.1093,-60.6179,-63.3414,-63.3341,-61.7827,-64.1256,-62.3940,-58.4498,-57.3697,-58.9978,-57.9543,-56.1153,-54.3850,-52.7600,-51.2378,-49.8251,-48.4877,-47.2002,-46.0792,-45.0465,-44.0943,-43.2162,-42.4060,-41.6577,-40.9655,-40.3244,-39.7295,-39.1764,-38.6613,-38.1806,-37.7310,-37.3096,-36.9138,-36.5413,-36.1901,-35.8583,-35.5443,-35.2469,-34.9646,-34.6966,-34.4418,-34.1993,-33.9684,-33.7482,-33.5383,-33.3378,-33.1462,-32.9630,-32.7876,-32.6197,-32.4587,-32.3042,-32.1559,-32.0134,-31.8764,-31.7445,-31.6176,-31.4953,-31.3773,-31.2636,-31.1538,-31.0477,-30.9452,-30.8461,-30.7503,-30.6575,-30.5676,-30.4806,-30.3962,-30.3143,-30.2349,-30.1579,-30.0830,-30.0104,-29.9397,-29.8710,-29.8042,-29.7392,-29.6760,-29.6144,-29.5544,-29.4960,-29.4390,-29.3835,-29.3294,-29.2766,-29.2250,-29.1747,-29.1256,-29.0777,-29.0308,-28.9850,-28.9403,-28.8965,-28.8537,-28.8119,-28.7709,-28.7307,-28.6910,-28.6511
45108.0833333,-44.5536,-54.2536,-44.7662,-59.7748,-59.7434,-64.2976,-52.9358,-55.6521,-60.1969,-57.1719,-61.0713,-59.0617,-56.3673,-54.4277,-51.9042,-58.6267,-59.2503,-58.5974,-48.0355,-50.7682,-44.5766,-42.3919,-50.5881,-52.5203,-60.2568,-52.1950,-35.6772,-54.7266,-44.8091,-45.3787,-41.8920,-45.8760,-50.4987,-46.4286,-44.5012,-55.1124,-57.3762,-49.5197,-59.1510,-48.2321,-58.0980,-42.6687,-52.5201,-58.9623,-59.1593,-52.7793,-59.6024,-57.6215,-51.6516,-56.3537,-51.2395,-54.8986,-55.2998,-46.3816,-45.0825,-51.2236,-51.5066,-64.2665,-65.9723,-65.3567,-64.8389,-45.0023,-40.4185,-47.6944,-45.8371,-59.2515,-58.7775,-61.5205,-62.3151,-55.1203,-52.8992,-63.6747,-56.2519,-60.0812,-57.0019,-55.7146,-60.2371,-51.9282,-53.7857,-61.9223,-64.4009,-61.2109,-48.3199,-55.2524,-59.2436,-52.2381,-37.2310,-62.8894,-58.8363,-55.3117,-59.8238,-57.5503,-49.5127,-52.2870,-62.3788,-59.3359,-63.6342,-64.5089,-63.2155,-58.2164,-58.8077,-52.1635,-55.0101,-53.9611,-61.0786,-52.8564,-51.7885,-57.0267,-56.5455,-58.7775,-54.7368,-55.0240,-58.4252,-58.1238,-59.4006,-55.8902,-58.5116,-53.7225,-54.5306,-63.3289,-54.6360,-62.7665,-48.1739,-58.4219,-56.6181,-64.8296,-62.9275,-53.9042,-55.3779,-56.9406,-54.1718,-50.7397,-56.6643,-56.6688,-57.9762,-59.7714,-60.2887,-52.5497,-46.4592,-58.7262,-57.3235,-62.8494,-62.4201,-42.9398,-51.0137,-48.4189,-53.2562,-51.3442,-53.9726,-55.4442,-60.2515,-56.9620,-58.1477,-57.6936,-64.2659,-55.3209,-59.9448,-59.8102,-60.1903,-59.7851,-59.3597,-59.7487,-60.3447,-49.4749,-60.1208,-55.5067,-60.6041,-64.3892,-62.3713,-62.8343,-54.7861,-59.2858,-61.2275,-60.1683,-59.6051,-62.2516,-62.1579,-60.5498,-62.8471,-61.0642,-57.0669,-55.9568,-57.5683,-56.5015,-54.6520,-52.9260,-51.3199,-49.8304,-48.4616,-47.1789,-45.9550,-44.8993,-43.9346,-43.0515,-42.2419,-41.4985,-40.8141,-40.1825,-39.5979,-39.0553,-38.5502,-38.0789,-37.6379,-37.2245,-36.8363,-36.4710,-36.1269,-35.8023,-35.4957,-35.2060,-34.9318,-34.6721,-34.4258,-34.1919,-33.9697,-33.7581,-33.5564,-33.3639,-33.1799,-33.0038,-32.8351,-32.6731,-32.5175,-32.3678,-32.2237,-32.0849,-31.9510,-31.8219,-31.6972,-31.5767,-31.4603,-31.3478,-31.2390,-31.1338,-31.0319,-30.9333,-30.8378,-30.7454,-30.6558,-30.5689,-30.4846,-30.4029,-30.3236,-30.2466,-30.1718,-30.0992,-30.0286,-29.9599,-29.8932,-29.8282,-29.7650,-29.7034,-29.6435,-29.5850,-29.5281,-29.4726,-29.4185,-29.3657,-29.3142,-29.2639,-29.2148,-29.1669,-29.1201,-29.0743,-29.0296,-28.9859,-28.9431,-28.9013,-28.8604,-28.8204,-28.7811,-28.7422,-28.7030
45108.1250000,-46.6024,-56.5325,-46.8108,-62.1930,-62.1678,-66.8373,-55.3520,-58.1430,-62.8068,-59.7115,-63.7017,-61.6194,-58.5704,-56.4663,-53.7483,-60.3971,-60.7750,-59.8674,-48.7232,-51.3330,-44.8296,-42.4258,-50.7225,-52.6392,-60.5691,-52.6002,-35.8307,-55.5902,-45.7711,-46.6062,-43.2573,-47.4768,-52.2564,-48.0852,-46.0747,-56.9268,-59.2673,-51.2377,-61.3209,-50.1772,-60.3434,-44.5827,-54.7246,-61.3589,-61.5680,-54.9600,-61.9852,-59.8555,-53.6678,-58.3504,-52.9970,-56.6101,-56.9563,-47.6424,-46.5006,-52.8647,-53.2380,-66.3930,-68.2463,-67.7091,-67.2837,-47.0719,-42.4852,-50.0446,-48.2422,-62.1257,-61.7499,-64.5770,-65.2424,-57.7948,-55.4528,-66.4323,-58.7811,-62.6569,-59.4159,-58.0470,-62.6868,-54.2181,-56.1543,-64.5348,-67.1129,-63.8822,-50.7492,-57.8902,-62.0451,-54.8766,-39.4835,-65.7293,-61.5089,-57.7991,-62.2905,-59.8424,-51.5072,-54.2808,-64.5739,-61.4285,-65.8047,-66.6727,-65.3562,-60.2323,-61.2515,-54.4609,-57.4041,-56.3572,-63.6630,-55.3046,-54.1628,-59.4380,-58.8202,-60.9398,-56.5956,-56.7489,-60.0852,-59.6548,-60.8065,-57.0821,-59.6566,-54.6654,-55.4103,-64.4707,-55.6258,-64.0807,-49.3072,-60.0780,-58.4745,-67.0594,-65.2445,-56.1322,-57.7582,-59.4974,-56.7556,-53.3087,-59.4262,-59.4743,-60.8419,-62.6911,-63.2258,-55.2949,-49.0516,-61.6200,-60.1831,-65.8577,-65.4219,-45.4690,-53.7533,-51.1111,-56.0837,-54.1429,-56.8646,-58.4398,-63.4304,-60.1449,-61.3862,-60.9415,-67.7044,-58.5640,-63.3344,-63.2332,-63.6469,-63.2522,-62.8239,-63.2281,-63.8378,-52.6975,-63.5901,-58.8268,-63.9774,-67.7653,-65.6081,-66.0606,-57.7294,-62.2663,-64.1897,-63.0627,-62.4461,-65.1155,-64.9805,-63.3076,-65.6364,-63.7867,-59.6671,-58.5106,-60.1391,-59.0161,-57.0904,-55.2895,-53.6104,-52.0500,-50.6124,-49.2646,-47.9804,-46.8656,-45.8461,-44.9135,-44.0604,-43.2800,-42.5660,-41.9123,-41.3136,-40.7648,-40.2612,-39.7988,-39.3735,-38.9819,-38.6205,-38.2865,-37.9771,-37.6896,-37.4217,-37.1714,-36.9367,-36.7159,-36.5075,-36.3101,-36.1226,-35.9438,-35.7731,-35.6095,-35.4526,-35.3017,-35.1565,-35.0166,-34.8815,-34.7512,-34.6253,-34.5036,-34.3859,-34.2720,-34.1617,-34.0549,-33.9514,-33.8510,-33.7536,-33.6590,-33.5671,-33.4778,-33.3908,-33.3062,-33.2238,-33.1435,-33.0653,-32.9890,-32.9146,-32.8420,-32.7712,-32.7022,-32.6348,-32.5690,-32.5048,-32.4421,-32.3810,-32.3213,-32.2630,-32.2061,-32.1505,-32.0963,-32.0433,-31.9915,-31.9409,-31.8915,-31.8432,-31.7960,-31.7498,-31.7047,-31.6606,-31.6174,-31.5751,-31.5338,-31.4933,-31.4536,-31.4146,-31.3760,-31.3368
45108.1666667,-45.3734,-55.3619,-45.7003,-61.1262,-61.1432,-65.8505,-54.4547,-57.2654,-61.9396,-58.8580,-62.8547,-60.7798,-57.4404,-55.3243,-52.5934,-59.1990,-59.5232,-58.5534,-47.2991,-49.8229,-43.2337,-40.7084,-48.8867,-50.6650,-58.4601,-50.5299,-33.6127,-53.2428,-43.3895,-44.2345,-40.9692,-45.3443,-50.2862,-46.2585,-44.3984,-55.3687,-57.8142,-49.8485,-60.0939,-48.9805,-59.1569,-43.4232,-53.5715,-60.2199,-60.4488,-53.8710,-61.0245,-58.9058,-52.7270,-57.3969,-52.0279,-55.5922,-55.8743,-46.2618,-44.9595,-51.3269,-51.7144,-64.8749,-66.7594,-66.2471,-65.8563,-45.7012,-41.1650,-48.7721,-47.0362,-61.0322,-60.7965,-63.7834,-64.6084,-57.2217,-54.9177,-65.9131,-58.2794,-62.1536,-58.8893,-57.4726,-62.0855,-53.6076,-55.5147,-63.8444,-66.4029,-63.1596,-50.0351,-57.1618,-61.3297,-54.1724,-38.8034,-65.0496,-60.8500,-57.1553,-61.6445,-59.1870,-50.8393,-53.5903,-63.8577,-60.6992,-65.0484,-65.8817,-64.5304,-59.3580,-60.4935,-53.6737,-56.5751,-55.4949,-62.7684,-54.4470,-53.3009,-58.5657,-57.9405,-60.0468,-55.6857,-55.8225,-59.1330,-58.6788,-59.7882,-56.0191,-58.5304,-53.4582,-54.0114,-62.9861,-54.0236,-62.3545,-47.5217,-58.2108,-56.5829,-65.1754,-63.3848,-54.3172,-56.0010,-57.8460,-55.2145,-51.8866,-58.1192,-58.3318,-59.8622,-61.8552,-62.4963,-54.6621,-48.4956,-61.1050,-59.7050,-65.4032,-64.9842,-45.0566,-53.3428,-50.7123,-55.6882,-53.7559,-56.4884,-58.0983,-63.1406,-59.9249,-61.1872,-60.7595,-67.5384,-58.4224,-63.2115,-63.1086,-63.5424,-63.1680,-62.7428,-63.1591,-63.7794,-52.6592,-63.5580,-58.8116,-63.9707,-67.7566,-65.5927,-65.9860,-57.6345,-62.1384,-64.0296,-62.8802,-62.2391,-64.8783,-64.7147,-63.0229,-65.3295,-63.4605,-59.3225,-58.1486,-59.7562,-58.6092,-56.6601,-54.8359,-53.1334,-51.5499,-50.0895,-48.7198,-47.4153,-46.2783,-45.2369,-44.2824,-43.4076,-42.6055,-41.8698,-41.1945,-40.5741,-40.0039,-39.4792,-38.9961,-38.5509,-38.1404,-37.7616,-37.4118,-37.0887,-36.7901,-36.5141,-36.2587,-36.0224,-35.8037,-35.6010,-35.4133,-35.2391,-35.0774,-34.9270,-34.7871,-34.6565,-34.5343,-34.4198,-34.3122,-34.2105,-34.1143,-34.0227,-33.9354,-33.8516,-33.7710,-33.6932,-33.6177,-33.5444,-33.4729,-33.4030,-33.3346,-33.2675,-33.2017,-33.1370,-33.0734,-33.0108,-32.9492,-32.8886,-32.8290,-32.7703,-32.7126,-32.6558,-32.5999,-32.5449,-32.4908,-32.4376,-32.3853,-32.3338,-32.2831,-32.2333,-32.1843,-32.1361,-32.0887,-32.0420,-31.9961,-31.9511,-31.9067,-31.8631,-31.8203,-31.7782,-31.7369,-31.6962,-31.6563,-31.6171,-31.5786,-31.5408,-31.5037,-31.4670,-31.4305,-31.3929
45108.2083333,-45.9940,-56.0457,-46.1764,-61.7795,-61.7547,-66.4669,-54.9710,-57.7981,-62.5411,-59.4220,-63.4948,-61.4050,-57.8377,-55.6996,-52.9333,-59.6381,-59.9635,-58.9730,-47.5292,-50.0768,-43.3702,-40.7753,-49.0451,-50.8019,-58.6598,-50.6674,-33.3818,-53.1752,-43.0417,-43.7763,-40.3212,-44.6541,-49.6268,-45.5314,-43.6619,-54.8675,-57.4565,-49.4505,-60.1165,-48.9000,-59.2953,-43.3728,-53.7206,-60.5144,-60.7942,-54.1453,-61.5799,-59.4382,-53.1740,-57.9216,-52.4765,-56.0960,-56.3616,-46.4545,-44.9305,-51.3810,-51.7650,-65.1125,-67.0323,-66.5033,-66.1051,-45.6470,-41.0438,-48.7703,-47.0191,-61.3035,-61.1066,-64.1936,-65.1395,-57.7031,-55.4199,-66.6296,-58.9203,-62.8973,-59.6501,-58.2723,-62.9861,-54.4226,-56.3720,-64.8360,-67.4376,-64.1452,-50.8435,-58.0626,-62.2933,-55.0000,-39.3715,-65.9904,-61.7099,-57.9473,-62.4994,-60.0075,-51.5402,-54.3342,-64.7593,-61.5555,-65.9710,-66.8153,-65.4564,-60.1978,-61.4782,-54.5355,-57.4515,-56.3200,-63.6626,-55.2397,-54.0454,-59.3508,-58.6799,-60.7837,-56.3259,-56.4477,-59.7921,-59.3198,-60.4341,-56.5993,-59.1411,-53.9779,-54.4961,-63.5991,-54.4593,-62.8619,-47.7444,-58.4878,-56.7347,-65.3930,-63.5198,-54.2531,-55.9098,-57.7385,-55.0232,-51.6203,-57.9463,-58.1739,-59.7799,-61.8826,-62.6194,-54.7655,-48.6187,-61.5241,-60.2058,-66.0843,-65.7413,-45.5924,-54.0707,-51.4427,-56.5345,-54.6047,-57.4088,-59.0795,-64.2228,-60.9925,-62.2911,-61.8704,-68.7700,-59.5322,-64.4117,-64.3225,-64.7797,-64.4166,-63.9965,-64.4310,-65.0721,-53.7988,-64.8779,-60.0790,-65.3400,-69.2031,-67.0203,-67.4472,-58.9698,-63.5417,-65.4583,-64.2871,-63.6313,-66.3027,-66.1291,-64.4054,-66.7397,-64.8353,-60.6258,-59.4271,-61.0498,-59.8739,-57.8832,-56.0181,-54.2758,-52.6535,-51.1554,-49.7494,-48.4106,-47.2389,-46.1635,-45.1760,-44.2689,-43.4354,-42.6691,-41.9639,-41.3145,-40.7158,-40.1635,-39.6535,-39.1821,-38.7461,-38.3425,-37.9685,-37.6218,-37.3002,-37.0018,-36.7247,-36.4672,-36.2280,-36.0057,-35.7991,-35.6069,-35.4283,-35.2623,-35.1080,-34.9645,-34.8313,-34.7075,-34.5926,-34.4858,-34.3868,-34.2949,-34.2095,-34.1303,-34.0568,-33.9884,-33.9247,-33.8654,-33.8100,-33.7580,-33.7092,-33.6632,-33.6196,-33.5781,-33.5384,-33.5001,-33.4632,-33.4272,-33.3920,-33.3575,-33.3234,-33.2896,-33.2561,-33.2227,-33.1893,-33.1559,-33.1225,-33.0890,-33.0555,-33.0219,-32.9882,-32.9545,-32.9207,-32.8870,-32.8533,-32.8196,-32.7860,-32.7525,-32.7192,-32.6859,-32.6529,-32.6200,-32.5874,-32.5549,-32.5227,-32.4907,-32.4590,-32.4273,-32.3952,-32.3607
45108.2500000,-25.4950,-27.3855,-25.7592,-28.5483,-28.5952,-29.4782,-25.0250,-25.6357,-26.5586,-26.1091,-26.9045,-26.6400,-20.9391,-20.8017,-20.5498,-22.0098,-22.3287,-22.3873,-20.6597,-21.3201,-20.3567,-20.1311,-21.7368,-22.2412,-23.7970,-21.2668,-18.4392,-22.1396,-20.3502,-20.6723,-20.3869,-21.4670,-22.6360,-22.1869,-22.1810,-24.4539,-25.0431,-23.9015,-24.3691,-22.6267,-24.6261,-21.9595,-23.9281,-25.3109,-25.6960,-24.8773,-24.7255,-24.5729,-23.6328,-24.6522,-23.8809,-24.7216,-25.0061,-24.0933,-24.7121,-26.0001,-26.1783,-28.6283,-28.8488,-28.8514,-28.8011,-25.2586,-24.5339,-25.9794,-25.7842,-27.4768,-27.4990,-28.3857,-29.0227,-27.9203,-27.6640,-29.7429,-28.4959,-29.2919,-28.9173,-28.8411,-29.7204,-27.9109,-28.2971,-29.8415,-30.3245,-29.7560,-26.4873,-27.7934,-28.1422,-26.9438,-24.3023,-29.0200,-28.3171,-27.7134,-28.5762,-28.2136,-26.7441,-27.2711,-29.1234,-28.5984,-29.3987,-29.5970,-29.1332,-28.2855,-26.2258,-25.1023,-25.7088,-25.6005,-26.9918,-24.4113,-24.3119,-25.3583,-25.3521,-25.8405,-25.1878,-25.2952,-25.9663,-25.9634,-26.2681,-25.6994,-26.2029,-25.4106,-25.6413,-27.0637,-25.6125,-27.1993,-24.6663,-26.7008,-26.5615,-28.1627,-27.9299,-26.4153,-26.8096,-27.0716,-26.7210,-26.2536,-27.4804,-27.6911,-28.0925,-28.6614,-28.9528,-27.7920,-26.9523,-29.4154,-29.4071,-30.4621,-30.6053,-27.3194,-28.9995,-28.5804,-29.6138,-29.4087,-30.1133,-31.0271,-32.4460,-32.3372,-32.6076,-32.5751,-33.7715,-32.1948,-33.0891,-32.2917,-32.4090,-32.3704,-32.0049,-32.0829,-32.2016,-30.1917,-32.1415,-31.3291,-32.3133,-33.0561,-32.7414,-30.4713,-29.0570,-29.8618,-30.2374,-30.0637,-29.9493,-30.4420,-30.4205,-30.1354,-30.5615,-30.2216,-29.4943,-29.2584,-29.5494,-29.3540,-29.0111,-28.6965,-28.4040,-28.1303,-27.8817,-27.6308,-27.3582,-27.1682,-26.9973,-26.8432,-26.7046,-26.5803,-26.4691,-26.3699,-26.2817,-26.2036,-26.1347,-26.0744,-26.0219,-25.9767,-25.9381,-25.9057,-25.8790,-25.8577,-25.8413,-25.8296,-25.8222,-25.8188,-25.8193,-25.8233,-25.8307,-25.8413,-25.8548,-25.8711,-25.8901,-25.9116,-25.9355,-25.9615,-25.9897,-26.0198,-26.0517,-26.0853,-26.1206,-26.1574,-26.1956,-26.2350,-26.2757,-26.3175,-26.3603,-26.4040,-26.4485,-26.4937,-26.5395,-26.5858,-26.6325,-26.6795,-26.7266,-26.7738,-26.8210,-26.8680,-26.9146,-26.9609,-27.0066,-27.0517,-27.0959,-27.1394,-27.1818,-27.2232,-27.2634,-27.3024,-27.3400,-27.3763,-27.4112,-27.4446,-27.4766,-27.5071,-27.5361,-27.5636,-27.5896,-27.6142,-27.6373,-27.6591,-27.6795,-27.6986,-27.7165,-27.7330,-27.7482,-27.7609,-27.7681
45108.2916667,-12.8173,-12.0885,-13.2219,-11.9413,-12.1215,-11.8426,-9.7276,-9.6538,-9.3656,-9.8325,-9.5914,-9.9272,-3.3174,-3.7774,-4.3036,-3.9727,-4.2423,-4.6238,-6.0266,-6.0721,-6.9950,-7.5425,-6.9873,-7.1166,-6.6664,-5.9505,-7.8311,-6.2713,-7.1925,-7.3504,-8.0752,-8.0668,-7.9815,-8.7099,-9.2676,-8.6306,-8.5796,-9.6696,-6.8492,-8.2108,-7.4584,-9.1246,-8.3439,-7.9527,-8.2893,-9.2931,-6.6585,-7.1610,-7.9816,-7.7806,-8.5423,-8.4679,-8.7553,-10.5951,-11.7781,-11.4312,-11.6113,-10.5723,-10.3248,-10.5873,-10.7198,-12.7667,-13.3500,-12.7753,-13.1245,-10.7257,-10.7972,-10.8386,-11.1662,-12.1250,-12.5433,-11.6514,-12.5447,-12.3358,-12.9188,-13.2896,-12.9962,-13.4798,-13.4354,-12.7931,-12.6696,-13.0344,-13.0691,-12.4750,-11.5820,-12.3830,-13.9675,-11.5130,-11.9713,-12.3880,-12.0528,-12.4159,-13.2388,-13.0118,-12.0622,-12.4223,-12.0440,-12.0416,-11.8817,-12.4800,-9.2398,-10.0300,-9.8801,-10.1034,-9.5369,-8.8534,-9.1193,-8.7678,-8.9513,-8.8744,-9.4213,-9.5002,-9.2738,-9.4140,-9.4502,-9.9546,-9.7937,-10.4246,-10.4905,-9.3823,-10.4236,-9.7600,-11.3536,-10.5453,-10.9446,-10.2615,-10.5673,-11.5776,-11.5506,-11.2875,-11.7056,-12.1895,-11.7498,-11.9400,-11.9264,-11.9747,-12.0904,-13.0507,-13.8589,-12.8401,-13.2025,-12.6271,-12.8873,-15.0610,-14.4548,-14.7589,-14.4657,-14.8372,-14.8710,-15.5158,-15.7461,-16.7226,-16.7167,-16.8639,-16.2638,-17.2631,-16.9199,-15.9623,-16.0312,-16.1629,-15.8712,-15.8786,-15.8687,-16.9302,-15.9185,-16.4249,-15.9972,-15.6996,-15.9777,-12.7904,-13.6789,-13.2605,-13.1424,-13.3092,-13.3851,-13.1841,-13.2336,-13.4513,-13.2865,-13.4805,-13.9099,-14.0096,-13.8887,-14.0357,-14.2518,-14.4616,-14.6569,-14.8342,-15.0003,-15.1292,-15.2033,-15.3295,-15.4464,-15.5541,-15.6535,-15.7458,-15.8317,-15.9122,-15.9880,-16.0599,-16.1285,-16.1943,-16.2580,-16.3199,-16.3803,-16.4397,-16.4982,-16.5562,-16.6136,-16.6708,-16.7279,-16.7848,-16.8418,-16.8988,-16.9559,-17.0132,-17.0707,-17.1283,-17.1862,-17.2443,-17.3027,-17.3613,-17.4202,-17.4793,-17.5387,-17.5984,-17.6584,-17.7186,-17.7791,-17.8399,-17.9009,-17.9621,-18.0236,-18.0853,-18.1472,-18.2093,-18.2716,-18.3340,-18.3965,-18.4591,-18.5217,-18.5844,-18.6471,-18.7098,-18.7724,-18.8349,-18.8973,-18.9594,-19.0214,-19.0830,-19.1443,-19.2052,-19.2657,-19.3256,-19.3850,-19.4437,-19.5018,-19.5591,-19.6155,-19.6710,-19.7256,-19.7792,-19.8316,-19.8829,-19.9330,-19.9818,-20.0293,-20.0755,-20.1202,-20.1635,-20.2047,-20.2425,-20.2716
45108.3333333,-5.3835,-5.4680,-5.6955,-5.9448,-6.2202,-6.2929,-3.4185,-3.5615,-3.7368,-3.9374,-4.1250,-4.3252,2.0752,1.9043,1.7696,1.6115,1.3821,1.1024,0.8182,0.6128,0.3581,0.1362,-0.0167,-0.3588,-0.5981,0.6628,0.4630,0.2605,0.2994,0.1331,-0.2487,-0.5805,-0.8580,-1.1400,-1.4101,-1.7377,-1.9348,-2.2891,-0.6952,-1.0284,-1.1666,-1.3893,-1.5024,-1.7874,-2.0636,-2.3229,-0.5285,-0.8667,-1.1467,-1.3211,-1.5127,-1.6472,-1.8958,-2.4422,-3.1855,-3.5281,-3.8511,-4.0661,-4.0734,-4.3408,-4.5268,-4.7757,-4.9364,-5.0804,-5.3080,-4.3883,-4.4634,-4.6679,-4.8293,-5.1171,-5.3438,-5.4855,-5.7004,-5.8983,-6.1366,-6.4036,-6.6108,-6.4699,-6.7461,-6.9440,-7.1670,-7.3066,-6.2406,-6.2644,-5.7867,-5.9115,-6.0895,-6.0780,-6.2098,-6.2570,-6.3393,-6.5413,-6.5696,-6.5419,-6.5470,-6.6531,-6.6793,-6.7634,-6.5274,-6.6425,-3.7432,-3.8993,-3.9595,-4.0319,-4.1059,-2.7679,-2.9604,-3.0537,-3.1321,-3.1850,-3.2577,-3.2849,-3.3300,-3.4167,-3.5351,-3.6707,-3.7338,-3.8662,-3.8034,-3.5112,-3.6746,-3.7382,-3.9811,-4.0963,-4.3627,-4.4660,-4.6028,-4.7547,-4.8084,-4.6519,-4.8055,-4.9863,-5.0766,-5.2270,-5.3589,-5.5799,-5.6863,-5.8258,-5.9632,-6.0159,-6.2120,-6.1430,-6.3091,-6.5959,-6.6314,-6.6871,-6.8256,-6.9932,-7.2110,-7.7531,-8.3155,-8.9894,-9.1798,-9.3788,-9.4889,-9.7538,-9.9092,-9.0798,-9.2665,-9.4831,-9.2737,-9.3796,-9.5025,-9.6353,-9.6475,-9.7989,-9.8765,-9.9578,-10.0622,-7.1729,-7.3071,-7.3193,-7.3924,-7.4809,-7.4968,-7.5513,-7.6203,-7.7387,-7.8194,-7.8755,-7.9428,-7.9294,-7.9527,-7.9888,-8.0217,-8.0553,-8.0863,-8.1111,-8.1361,-8.1347,-8.0882,-8.1040,-8.1191,-8.1327,-8.1449,-8.1557,-8.1653,-8.1737,-8.1811,-8.1876,-8.1933,-8.1984,-8.2028,-8.2069,-8.2107,-8.2143,-8.2180,-8.2218,-8.2259,-8.2305,-8.2357,-8.2417,-8.2485,-8.2563,-8.2652,-8.2753,-8.2867,-8.2994,-8.3135,-8.3291,-8.3461,-8.3646,-8.3845,-8.4059,-8.4287,-8.4529,-8.4785,-8.5054,-8.5336,-8.5630,-8.5936,-8.6254,-8.6582,-8.6921,-8.7270,-8.7628,-8.7995,-8.8371,-8.8755,-8.9147,-8.9547,-8.9953,-9.0366,-9.0785,-9.1210,-9.1641,-9.2076,-9.2517,-9.2962,-9.3411,-9.3864,-9.4320,-9.4779,-9.5241,-9.5705,-9.6170,-9.6637,-9.7106,-9.7574,-9.8043,-9.8512,-9.8980,-9.9446,-9.9911,-10.0374,-10.0834,-10.1291,-10.1744,-10.2192,-10.2634,-10.3064,-10.3464,-10.3769
45108.3750000,3.6716,2.8031,3.3477,1.6179,1.1442,0.6457,4.1993,3.8709,3.3056,3.3851,2.8568,2.8229,8.5947,8.7304,8.8545,8.3380,8.2062,8.0595,8.8669,8.5577,8.8320,8.9960,8.2699,7.7120,6.7874,8.5619,9.9193,8.1373,9.0924,9.0223,8.9585,8.3330,7.7571,7.9282,7.9097,6.4498,5.9764,6.3993,6.8854,7.4583,6.3890,7.4880,6.5695,5.6937,5.5242,6.0053,7.1234,6.9385,7.1438,6.6000,6.7705,6.3551,6.0868,7.0287,7.0174,6.0295,5.5269,4.1450,3.8609,3.5003,3.2726,4.6538,4.9263,4.1778,4.0876,3.6819,3.6055,3.2854,3.2513,3.5679,3.4791,2.3824,2.6419,2.0753,2.1877,2.0072,1.2391,1.9410,1.3454,0.3872,-0.1791,-0.1182,1.9810,1.4253,1.5911,2.1689,3.3240,1.1786,1.3210,1.4510,0.9036,0.9004,1.6119,1.4888,0.6307,0.7091,0.2957,0.1153,0.4193,0.7433,3.3529,3.7242,3.4312,3.5300,2.9163,4.8946,4.7354,4.2183,4.2279,4.0711,4.4477,4.4044,4.1519,4.1147,3.9058,4.0881,3.7997,4.0418,4.2105,3.8364,4.5282,3.8597,4.8487,3.8997,3.7680,2.9566,2.9691,3.5759,3.3627,3.3550,3.4470,3.5548,3.0346,2.9954,2.7550,2.3600,2.1659,2.8042,3.3272,2.3966,2.3011,1.9401,1.7874,3.2288,2.5807,2.7726,2.2026,2.2205,1.9116,1.6948,1.0623,0.8182,0.4095,0.1634,-0.5806,-0.1967,-0.8076,-0.0805,-0.4619,-0.7647,-0.6557,-0.8417,-1.0922,-0.4108,-1.3344,-1.1716,-1.6837,-2.1024,-2.0644,0.5277,1.0481,0.6105,0.3331,0.2881,0.3086,-0.0057,-0.1233,-0.1903,-0.5262,-0.4896,-0.2684,-0.1822,-0.3816,-0.4067,-0.3377,-0.2254,-0.0510,0.1116,0.2715,0.4477,0.6592,0.7955,0.9215,1.0386,1.1471,1.2478,1.3411,1.4276,1.5078,1.5821,1.6511,1.7152,1.7749,1.8304,1.8822,1.9305,1.9758,2.0182,2.0580,2.0954,2.1305,2.1635,2.1946,2.2239,2.2514,2.2773,2.3015,2.3242,2.3454,2.3650,2.3831,2.3997,2.4148,2.4283,2.4403,2.4507,2.4595,2.4667,2.4722,2.4761,2.4783,2.4788,2.4777,2.4749,2.4705,2.4644,2.4568,2.4475,2.4368,2.4245,2.4108,2.3957,2.3792,2.3614,2.3423,2.3220,2.3006,2.2780,2.2544,2.2298,2.2042,2.1777,2.1503,2.1221,2.0932,2.0635,2.0331,2.0021,1.9705,1.9383,1.9056,1.8724,1.8388,1.8047,1.7703,1.7355,1.7005,1.6652,1.6297,1.5942,1.5592,1.5263,1.5013
45108.4166667,6.2332,2.8686,5.8966,-0.2647,-0.9262,-2.6361,3.2163,2.1886,0.3179,1.2125,-0.4474,0.0632,4.5480,5.4242,6.5027,4.3793,4.3017,4.4808,8.4356,7.5730,9.8629,11.0687,8.3707,7.2390,3.9779,7.5710,13.9587,6.9487,10.8073,10.8270,11.8794,10.2154,8.0241,9.2266,10.3300,5.8719,4.5766,7.3465,4.3392,7.5990,3.8048,9.2868,5.8023,3.1579,3.2459,5.9102,4.5946,4.9363,6.6913,5.0163,6.7147,5.4680,5.2037,9.7083,11.0338,8.1564,7.3842,2.3388,1.3940,1.0745,0.8596,7.6902,9.1455,6.3677,6.8290,2.2472,2.2970,1.4798,1.6439,3.9337,4.4046,0.2623,2.4882,0.7814,1.9057,2.0135,-0.2349,2.5186,1.1569,-2.2013,-3.6547,-2.8078,2.5644,0.2506,-0.9671,1.7813,7.4320,-1.8242,-0.5649,0.5280,-1.3792,-1.0654,1.6035,0.6491,-2.9688,-2.0488,-3.6083,-3.9630,-3.3232,-1.6406,0.1032,2.4495,1.5060,2.1372,-0.3463,3.6430,3.7559,1.8692,2.1553,1.5636,3.3305,3.2784,2.1568,2.2373,1.7356,3.0664,2.0786,3.7015,3.9403,1.1129,4.3672,1.5139,6.6212,2.7482,3.0850,-0.0413,0.5118,3.6794,3.0878,2.6418,3.5336,4.5750,2.2781,2.4051,1.7985,0.8995,0.5615,3.3503,5.5990,1.4997,1.9275,0.1207,0.1823,7.2854,4.4976,5.2092,3.3433,4.0660,3.2260,3.1928,1.7041,2.7096,1.8542,1.6301,-1.0697,1.6074,-0.3422,0.1972,-0.4315,-0.7789,-0.7833,-1.1386,-1.6339,1.9756,-1.9450,-0.5556,-2.4478,-3.8951,-3.2721,-1.5623,1.2766,-0.4568,-1.3036,-1.0907,-0.9033,-1.9907,-2.1458,-1.8678,-2.9236,-2.4588,-1.1651,-0.7681,-1.4076,-1.2111,-0.7184,-0.2543,0.1913,0.6328,1.0964,1.7015,2.4172,3.0063,3.5734,4.1019,4.5926,5.0469,5.4675,5.8573,6.2192,6.5557,6.8691,7.1614,7.4344,7.6897,7.9286,8.1523,8.3621,8.5590,8.7437,8.9174,9.0806,9.2341,9.3787,9.5148,9.6432,9.7643,9.8786,9.9867,10.0888,10.1855,10.2771,10.3639,10.4463,10.5244,10.5987,10.6692,10.7363,10.8000,10.8607,10.9183,10.9731,11.0252,11.0746,11.1214,11.1658,11.2078,11.2474,11.2848,11.3198,11.3527,11.3834,11.4119,11.4383,11.4627,11.4850,11.5053,11.5237,11.5401,11.5546,11.5672,11.5781,11.5871,11.5945,11.6002,11.6042,11.6067,11.6077,11.6072,11.6053,11.6020,11.5975,11.5917,11.5847,11.5766,11.5674,11.5571,11.5459,11.5337,11.5207,11.5070,11.4929,11.4799,11.4722
45108.4583333,4.5251,-2.0912,3.5739,-7.8089,-8.5987,-11.6632,-2.8423,-4.6768,-8.1091,-6.5272,-9.4998,-8.2928,-4.8936,-3.2134,-1.3312,-5.3502,-5.3449,-4.7768,2.9594,0.9644,5.5287,7.0695,2.1925,0.6323,-5.0260,1.0305,13.7193,0.4954,8.0665,7.5501,10.5902,7.7010,4.0919,6.1414,7.2529,-0.7584,-2.7407,3.0290,-3.9070,2.8857,-4.2132,6.6603,-0.0405,-4.9706,-4.7401,0.5358,-3.4994,-2.4175,1.6752,-1.6130,1.7474,-0.6258,-0.8984,7.9725,11.0958,6.4227,5.4695,-4.2362,-6.1555,-6.5538,-6.8234,6.5946,9.8718,4.8571,5.7914,-3.9463,-3.6512,-5.4049,-5.1097,-0.6278,0.2904,-7.5305,-2.9606,-6.0683,-3.8833,-2.6662,-6.8134,-1.9692,-4.1339,-10.2226,-12.6740,-10.8800,-1.8648,-6.6263,-9.3495,-4.4597,6.8141,-10.7930,-7.9999,-5.5956,-8.9832,-8.0273,-2.7321,-4.5742,-11.5652,-9.6796,-12.6892,-13.3489,-12.4201,-9.1605,-8.4320,-4.0601,-5.9644,-5.0909,-9.6715,-3.1852,-2.5791,-5.9495,-5.2308,-6.2946,-2.9958,-2.9851,-5.0642,-4.7742,-5.5714,-2.8564,-4.6652,-1.3582,-0.8649,-6.6879,-0.6991,-6.1920,3.8688,-3.0561,-2.2747,-8.2661,-7.1112,-0.7481,-1.8940,-2.9463,-0.9231,1.4684,-3.0580,-3.2612,-4.2916,-5.7510,-6.2221,-0.7107,3.9719,-4.5699,-3.7409,-7.4148,-7.1692,6.2946,1.1713,2.7589,-0.6174,0.9660,-0.5920,0.0372,-2.3138,0.3025,-1.0359,-0.9241,-5.7109,-0.0645,-3.8558,-3.9287,-4.8760,-5.3036,-5.4751,-6.1722,-7.1207,-0.1103,-7.6716,-4.6669,-8.0585,-10.6428,-9.2578,-8.5164,-3.0402,-6.2368,-7.7214,-7.2270,-6.9733,-8.9244,-9.0552,-8.3170,-10.2018,-9.1963,-6.6236,-6.0690,-7.4174,-6.8755,-5.7687,-4.7257,-3.7483,-2.8393,-2.0078,-1.2171,-0.4352,0.2234,0.8572,1.5058,2.2489,3.3250,4.3687,5.3610,6.3024,7.1682,7.9623,8.6911,9.3614,9.9794,10.5507,11.0802,11.5721,12.0299,12.4568,12.8556,13.2287,13.5783,13.9064,14.2146,14.5046,14.7778,15.0353,15.2784,15.5080,15.7252,15.9307,16.1253,16.3098,16.4848,16.6508,16.8085,16.9583,17.1007,17.2362,17.3652,17.4880,17.6050,17.7166,17.8231,17.9246,18.0217,18.1143,18.2029,18.2876,18.3687,18.4462,18.5203,18.5913,18.6593,18.7243,18.7864,18.8459,18.9028,18.9571,19.0089,19.0584,19.1055,19.1504,19.1930,19.2335,19.2719,19.3081,19.3424,19.3747,19.4050,19.4334,19.4600,19.4847,19.5077,19.5290,19.5485,19.5665,19.5828,19.5976,19.6111,19.6234,19.6353,19.6496
45108.5000000,0.0183,-7.0342,-1.2298,-13.5700,-14.6808,-18.2515,-9.0107,-11.1003,-14.8005,-13.1869,-16.3776,-15.1399,-11.9361,-10.2425,-8.3349,-12.6891,-12.7677,-12.2348,-4.1278,-6.2984,-1.5533,-0.0185,-5.3374,-7.1075,-13.2295,-6.7385,5.6314,-7.9603,0.6860,0.5741,4.1829,1.6946,-2.4300,-0.0306,1.1644,-7.5061,-9.7667,-3.6976,-10.9526,-3.8387,-11.3946,0.0847,-7.0652,-12.2434,-11.8757,-6.0878,-10.0331,-8.8003,-4.3590,-7.6561,-3.9636,-6.3576,-6.5829,3.1098,7.1969,2.4415,1.6140,-8.4469,-10.3468,-10.7316,-11.0328,3.2414,6.6419,1.1816,2.1162,-8.2962,-7.9784,-9.8306,-9.6240,-5.1947,-4.4036,-12.7515,-7.9722,-11.3771,-9.3502,-8.7791,-13.2048,-8.1208,-10.4833,-17.0039,-19.6613,-17.8124,-8.3655,-13.8963,-16.8347,-11.7716,0.1934,-18.4513,-15.4377,-12.7789,-16.2327,-15.1411,-9.4617,-11.3479,-18.6984,-16.6783,-19.8361,-20.5139,-19.4984,-16.0672,-15.0137,-10.4576,-12.5861,-11.8355,-16.8823,-10.1603,-9.6297,-13.2649,-12.4852,-13.5170,-9.8990,-9.7971,-11.9028,-11.5194,-12.3023,-9.7466,-11.5521,-7.9639,-7.3835,-13.3484,-6.8244,-12.4542,-1.6297,-8.7120,-7.7380,-14.0022,-12.7364,-5.9786,-7.1553,-8.2574,-6.3437,-3.7128,-8.4536,-8.6532,-9.8262,-11.4981,-12.0828,-6.2920,-1.2395,-10.1771,-9.2159,-13.0461,-12.8040,1.3253,-4.2482,-2.6753,-6.4101,-5.1588,-6.7744,-5.2029,-6.6930,-3.1800,-4.4990,-4.5509,-9.3471,-3.1376,-6.9255,-7.0136,-8.0354,-8.5618,-8.8968,-9.8662,-10.9723,-3.6804,-11.8325,-8.8183,-12.5558,-15.3434,-13.8881,-13.1775,-7.4697,-10.9005,-12.4947,-11.9880,-11.7356,-13.8240,-13.9975,-13.2550,-15.2862,-14.2547,-11.5641,-11.0162,-12.4963,-11.9936,-10.9063,-9.8941,-8.9511,-8.0730,-7.2667,-6.4931,-5.7229,-5.0929,-4.5144,-3.9808,-3.4862,-3.0249,-2.5900,-2.1728,-1.7604,-1.3327,-0.8562,-0.2757,0.5073,1.7580,2.9925,4.1683,5.2740,6.2954,7.2364,8.1031,8.9014,9.6368,10.3144,10.9389,11.5148,12.0462,12.5370,12.9908,13.4110,13.8007,14.1626,14.4994,14.8133,15.1064,15.3807,15.6376,15.8788,16.1055,16.3188,16.5200,16.7098,16.8891,17.0587,17.2193,17.3715,17.5158,17.6528,17.7829,17.9065,18.0241,18.1359,18.2424,18.3439,18.4406,18.5328,18.6207,18.7047,18.7848,18.8613,18.9345,19.0044,19.0712,19.1351,19.1962,19.2546,19.3105,19.3640,19.4152,19.4641,19.5108,19.5555,19.5981,19.6388,19.6776,19.7145,19.7497,19.7831,19.8149,19.8450,19.8734,19.9004,19.9262,19.9514
45108.5416667,4.8742,-3.0677,2.7547,-9.5934,-10.6914,-14.2084,-3.9844,-6.3186,-10.2555,-8.8928,-12.3635,-11.3539,-8.5746,-6.9988,-5.1679,-9.6193,-9.7707,-9.2975,-1.2671,-3.5491,0.6074,2.1701,-3.0651,-4.7856,-10.8962,-4.0267,9.1301,-5.0131,3.1786,3.3825,6.6919,4.3570,0.1910,2.6144,3.8675,-4.7671,-6.9587,-0.8327,-7.8479,-0.7577,-8.4702,2.2462,-5.2713,-10.2994,-9.6807,-4.2190,-7.4145,-6.0436,-1.9568,-4.9917,-1.0646,-3.1870,-3.1587,7.5350,11.8440,7.0410,5.8738,-4.1487,-5.9628,-6.2803,-6.4898,7.9141,11.3681,6.0526,7.1117,-3.1470,-2.6610,-4.3761,-4.1201,0.3918,1.6820,-6.7976,-2.1422,-5.7365,-4.0653,-3.8664,-8.3233,-2.9455,-5.6625,-12.6678,-15.6001,-13.9721,-4.6623,-10.4184,-13.5226,-8.6787,3.1079,-15.7810,-12.9300,-10.3552,-13.8331,-12.7270,-7.0035,-8.8624,-16.1927,-14.1456,-17.2818,-17.9367,-16.8341,-13.3737,-11.5679,-7.0188,-9.1731,-8.4556,-13.5564,-6.7669,-6.2939,-10.0195,-9.3252,-10.4481,-6.9101,-6.8490,-8.9920,-8.6273,-9.4301,-6.8754,-8.6662,-5.0522,-4.4227,-10.3037,-3.7388,-9.3803,0.9275,-6.5085,-5.2696,-11.3178,-9.8466,-2.7510,-3.7416,-4.5900,-2.1483,0.5445,-4.2035,-4.4437,-5.6542,-7.3618,-7.9596,-2.1861,2.4434,-6.4172,-5.3529,-9.0754,-8.7608,5.4677,0.3222,1.9435,-1.4439,-0.3397,-2.1968,-1.0839,-2.3606,1.7239,0.5348,0.5271,-4.5403,1.7567,-1.9357,-1.8373,-2.7314,-3.1261,-3.3392,-4.2396,-5.2987,2.0553,-6.0542,-3.0085,-6.7594,-9.6104,-8.2283,-7.4860,-1.8522,-5.3559,-7.0151,-6.5503,-6.3365,-8.4694,-8.6834,-7.9728,-10.0390,-9.0348,-6.3702,-5.8475,-7.3622,-6.8977,-5.8479,-4.8748,-3.9720,-3.1350,-2.3716,-1.6403,-0.9100,-0.3291,0.1973,0.6755,1.1106,1.5073,1.8698,2.2024,2.5088,2.7926,3.0572,3.3061,3.5429,3.7721,3.9994,4.2328,4.4855,4.7797,5.1579,5.7259,6.8090,7.9499,9.1258,10.3129,11.4806,12.6116,13.6947,14.7231,15.6933,16.6042,17.4563,18.2511,18.9910,19.6784,20.3163,20.9075,21.4550,21.9617,22.4305,22.8642,23.2655,23.6369,23.9809,24.2999,24.5958,24.8707,25.1264,25.3645,25.5866,25.7941,25.9882,26.1701,26.3407,26.5010,26.6518,26.7939,26.9279,27.0545,27.1741,27.2873,27.3946,27.4962,27.5926,27.6842,27.7712,27.8539,27.9325,28.0074,28.0787,28.1466,28.2113,28.2730,28.3318,28.3879,28.4414,28.4925,28.5413,28.5878,28.6323,28.6746,28.7149,28.7530,28.7874
45108.5833333,-1.0087,-8.2258,-3.1192,-14.3406,-15.5402,-19.2028,-9.7996,-11.7040,-15.4619,-14.4144,-17.6967,-16.9520,-14.8576,-13.5979,-12.0792,-16.2851,-16.5995,-16.2833,-9.2363,-11.3016,-7.6155,-6.3781,-11.7453,-13.2365,-18.6483,-11.8915,-0.0769,-12.2114,-4.8549,-4.6422,-1.5307,-3.7093,-7.5160,-5.4678,-4.5777,-12.4616,-14.5151,-9.1854,-14.8935,-8.5821,-15.5538,-5.9824,-12.8185,-17.5328,-17.5385,-12.8314,-15.4056,-14.3261,-10.6875,-13.5023,-10.0194,-11.9197,-11.6568,-1.2522,3.4468,-0.6350,-1.4710,-10.3116,-11.7982,-12.0358,-12.1946,0.6175,3.1628,-1.6290,-0.5154,-9.4084,-9.1441,-10.5281,-10.1034,-5.8853,-4.5674,-12.0163,-7.7374,-10.8458,-9.3070,-9.1859,-13.3242,-8.8838,-11.2627,-17.5456,-20.1737,-18.7703,-10.3748,-15.7394,-18.7627,-14.9067,-5.4686,-22.2940,-19.7344,-17.5548,-20.8935,-20.0849,-15.1225,-16.9156,-23.5483,-21.7511,-24.6130,-25.2762,-24.2637,-21.2366,-18.1555,-14.1545,-16.1890,-15.6548,-20.3376,-14.0247,-13.6276,-17.0494,-16.5260,-17.6271,-14.5478,-14.5109,-16.4514,-16.1293,-16.8609,-14.5769,-16.1774,-12.9084,-12.5441,-17.7294,-11.8842,-16.9404,-7.6911,-14.4106,-13.3993,-18.8603,-17.6110,-11.3589,-12.2561,-12.9238,-10.6600,-8.0988,-12.1332,-12.1067,-12.9532,-14.3192,-14.7596,-9.5654,-5.1485,-13.2373,-12.4783,-15.9054,-15.7091,-3.0050,-7.5861,-5.9858,-8.8371,-7.3862,-8.9687,-8.0117,-9.3280,-5.5724,-6.5159,-6.4319,-10.8611,-5.1530,-8.3668,-8.0687,-8.8020,-9.1051,-9.2080,-9.9745,-10.8813,-4.2588,-11.4657,-8.6011,-12.1335,-14.7878,-13.6074,-12.4480,-7.4379,-10.5843,-12.0946,-11.6921,-11.5203,-13.4625,-13.6848,-13.0581,-14.9233,-14.0464,-11.6942,-11.2385,-12.6164,-12.2463,-11.3536,-10.5328,-9.7762,-9.0789,-8.4486,-7.8424,-7.2280,-6.7615,-6.3441,-5.9699,-5.6343,-5.3331,-5.0626,-4.8192,-4.5996,-4.4007,-4.2201,-4.0553,-3.9040,-3.7639,-3.6330,-3.5085,-3.3858,-3.2578,-3.1135,-2.9346,-2.6901,-2.2511,-1.6251,-0.9278,-0.1992,0.5549,1.3140,2.0671,2.8101,3.5456,4.2798,5.0194,5.7692,6.5314,7.3056,8.0893,8.8782,9.6673,10.4511,11.2239,11.9804,12.7158,13.4258,14.1071,14.7571,15.3742,15.9574,16.5062,17.0211,17.5027,17.9521,18.3705,18.7597,19.1211,19.4565,19.7676,20.0561,20.3237,20.5718,20.8021,21.0159,21.2146,21.3994,21.5714,21.7317,21.8813,22.0211,22.1518,22.2743,22.3891,22.4968,22.5981,22.6934,22.7832,22.8678,22.9477,23.0232,23.0945,23.1620,23.2258,23.2859,23.3414,23.3886
45108.6250000,5.8113,-2.2223,3.7383,-8.6863,-9.7682,-13.5366,-3.3289,-5.0816,-9.0952,-7.7390,-11.3883,-10.5774,-9.7477,-8.4679,-6.8512,-11.7442,-12.2018,-11.8981,-3.7885,-6.2822,-2.1667,-0.7943,-6.9554,-8.7632,-14.9336,-7.1560,6.1478,-7.4691,0.6960,0.7565,4.2340,1.8200,-2.1000,0.7909,2.5025,-6.6918,-9.2987,-3.4833,-10.1897,-3.0785,-10.9867,-0.1508,-7.8715,-13.1716,-13.1836,-7.8399,-11.0850,-9.9234,-5.5726,-9.0103,-5.2962,-7.7686,-7.7178,3.1183,8.0376,3.6175,3.2246,-6.6513,-8.1919,-8.2623,-8.2292,6.6222,10.4782,5.1811,6.3035,-4.0560,-4.0670,-5.9648,-5.7128,-0.8858,0.7000,-7.6279,-2.6562,-6.0009,-3.9129,-2.9959,-7.6198,-2.5711,-5.1690,-12.1477,-14.9849,-13.2635,-3.7557,-9.6300,-12.9258,-8.4988,2.0047,-17.3561,-14.7318,-12.4496,-16.3081,-15.3860,-9.7674,-11.8095,-19.3264,-17.2894,-20.5376,-21.2940,-20.2053,-16.8002,-13.3634,-8.8182,-11.1713,-10.6504,-16.0090,-9.0685,-8.6442,-12.5470,-11.8676,-13.2702,-9.9432,-9.9989,-12.2851,-11.9793,-12.8597,-10.2998,-12.0990,-8.0824,-7.7438,-13.7215,-7.1800,-12.9721,-2.1439,-9.8865,-8.8382,-15.0891,-13.7359,-6.7344,-7.6127,-8.5285,-6.1051,-3.4773,-8.1410,-8.1216,-8.5688,-9.7526,-10.2625,-4.3980,0.6366,-8.4405,-7.4932,-11.3625,-11.1072,3.7250,-1.8058,-0.1621,-3.5443,-1.9657,-3.7457,-2.6023,-4.5305,-0.7631,-1.8787,-1.7917,-6.7886,-0.1925,-3.7874,-3.4117,-4.1406,-4.3597,-4.3708,-5.1315,-6.0426,1.5987,-6.3795,-2.8951,-6.6104,-9.4411,-8.0208,-6.9704,-1.2785,-4.8310,-6.5196,-6.0400,-5.8274,-7.9979,-8.2102,-7.4545,-9.5199,-8.4851,-5.7794,-5.2270,-6.7385,-6.2530,-5.1754,-4.1787,-3.2556,-2.4018,-1.6260,-0.8839,-0.1424,0.4369,0.9563,1.4224,1.8398,2.2134,2.5474,2.8460,3.1132,3.3535,3.5837,3.9373,4.4039,4.8704,5.3133,5.7533,6.1801,6.5963,7.0020,7.4000,7.7943,8.1806,8.5609,8.9376,9.3121,9.6859,10.0610,10.4396,10.8238,11.2161,11.6190,12.0347,12.4657,12.9135,13.3796,13.8646,14.3686,14.8908,15.4302,15.9852,16.5542,17.1352,17.7265,18.3262,18.9329,19.5449,20.1608,20.7790,21.3978,22.0155,22.6302,23.2397,23.8419,24.4344,25.0150,25.5814,26.1317,26.6639,27.1763,27.6679,28.1374,28.5842,29.0080,29.4086,29.7863,30.1414,30.4746,30.7865,31.0780,31.3502,31.6040,31.8405,32.0607,32.2658,32.4566,32.6344,32.7999,32.9541,33.0978,33.2317,33.3557,33.4674,33.5562
45108.6666667,1.8996,-4.0385,1.7881,-8.1592,-9.0348,-12.2852,-3.0958,-5.0878,-8.2887,-7.0671,-9.9198,-9.2041,-8.5257,-7.5559,-6.3279,-10.5342,-11.1298,-11.0038,-4.2879,-6.2970,-3.0061,-2.0397,-7.1208,-8.1512,-13.5137,-7.1564,3.1743,-8.3134,-1.5504,-1.3582,1.3564,-0.5839,-3.7933,-1.6171,-0.4470,-7.2860,-8.9353,-4.1453,-8.9784,-3.2496,-9.7386,-0.6666,-7.1356,-11.7608,-12.5731,-9.0817,-11.0534,-10.1234,-6.7803,-9.5432,-6.4008,-8.5045,-8.4766,-0.2372,3.6106,0.2998,0.2245,-7.6580,-8.7288,-8.7159,-8.6171,3.3958,6.4229,1.8127,2.6734,-5.1624,-4.7997,-6.1238,-5.8877,-1.8605,-0.5742,-7.2396,-3.1558,-5.8251,-4.2644,-3.5588,-7.1341,-2.7986,-4.7263,-10.5915,-12.9813,-11.7206,-3.9512,-8.8787,-11.6110,-8.2537,0.0566,-15.7623,-13.4664,-11.8841,-15.2733,-14.6665,-10.2345,-12.0006,-18.1459,-16.5313,-19.2486,-20.0057,-19.1851,-16.6192,-12.7837,-9.1726,-11.1333,-10.7299,-15.1430,-9.2127,-8.9058,-12.2287,-11.9763,-13.2222,-10.6247,-10.6880,-12.5740,-12.3423,-13.0919,-11.0462,-12.5362,-9.3832,-9.3371,-14.0806,-8.8176,-13.4852,-4.6178,-10.7348,-9.5636,-14.6700,-13.6750,-8.1793,-8.9548,-9.5377,-7.7608,-5.5582,-9.2968,-9.4057,-10.1866,-11.3466,-11.6231,-6.7727,-2.5801,-9.5472,-8.4135,-11.4798,-11.2822,0.7361,-3.6156,-2.0909,-4.7162,-3.3113,-4.5122,-4.0626,-5.7229,-2.6123,-3.1139,-2.8540,-6.8769,-1.6330,-4.5953,-4.2986,-4.8835,-5.0429,-4.9675,-5.5154,-6.1487,0.1885,-6.3526,-3.7111,-6.8566,-9.1994,-8.0478,-6.5385,-1.8541,-4.6333,-5.9387,-5.5050,-5.2997,-7.0461,-7.2061,-6.5676,-8.2280,-7.3908,-5.2206,-4.7676,-6.0024,-5.6530,-4.8289,-4.0776,-3.3896,-2.7592,-2.1943,-1.6490,-1.0863,-0.6465,-0.0845,0.4371,0.9458,1.4450,1.9082,2.3361,2.7310,3.0960,3.4360,3.7571,4.0655,4.3672,4.6664,4.9660,5.2672,5.5702,5.8747,6.1820,6.4936,6.8040,7.1129,7.4203,7.7253,8.0277,8.3275,8.6249,8.9201,9.2132,9.5045,9.7944,10.0833,10.3716,10.6599,10.9489,11.2392,11.5318,11.8276,12.1275,12.4326,12.7440,13.0627,13.3898,13.7262,14.0727,14.4301,14.7989,15.1794,15.5718,15.9761,16.3919,16.8187,17.2560,17.7028,18.1583,18.6213,19.0908,19.5654,20.0438,20.5246,21.0065,21.4880,21.9677,22.4439,22.9153,23.3803,23.8376,24.2856,24.7232,25.1491,25.5622,25.9614,26.3460,26.7153,27.0687,27.4059,27.7267,28.0308,28.3178,28.5860,28.8274,29.0120
45108.7083333,3.9452,-0.1065,3.9684,-2.6146,-3.0439,-5.1757,2.4592,1.2968,-0.9576,-0.2448,-2.3729,-2.0608,-1.5090,-0.9877,-0.2243,-3.2134,-3.6976,-3.6614,0.8378,-0.3927,2.0547,3.0657,-0.4955,-1.4019,-5.1736,-0.0313,6.7532,-1.3467,3.0572,2.8950,4.3165,2.7691,0.7756,2.4086,3.1399,-1.9406,-3.2517,-0.1597,-2.4381,1.5175,-2.8784,3.3121,-1.0210,-4.1464,-4.8140,-2.7331,-3.3767,-3.0280,-0.9049,-3.1217,-1.1364,-2.8172,-2.9660,1.9229,4.2550,2.0505,2.1649,-2.9980,-3.4775,-3.3670,-3.1673,5.1177,7.2799,4.2817,5.1001,0.3464,0.5593,-0.6096,-0.6577,2.1957,3.0680,-1.4535,1.3862,-0.3892,0.7021,1.1875,-0.9699,2.2448,0.9418,-3.0967,-4.7267,-3.8591,1.9308,-1.5745,-3.3326,-1.1551,4.6737,-6.4523,-5.2050,-4.4138,-7.0492,-6.7699,-4.0703,-5.5615,-9.9784,-9.0140,-11.0308,-11.7298,-11.1596,-9.5660,-5.1669,-2.7606,-4.3601,-4.3683,-7.7024,-3.1956,-3.1346,-5.6041,-5.6110,-6.6501,-5.0145,-5.1631,-6.5595,-6.4660,-6.9934,-5.6213,-6.5669,-4.5153,-4.6961,-7.8291,-4.3250,-7.6080,-1.5447,-5.7545,-4.9677,-8.3952,-7.6732,-3.8883,-4.3911,-4.6202,-3.3554,-1.8432,-4.3933,-4.5365,-5.1519,-6.1213,-6.4675,-3.3551,-0.6834,-5.5457,-4.7535,-6.6683,-6.4106,1.9195,-0.9167,0.5085,-1.2166,-0.1427,-0.8352,-0.4629,-1.6152,0.6986,0.3972,0.6915,-1.9351,1.7196,-0.1909,0.4044,0.1087,0.1704,0.4262,0.0745,-0.3518,4.0088,-0.4934,1.2696,-0.9849,-2.7699,-2.1412,-0.1509,2.9608,1.0424,0.0945,0.3688,0.5025,-0.7114,-0.8191,-0.3701,-1.4990,-0.9087,0.5818,0.9240,0.0916,0.3388,0.9133,1.4340,1.9171,2.4115,2.9139,3.4301,3.9795,4.3975,4.7816,5.1363,5.4649,5.7698,6.0530,6.3174,6.5656,6.7998,7.0218,7.2337,7.4370,7.6332,7.8235,8.0089,8.1901,8.3679,8.5431,8.7180,8.8949,9.0706,9.2457,9.4211,9.5969,9.7738,9.9525,10.1337,10.3180,10.5059,10.6978,10.8939,11.0942,11.2986,11.5069,11.7189,11.9342,12.1524,12.3732,12.5964,12.8216,13.0486,13.2774,13.5078,13.7398,13.9736,14.2092,14.4469,14.6870,14.9298,15.1757,15.4251,15.6785,15.9365,16.1994,16.4679,16.7424,17.0234,17.3112,17.6063,17.9088,18.2189,18.5368,18.8624,19.1956,19.5361,19.8836,20.2376,20.5976,20.9629,21.3328,21.7065,22.0831,22.4616,22.8412,23.2207,23.5991,23.9754,24.3482,24.7155,25.0728,25.4052,25.6621
45108.7500000,3.8602,4.1758,3.7724,4.0963,3.8107,3.6468,7.4266,7.2614,7.2159,6.7809,6.6087,6.1809,7.5768,7.1181,6.6388,6.3755,5.9141,5.4696,4.7077,4.6012,4.1961,3.9188,4.0561,3.9228,3.8409,6.3567,5.5310,5.8368,5.6608,5.4789,4.9314,4.7217,4.5622,4.2181,3.9016,3.9253,3.8696,3.2229,6.3770,5.6033,5.6119,4.8533,4.9200,4.6962,3.8991,2.9438,6.3237,5.7723,5.2355,4.9845,4.4663,4.2030,3.9113,2.5743,2.4569,2.8661,3.0685,3.5971,4.1076,4.0670,4.1960,3.6685,3.7582,4.2231,4.2333,6.1704,6.3904,6.3727,6.3499,6.0960,6.0381,6.3704,5.9476,5.9531,5.5755,5.3732,5.4239,5.4652,5.2584,5.1689,4.9526,4.6110,5.3236,5.2184,5.7366,4.9190,3.9206,4.3812,3.7727,3.1360,2.5986,1.9377,1.2644,1.0639,1.1517,0.7474,0.5914,0.1756,0.1601,-0.6642,5.0956,4.3211,3.7976,3.1061,2.7176,4.0059,3.4639,3.0920,2.5670,2.1744,1.6300,1.3930,1.2901,1.0810,0.8765,0.5131,0.5490,0.2164,-0.0207,0.7998,0.2386,0.4356,-0.1537,0.1466,-0.0981,0.1563,-0.0204,-0.4428,-0.4071,0.0440,-0.0247,-0.1125,0.1008,0.0353,0.1382,0.0770,0.0274,-0.3458,-0.6348,-0.1567,-0.2596,0.2206,0.1225,-0.6106,-0.1438,0.0564,0.4095,0.5246,0.9106,1.6532,2.4730,3.0494,3.3737,3.5276,4.0245,3.7867,4.0765,5.1485,5.1887,5.2070,5.5841,5.5895,5.5820,5.2240,5.6276,5.3882,5.4567,5.4048,5.1159,8.5933,8.0390,8.1027,7.9896,7.7872,7.6585,7.5970,7.4425,7.2187,7.1494,6.9682,6.6739,6.5633,6.4876,6.2838,6.0922,5.8985,5.7164,5.5558,5.4030,5.2984,5.2697,5.1550,5.0485,4.9513,4.8629,4.7824,4.7091,4.6427,4.5833,4.5302,4.4833,4.4422,4.4067,4.3765,4.3518,4.3321,4.3176,4.3083,4.3043,4.3070,4.3181,4.3345,4.3563,4.3835,4.4158,4.4531,4.4952,4.5422,4.5940,4.6506,4.7119,4.7779,4.8486,4.9238,5.0038,5.0884,5.1776,5.2717,5.3705,5.4742,5.5829,5.6966,5.8154,5.9392,6.0681,6.2019,6.3406,6.4841,6.6322,6.7847,6.9414,7.1021,7.2666,7.4346,7.6061,7.7808,7.9585,8.1393,8.3231,8.5098,8.6995,8.8922,9.0880,9.2872,9.4898,9.6961,9.9063,10.1206,10.3392,10.5623,10.7902,11.0231,11.2610,11.5041,11.7525,12.0062,12.2651,12.5290,12.7976,13.0696,13.3413,13.5999,13.8011
45108.7916667,-3.1788,-3.8907,-3.5081,-4.5358,-4.7645,-5.4189,-1.0452,-1.5564,-2.0920,-2.2389,-2.7315,-2.9413,-1.6421,-1.8620,-2.0149,-2.7686,-3.1316,-3.3703,-3.0418,-3.3298,-3.1033,-3.1343,-3.6510,-3.9376,-4.6094,-1.6320,-0.8810,-2.2320,-1.3889,-1.5377,-1.6714,-2.2608,-2.8759,-2.9253,-3.1556,-4.1060,-4.3173,-4.1496,-2.1934,-1.8247,-2.5567,-1.7958,-2.5516,-3.2225,-3.8886,-4.2261,-1.9424,-2.2394,-2.1693,-2.8124,-2.8552,-3.4344,-3.8127,-4.6576,-5.4531,-5.7457,-5.6972,-6.4547,-6.2097,-6.2550,-6.1519,-4.9109,-4.5033,-4.7935,-4.6309,-4.0318,-3.7630,-3.9889,-4.0706,-3.6403,-3.4428,-3.9963,-3.5870,-3.7939,-3.7036,-3.6917,-4.0166,-3.1483,-3.4029,-4.0749,-4.4143,-4.3889,-2.5724,-3.1992,-2.9561,-2.9302,-2.3869,-4.1556,-4.2446,-4.3853,-5.0717,-5.3614,-5.1795,-5.5782,-6.3397,-6.3714,-6.8600,-7.2570,-7.0794,-7.2763,-2.4347,-2.4848,-3.1524,-3.6501,-4.6860,-2.9079,-3.3330,-4.2333,-4.7634,-5.4247,-5.6905,-5.9832,-6.4462,-6.6569,-7.0261,-7.0933,-7.4105,-7.3983,-7.8444,-7.9871,-7.7960,-8.4549,-7.7623,-8.5411,-8.6833,-9.2322,-9.2391,-8.8749,-9.0269,-8.8290,-8.7448,-8.6059,-8.9776,-9.1221,-9.1993,-9.4271,-9.4932,-9.1605,-8.8689,-9.5526,-9.5201,-9.5623,-9.6109,-8.5950,-9.0034,-8.6546,-8.8587,-8.6993,-8.7751,-8.7401,-8.6215,-7.9151,-7.7152,-7.5104,-7.6068,-6.9556,-7.0187,-5.8646,-5.7554,-5.6171,-5.1450,-5.1024,-5.1089,-4.3889,-4.9068,-4.6105,-4.8797,-5.1299,-5.0924,-1.7552,-1.4333,-1.6927,-1.8773,-1.9031,-1.9287,-2.1857,-2.2742,-2.2955,-2.5282,-2.4864,-2.3545,-2.3301,-2.5053,-2.5544,-2.5469,-2.5514,-2.5577,-2.5613,-2.5720,-2.5504,-2.4686,-2.4834,-2.5020,-2.5221,-2.5433,-2.5652,-2.5877,-2.6097,-2.6307,-2.6501,-2.6676,-2.6827,-2.6952,-2.7048,-2.7111,-2.7141,-2.7136,-2.7093,-2.7013,-2.6882,-2.6688,-2.6455,-2.6185,-2.5877,-2.5533,-2.5157,-2.4748,-2.4309,-2.3838,-2.3336,-2.2804,-2.2242,-2.1649,-2.1026,-2.0372,-1.9688,-1.8973,-1.8227,-1.7449,-1.6640,-1.5799,-1.4926,-1.4020,-1.3083,-1.2113,-1.1110,-1.0075,-0.9006,-0.7904,-0.6768,-0.5599,-0.4396,-0.3158,-0.1886,-0.0580,0.0761,0.2136,0.3544,0.4987,0.6463,0.7971,0.9510,1.1081,1.2681,1.4310,1.5967,1.7650,1.9359,2.1093,2.2851,2.4632,2.6436,2.8263,3.0112,3.1983,3.3878,3.5796,3.7737,3.9701,4.1682,4.3656,4.5537,4.7014
45108.8333333,-11.0146,-10.7341,-11.5715,-10.8976,-11.1661,-11.3598,-8.1281,-8.4744,-8.5258,-9.0290,-9.1138,-9.5791,-7.8735,-8.4332,-8.9701,-9.0740,-9.4612,-9.8248,-10.8642,-10.9135,-11.4885,-11.8675,-11.4740,-11.5581,-11.2870,-9.1069,-10.3483,-9.4611,-9.7920,-9.9043,-10.4651,-10.5426,-10.5643,-11.0928,-11.5945,-11.2911,-11.1669,-11.9404,-8.6091,-9.5480,-9.1464,-10.1746,-9.7397,-9.6140,-10.2076,-11.1935,-7.8894,-8.3857,-8.9925,-9.0965,-9.7824,-10.0196,-10.4533,-12.8251,-14.3819,-14.0338,-14.0053,-13.2847,-12.8224,-12.9433,-12.9153,-14.0613,-14.3113,-13.8625,-13.9987,-11.7739,-11.6870,-11.8577,-12.1280,-12.5842,-12.6680,-11.9786,-12.4341,-12.1792,-12.4504,-12.5288,-12.1813,-12.0694,-11.9810,-11.5643,-11.4540,-11.6831,-11.1761,-10.8754,-9.9896,-10.6871,-11.8824,-10.5605,-11.0743,-11.5909,-11.6606,-12.1263,-12.8231,-12.8705,-12.4141,-12.7614,-12.6783,-12.8864,-12.7223,-13.3905,-8.2378,-9.0347,-9.3295,-9.8823,-9.9858,-9.0185,-9.5164,-9.7425,-10.3171,-10.7505,-11.5803,-11.9164,-12.0634,-12.3774,-12.6802,-13.2298,-13.3205,-13.9699,-14.5421,-13.7240,-14.6600,-14.4713,-15.5754,-15.2985,-15.7678,-15.4167,-15.7329,-16.5252,-16.6102,-16.3314,-16.6677,-17.0058,-16.7325,-16.9241,-16.8835,-16.9409,-17.0167,-17.7060,-18.2572,-17.5901,-17.7961,-17.2265,-17.3455,-18.6575,-18.1902,-18.1538,-17.8154,-17.9048,-17.7793,-18.0654,-17.8825,-17.9588,-17.6482,-17.5162,-16.8278,-17.2114,-16.7495,-15.4060,-15.2294,-15.0983,-14.5529,-14.4079,-14.2798,-14.7745,-14.0101,-14.2031,-13.8257,-13.5527,-13.6797,-9.7791,-10.3333,-10.0030,-9.9097,-10.0112,-10.0441,-9.9338,-9.9680,-10.1060,-10.0121,-10.1394,-10.4427,-10.4964,-10.4469,-10.5869,-10.7699,-10.9592,-11.1430,-11.3157,-11.4863,-11.6158,-11.6775,-11.8243,-11.9663,-12.1020,-12.2315,-12.3554,-12.4738,-12.5866,-12.6938,-12.7954,-12.8917,-12.9827,-13.0685,-13.1493,-13.2250,-13.2960,-13.3620,-13.4233,-13.4796,-13.5300,-13.5736,-13.6123,-13.6461,-13.6748,-13.6988,-13.7180,-13.7327,-13.7427,-13.7481,-13.7490,-13.7455,-13.7375,-13.7253,-13.7088,-13.6881,-13.6634,-13.6348,-13.6023,-13.5660,-13.5261,-13.4826,-13.4357,-13.3853,-13.3316,-13.2746,-13.2143,-13.1509,-13.0844,-13.0148,-12.9422,-12.8665,-12.7878,-12.7061,-12.6214,-12.5339,-12.4433,-12.3499,-12.2535,-12.1542,-12.0521,-11.9471,-11.8391,-11.7284,-11.6147,-11.4982,-11.3789,-11.2568,-11.1319,-11.0043,-10.8739,-10.7408,-10.6051,-10.4668,-10.3260,-10.1826,-10.0369,-9.8888,-9.7385,-9.5862,-9.4324,-9.2791,-9.1331,-9.0186
45108.8750000,-45.9878,-56.1322,-46.4018,-62.0686,-62.1873,-67.1833,-55.0978,-58.2323,-63.1516,-60.2226,-64.4851,-62.6105,-63.0289,-61.0827,-58.4533,-65.3298,-65.7872,-64.8609,-53.5428,-56.0578,-49.3316,-46.7261,-54.9000,-56.6058,-64.3940,-55.4171,-38.1576,-57.8197,-47.4560,-48.0340,-44.4191,-48.4962,-53.2291,-48.9683,-46.9379,-57.9221,-60.2636,-52.1823,-62.1515,-50.9435,-61.2731,-45.3632,-55.6708,-62.4997,-63.0056,-56.6023,-63.3640,-61.3286,-55.1324,-59.9947,-54.6902,-58.4670,-58.8899,-49.7990,-48.7532,-55.0599,-55.3290,-68.5637,-70.3076,-69.7417,-69.2731,-48.7968,-44.1157,-51.7366,-49.9200,-63.9052,-63.6446,-66.8025,-67.7796,-60.2578,-57.8460,-68.9167,-61.1610,-65.0414,-61.7513,-60.2879,-64.8850,-56.1685,-58.0759,-66.4980,-69.0770,-65.7998,-52.4290,-59.6495,-63.7018,-56.5224,-41.0279,-67.6322,-63.4667,-59.8340,-64.4979,-62.1313,-53.7964,-56.6927,-67.1661,-64.0552,-68.5563,-69.5353,-68.1896,-63.1247,-62.7892,-56.0079,-59.0965,-58.1762,-65.7331,-57.2629,-56.2554,-61.7982,-61.4040,-63.7924,-59.6525,-59.9526,-63.4662,-63.1398,-64.4264,-60.7585,-63.4297,-58.4672,-59.3913,-68.4626,-59.5835,-68.1499,-53.1953,-64.0944,-62.5202,-71.2215,-69.4522,-60.3399,-62.0638,-63.8439,-61.1834,-57.7961,-64.0727,-64.3018,-65.8313,-67.8748,-68.5569,-60.7344,-54.5866,-67.3839,-66.0292,-71.7657,-71.3963,-51.3066,-59.7300,-56.9966,-61.9960,-60.0135,-62.7682,-64.5219,-69.5595,-66.0693,-67.1661,-66.5984,-73.2701,-63.8989,-68.5941,-68.1317,-68.4257,-67.9025,-67.2586,-67.5738,-68.1124,-56.7554,-67.6754,-62.7748,-67.8857,-71.6123,-69.3443,-68.7777,-60.2558,-64.7006,-66.5311,-65.3170,-64.6168,-67.2472,-67.0362,-65.2893,-67.5911,-65.6725,-61.4761,-60.2577,-61.8674,-60.6994,-58.7223,-56.8772,-55.1580,-53.5597,-52.0883,-50.7008,-49.3643,-48.2194,-47.1709,-46.2095,-45.3274,-44.5177,-43.7739,-43.0896,-42.4591,-41.8772,-41.3394,-40.8413,-40.3792,-39.9496,-39.5495,-39.1758,-38.8262,-38.4983,-38.1897,-37.8980,-37.6206,-37.3574,-37.1072,-36.8685,-36.6404,-36.4219,-36.2122,-36.0104,-35.8158,-35.6275,-35.4451,-35.2678,-35.0952,-34.9267,-34.7618,-34.6002,-34.4415,-34.2852,-34.1310,-33.9787,-33.8279,-33.6784,-33.5300,-33.3824,-33.2354,-33.0889,-32.9428,-32.7969,-32.6510,-32.5052,-32.3592,-32.2131,-32.0668,-31.9201,-31.7730,-31.6256,-31.4777,-31.3293,-31.1803,-31.0308,-30.8807,-30.7298,-30.5783,-30.4261,-30.2731,-30.1193,-29.9647,-29.8093,-29.6529,-29.4956,-29.3374,-29.1782,-29.0179,-28.8567,-28.6944,-28.5310,-28.3665,-28.2010,-28.0346,-27.8675,-27.7013,-27.5412,-27.4064
45108.9166667,-51.0163,-61.1791,-51.5800,-67.1875,-67.3239,-72.2444,-60.3242,-63.3404,-68.1722,-65.2188,-69.4043,-67.5065,-67.5719,-65.6483,-63.0652,-69.9390,-70.4574,-69.6084,-58.4512,-61.0197,-54.4048,-51.8774,-60.0500,-61.7904,-69.5602,-60.7790,-43.6518,-63.1960,-52.9486,-53.5576,-50.0047,-54.0922,-58.8189,-54.6011,-52.5780,-63.4657,-65.7650,-57.7002,-67.5693,-56.4078,-66.6290,-50.8117,-61.0184,-67.7585,-68.1609,-61.7414,-68.5325,-66.5149,-60.3743,-65.2015,-59.9327,-63.6742,-64.1069,-55.0751,-54.1691,-60.4976,-60.8222,-74.0080,-75.7859,-75.2428,-74.7906,-54.4613,-49.8140,-57.3817,-55.5775,-69.4520,-69.2049,-72.3855,-73.5235,-66.1557,-63.8514,-74.9231,-67.2804,-71.1943,-68.0044,-66.6210,-71.2228,-62.5818,-64.4818,-72.8388,-75.3937,-72.1264,-58.7838,-65.9207,-69.9131,-62.7258,-47.2852,-73.6581,-69.4736,-65.8152,-70.3868,-67.9808,-59.6504,-62.4847,-72.8554,-69.7430,-74.1804,-75.1086,-73.7361,-68.6525,-68.3859,-61.6397,-64.6803,-63.7263,-71.1768,-62.7139,-61.6627,-67.0880,-66.6124,-68.8962,-64.6986,-64.9523,-68.3998,-68.0478,-69.2908,-65.6216,-68.2491,-63.2891,-64.1219,-73.1362,-64.2924,-72.7873,-57.9492,-68.7807,-67.2314,-75.8989,-74.1606,-65.1275,-66.8671,-68.6867,-66.0870,-62.7747,-69.0666,-69.3636,-70.9670,-73.0816,-73.8361,-66.1422,-60.1239,-72.9227,-71.6660,-77.4502,-77.1639,-57.2978,-65.7493,-63.1014,-68.1398,-66.2402,-69.0775,-71.0740,-76.3639,-73.2024,-74.3748,-73.8718,-80.5633,-71.3069,-76.0204,-75.5204,-75.8426,-75.3458,-74.6868,-75.0104,-75.5510,-64.2753,-75.1210,-70.2499,-75.3188,-79.0194,-76.7695,-76.1217,-67.6550,-72.0629,-73.8716,-72.6566,-71.9491,-74.5445,-74.3145,-72.5617,-74.8276,-72.9003,-68.7085,-67.4751,-69.0461,-67.8493,-65.8464,-63.9723,-62.2217,-60.5904,-59.0848,-57.6634,-56.2947,-55.1161,-54.0352,-53.0430,-52.1322,-51.2960,-50.5281,-49.8222,-49.1727,-48.5745,-48.0229,-47.5135,-47.0426,-46.6064,-46.2019,-45.8260,-45.4762,-45.1499,-44.8449,-44.5587,-44.2888,-44.0348,-43.7953,-43.5689,-43.3544,-43.1510,-42.9575,-42.7731,-42.5969,-42.4282,-42.2662,-42.1103,-41.9599,-41.8143,-41.6732,-41.5359,-41.4021,-41.2714,-41.1434,-41.0177,-40.8940,-40.7721,-40.6516,-40.5324,-40.4141,-40.2966,-40.1797,-40.0632,-39.9469,-39.8307,-39.7145,-39.5980,-39.4812,-39.3640,-39.2463,-39.1280,-39.0090,-38.8893,-38.7687,-38.6473,-38.5251,-38.4018,-38.2776,-38.1525,-38.0263,-37.8991,-37.7709,-37.6416,-37.5113,-37.3800,-37.2477,-37.1143,-36.9800,-36.8446,-36.7081,-36.5707,-36.4323,-36.2929,-36.1526,-36.0117,-35.8714,-35.7357,-35.6199
45108.9583333,-51.8048,-62.1856,-52.3769,-68.3412,-68.4907,-73.5172,-61.5774,-64.6588,-69.6000,-66.5796,-70.8448,-68.8801,-68.5513,-66.5464,-63.8761,-70.8549,-71.3567,-70.4841,-59.0824,-61.7333,-55.0055,-52.4601,-60.8616,-62.6917,-70.6855,-61.9380,-44.4817,-64.5015,-54.0985,-54.7526,-51.1390,-55.3368,-60.1878,-55.8938,-53.8379,-64.9828,-67.3644,-59.1268,-69.3056,-57.8901,-68.3303,-52.1631,-62.5852,-69.4465,-69.7757,-63.1268,-70.1609,-68.0531,-61.7543,-66.6422,-61.2223,-65.0064,-65.4222,-56.0490,-55.0610,-61.5643,-61.9347,-75.4451,-77.3212,-76.8004,-76.3821,-55.6505,-50.9456,-58.7211,-56.9115,-71.1551,-70.9234,-74.1436,-75.2681,-67.7523,-65.4242,-76.7684,-68.9840,-73.0239,-69.8247,-68.4945,-73.2591,-64.5041,-66.4995,-75.1063,-77.7584,-74.4522,-60.8512,-68.1704,-72.3079,-64.9600,-49.1649,-76.1006,-71.7923,-68.0121,-72.6355,-70.1324,-61.5811,-64.4469,-75.0237,-71.8225,-76.3334,-77.2496,-75.8367,-70.5976,-70.3931,-63.4602,-66.5202,-65.4942,-73.0552,-64.4206,-63.3080,-68.8019,-68.2623,-70.5380,-66.1831,-66.4029,-69.8844,-69.4899,-70.7153,-66.9248,-69.5722,-64.4540,-65.1982,-74.4030,-65.3043,-73.9349,-58.7349,-69.7498,-68.1209,-76.9644,-75.1700,-65.9148,-67.6821,-69.5562,-66.8953,-63.5154,-69.9610,-70.2753,-71.9443,-74.1373,-74.9444,-67.1112,-61.0013,-74.1338,-72.9010,-78.8805,-78.6433,-58.4000,-67.1075,-64.4642,-69.6821,-67.8068,-70.8009,-73.0528,-78.6720,-75.6728,-76.9472,-76.4922,-83.4072,-74.0113,-78.9073,-78.4754,-78.8690,-78.4204,-77.7824,-78.1487,-78.7308,-67.2410,-78.3678,-73.4314,-78.6592,-82.4715,-80.1879,-79.5813,-70.9271,-75.4361,-77.2854,-76.0418,-75.3178,-77.9680,-77.7308,-75.9357,-78.2484,-76.2752,-71.9851,-70.7213,-72.3214,-71.0913,-69.0364,-67.1118,-65.3122,-63.6333,-62.0812,-60.6150,-59.2032,-57.9805,-56.8558,-55.8199,-54.8654,-53.9854,-53.1736,-52.4238,-51.7304,-51.0885,-50.4936,-49.9415,-49.4288,-48.9520,-48.5081,-48.0945,-47.7087,-47.3485,-47.0118,-46.6962,-46.3997,-46.1215,-45.8603,-45.6148,-45.3837,-45.1660,-44.9607,-44.7668,-44.5833,-44.4094,-44.2443,-44.0872,-43.9375,-43.7944,-43.6573,-43.5258,-43.3993,-43.2772,-43.1592,-43.0448,-42.9336,-42.8252,-42.7194,-42.6158,-42.5141,-42.4140,-42.3154,-42.2178,-42.1212,-42.0253,-41.9300,-41.8350,-41.7402,-41.6455,-41.5506,-41.4556,-41.3602,-41.2644,-41.1680,-41.0710,-40.9733,-40.8748,-40.7755,-40.6752,-40.5739,-40.4716,-40.3683,-40.2638,-40.1583,-40.0515,-39.9436,-39.8345,-39.7241,-39.6126,-39.4998,-39.3858,-39.2706,-39.1542,-39.0367,-38.9183,-38.8000,-38.6848,-38.5846
