File Created:,Thu Apr  4 08:02:33 2024
Heat Source Version:,9.0.0b26
Simulation Name:,WFK23
User Text:,Westfork Kickapoo
Output:,Convection Flux (watts/square meter)
""
Datetime,27.200,27.100,27.000,26.900,26.800,26.700,26.600,26.500,26.400,26.300,26.200,26.100,26.000,25.900,25.800,25.700,25.600,25.500,25.400,25.300,25.200,25.100,25.000,24.900,24.800,24.700,24.600,24.500,24.400,24.300,24.200,24.100,24.000,23.900,23.800,23.700,23.600,23.500,23.400,23.300,23.200,23.100,23.000,22.900,22.800,22.700,22.600,22.500,22.400,22.300,22.200,22.100,22.000,21.900,21.800,21.700,21.600,21.500,21.400,21.300,21.200,21.100,21.000,20.900,20.800,20.700,20.600,20.500,20.400,20.300,20.200,20.100,20.000,19.900,19.800,19.700,19.600,19.500,19.400,19.300,19.200,19.100,19.000,18.900,18.800,18.700,18.600,18.500,18.400,18.300,18.200,18.100,18.000,17.900,17.800,17.700,17.600,17.500,17.400,17.300,17.200,17.100,17.000,16.900,16.800,16.700,16.600,16.500,16.400,16.300,16.200,16.100,16.000,15.900,15.800,15.700,15.600,15.500,15.400,15.300,15.200,15.100,15.000,14.900,14.800,14.700,14.600,14.500,14.400,14.300,14.200,14.100,14.000,13.900,13.800,13.700,13.600,13.500,13.400,13.300,13.200,13.100,13.000,12.900,12.800,12.700,12.600,12.500,12.400,12.300,12.200,12.100,12.000,11.900,11.800,11.700,11.600,11.500,11.400,11.300,11.200,11.100,11.000,10.900,10.800,10.700,10.600,10.500,10.400,10.300,10.200,10.100,10.000,9.900,9.800,9.700,9.600,9.500,9.400,9.300,9.200,9.100,9.000,8.900,8.800,8.700,8.600,8.500,8.400,8.300,8.200,8.100,8.000,7.900,7.800,7.700,7.600,7.500,7.400,7.300,7.200,7.100,7.000,6.900,6.800,6.700,6.600,6.500,6.400,6.300,6.200,6.100,6.000,5.900,5.800,5.700,5.600,5.500,5.400,5.300,5.200,5.100,5.000,4.900,4.800,4.700,4.600,4.500,4.400,4.300,4.200,4.100,4.000,3.900,3.800,3.700,3.600,3.500,3.400,3.300,3.200,3.100,3.000,2.900,2.800,2.700,2.600,2.500,2.400,2.300,2.200,2.100,2.000,1.900,1.800,1.700,1.600,1.500,1.400,1.300,1.200,1.100,1.000,0.900,0.800,0.700,0.600,0.500,0.400,0.300,0.200,0.100,0.000
45108.0000000,-7.3170,-7.3174,-7.3181,-7.3187,-7.3195,-7.3195,-7.3196,-7.3197,-7.3197,-7.3198,-7.3199,-7.3199,-7.3200,-7.3200,-7.3202,-7.3202,-7.3203,-7.3204,-7.3205,-7.3209,-7.3215,-7.3219,-7.3225,-7.3230,-7.3235,-7.3244,-7.3246,-7.3248,-7.3250,-7.3252,-7.3253,-7.3254,-7.3256,-7.3260,-7.3261,-7.3263,-7.3265,-7.3266,-7.3266,-7.3275,-7.3277,-7.3284,-7.3288,-7.3293,-7.3292,-7.3292,-7.3293,-7.3294,-7.3299,-7.3300,-7.3301,-7.3301,-7.3307,-7.3306,-7.3307,-7.3306,-7.3305,-7.3305,-7.3304,-7.3305,-7.3305,-7.3304,-7.3305,-7.3302,-7.3340,-7.3342,-7.3342,-7.3342,-7.3342,-7.3342,-7.3342,-7.3345,-7.3348,-7.3353,-7.3353,-7.3353,-7.3352,-7.3359,-7.3388,-7.3388,-7.3388,-7.3388,-7.3403,-7.3406,-7.3405,-7.3405,-7.3403,-7.3404,-7.3403,-7.3403,-7.3417,-7.3415,-7.3409,-7.3415,-7.3416,-7.3435,-7.3435,-7.3435,-7.3435,-7.3436,-7.3437,-7.3439,-7.3438,-7.3438,-7.3437,-7.3441,-7.3444,-7.3441,-7.3441,-7.3443,-7.3448,-7.3453,-7.3457,-7.3464,-7.3468,-7.3474,-7.3478,-7.3483,-7.3483,-7.3485,-7.3486,-7.3487,-7.3491,-7.3491,-7.3492,-7.3494,-7.3496,-7.3497,-7.3499,-7.3500,-7.3501,-7.3503,-7.3508,-7.3507,-7.3506,-7.3511,-7.3512,-7.3507,-7.3514,-7.3515,-7.3517,-7.3518,-7.3520,-7.3521,-7.3521,-7.3527,-7.3529,-7.3531,-7.3533,-7.3532,-7.3532,-7.3533,-7.3533,-7.3535,-7.3536,-7.3537,-7.3538,-7.3538,-7.3537,-7.3537,-7.3539,-7.3540,-7.3545,-7.3547,-7.3547,-7.3547,-7.3547,-7.3547,-7.3547,-7.3547,-7.3547,-7.3547,-7.3547,-7.3547,-7.3547,-7.3547,-7.3548,-7.3546,-7.3547,-7.3551,-7.3553,-7.3555,-7.3559,-7.3562,-7.3566,-7.3570,-7.3573,-7.3577,-7.3581,-7.3585,-7.3588,-7.3592,-7.3596,-7.3599,-7.3603,-7.3607,-7.3610,-7.3614,-7.3618,-7.3622,-7.3625,-7.3629,-7.3633,-7.3636,-7.3640,-7.3644,-7.3647,-7.3651,-7.3655,-7.3659,-7.3662,-7.3666,-7.3670,-7.3673,-7.3677,-7.3681,-7.3684,-7.3688,-7.3692,-7.3696,-7.3699,-7.3703,-7.3707,-7.3710,-7.3714,-7.3718,-7.3721,-7.3725,-7.3729,-7.3733,-7.3736,-7.3740,-7.3744,-7.3747,-7.3751,-7.3755,-7.3758,-7.3762,-7.3766,-7.3770,-7.3773,-7.3777,-7.3781,-7.3784,-7.3788,-7.3792,-7.3796,-7.3799,-7.3803,-7.3807,-7.3810,-7.3814,-7.3818,-7.3821,-7.3825,-7.3829,-7.3833,-7.3836,-7.3840,-7.3844,-7.3847,-7.3851,-7.3855,-7.3858,-7.3862,-7.3866,-7.3870,-7.3873,-7.3877,-7.3881,-7.3884,-7.3888,-7.3892
45108.0416667,-6.4130,-6.4654,-6.4897,-6.4407,-6.4138,-6.5142,-3.9913,-4.2501,-4.4441,-4.6760,-5.0046,-5.3885,-1.9567,-2.5593,-3.1055,-3.9407,-4.7122,-5.2915,-5.9173,-6.1908,-6.3733,-6.5414,-6.5722,-6.5854,-6.5575,-4.8652,-4.9832,-5.1787,-5.1587,-5.4275,-5.8694,-6.2313,-6.4411,-6.5770,-6.7310,-6.7531,-6.5384,-6.5625,-4.4873,-4.5450,-4.6098,-4.6484,-4.7828,-5.0027,-5.5958,-6.1481,-4.3742,-4.6267,-4.7808,-5.0885,-5.3820,-5.7785,-6.0320,-7.0006,-7.4134,-7.3335,-7.2021,-7.1075,-6.7608,-6.6636,-6.5021,-6.3807,-6.3397,-6.3291,-6.3530,-5.4483,-5.5249,-6.0225,-6.6280,-6.7451,-6.7883,-6.8210,-6.8268,-6.8135,-6.8932,-6.9068,-6.8011,-6.3240,-6.2654,-6.2684,-6.2156,-6.1892,-5.2566,-5.3401,-5.0046,-5.2463,-5.5506,-5.8222,-6.0647,-6.2987,-6.4845,-6.5804,-6.6078,-6.6608,-6.6678,-6.6618,-6.6613,-6.6857,-6.3899,-6.4446,-3.5715,-3.7220,-3.9663,-4.2869,-4.7139,-3.8466,-4.2411,-4.7604,-5.2510,-5.7227,-6.1493,-6.3719,-6.5670,-6.6913,-6.8223,-6.8961,-6.8967,-6.9332,-7.0193,-6.7036,-6.7426,-6.7456,-6.7053,-6.7239,-6.7736,-6.7566,-6.7842,-6.8430,-6.8851,-6.7223,-6.7632,-6.7929,-6.7962,-6.8470,-6.8192,-6.8602,-6.8789,-6.9683,-7.0585,-7.0982,-7.1402,-6.9938,-7.0151,-7.0653,-7.0972,-6.9926,-6.9856,-6.9834,-7.0328,-7.3551,-7.5461,-7.6308,-7.5350,-7.4709,-7.3453,-7.2831,-7.2434,-6.5647,-6.5538,-6.5473,-6.3025,-6.2941,-6.3023,-6.2865,-6.3789,-6.5088,-6.7427,-6.9444,-7.1189,-5.0061,-5.1954,-5.3322,-5.5039,-5.6202,-5.7212,-5.8659,-5.9901,-6.0640,-6.1470,-6.2088,-6.2906,-6.3167,-6.3745,-6.4532,-6.5183,-6.5824,-6.6387,-6.6847,-6.7271,-6.7428,-6.7161,-6.7448,-6.7725,-6.7989,-6.8243,-6.8490,-6.8731,-6.8967,-6.9195,-6.9416,-6.9630,-6.9834,-7.0029,-7.0213,-7.0385,-7.0544,-7.0690,-7.0824,-7.0944,-7.1052,-7.1149,-7.1236,-7.1314,-7.1384,-7.1448,-7.1506,-7.1559,-7.1609,-7.1655,-7.1698,-7.1739,-7.1778,-7.1815,-7.1850,-7.1884,-7.1916,-7.1946,-7.1976,-7.2004,-7.2032,-7.2058,-7.2083,-7.2108,-7.2131,-7.2154,-7.2176,-7.2197,-7.2218,-7.2238,-7.2258,-7.2277,-7.2295,-7.2313,-7.2330,-7.2347,-7.2364,-7.2380,-7.2396,-7.2411,-7.2426,-7.2441,-7.2455,-7.2469,-7.2483,-7.2497,-7.2510,-7.2523,-7.2535,-7.2548,-7.2560,-7.2572,-7.2584,-7.2595,-7.2607,-7.2618,-7.2629,-7.2640,-7.2651,-7.2661,-7.2671,-7.2680,-7.2686,-7.2684
45108.0833333,-5.5807,-5.6604,-5.7118,-5.6933,-5.6926,-5.8152,-3.3484,-3.5349,-3.6339,-3.7192,-3.8156,-3.9463,-0.0961,-0.4517,-0.7924,-1.3034,-1.7934,-2.2241,-2.8388,-3.2318,-3.6113,-4.0686,-4.3951,-4.7490,-5.0281,-3.6377,-3.9788,-4.2445,-4.1600,-4.2939,-4.5583,-4.8132,-5.0235,-5.2269,-5.5138,-5.6965,-5.6502,-5.7941,-3.8209,-3.8977,-3.9390,-3.9351,-3.9735,-4.0262,-4.2750,-4.5819,-2.8071,-3.0235,-3.1686,-3.4382,-3.6904,-4.0215,-4.3364,-5.6910,-6.7382,-6.7833,-6.7715,-6.7807,-6.5303,-6.5137,-6.4168,-6.3383,-6.3114,-6.2858,-6.2577,-5.2295,-5.1006,-5.3184,-5.7091,-5.8029,-5.8597,-5.9210,-5.9666,-6.0151,-6.2091,-6.3450,-6.2990,-5.8706,-5.8352,-5.8544,-5.8024,-5.7670,-4.8065,-4.8243,-4.3835,-4.4741,-4.6096,-4.7133,-4.8182,-4.9625,-5.1338,-5.2853,-5.3960,-5.5229,-5.6003,-5.6536,-5.7203,-5.8201,-5.6177,-5.7354,-3.0297,-3.1444,-3.2885,-3.4245,-3.5924,-2.4613,-2.6269,-2.8714,-3.1446,-3.4650,-3.8233,-4.0551,-4.2998,-4.5012,-4.7721,-5.0100,-5.2115,-5.4688,-5.9193,-5.7980,-6.0253,-6.1837,-6.2382,-6.3358,-6.4188,-6.4132,-6.4423,-6.4955,-6.5314,-6.3644,-6.4004,-6.4302,-6.4373,-6.4897,-6.4659,-6.5100,-6.5334,-6.6265,-6.7253,-6.7798,-6.8424,-6.7221,-6.7719,-6.8542,-6.9144,-6.8292,-6.8389,-6.8494,-6.9144,-7.2762,-7.5682,-7.7841,-7.7226,-7.6836,-7.5855,-7.5392,-7.5044,-6.7636,-6.7190,-6.6661,-6.3594,-6.3102,-6.2749,-6.2039,-6.2138,-6.2471,-6.3567,-6.4726,-6.5924,-4.4616,-4.5957,-4.6649,-4.7655,-4.8307,-4.8751,-4.9526,-5.0080,-5.0401,-5.0819,-5.1065,-5.1547,-5.1591,-5.2003,-5.2629,-5.3238,-5.3952,-5.4703,-5.5455,-5.6260,-5.6879,-5.7143,-5.7973,-5.8813,-5.9646,-6.0464,-6.1259,-6.2024,-6.2755,-6.3446,-6.4095,-6.4702,-6.5265,-6.5786,-6.6266,-6.6710,-6.7120,-6.7499,-6.7851,-6.8179,-6.8486,-6.8774,-6.9045,-6.9301,-6.9543,-6.9772,-6.9988,-7.0192,-7.0385,-7.0566,-7.0736,-7.0895,-7.1044,-7.1182,-7.1311,-7.1430,-7.1540,-7.1643,-7.1737,-7.1825,-7.1906,-7.1982,-7.2053,-7.2119,-7.2181,-7.2240,-7.2295,-7.2347,-7.2397,-7.2444,-7.2489,-7.2532,-7.2574,-7.2613,-7.2652,-7.2688,-7.2724,-7.2758,-7.2791,-7.2823,-7.2855,-7.2885,-7.2914,-7.2942,-7.2970,-7.2996,-7.3022,-7.3047,-7.3072,-7.3096,-7.3119,-7.3142,-7.3164,-7.3186,-7.3207,-7.3228,-7.3248,-7.3268,-7.3287,-7.3306,-7.3324,-7.3341,-7.3355,-7.3360
45108.1250000,-6.9188,-6.9940,-7.0464,-7.0306,-7.0355,-7.1640,-4.7525,-4.9504,-5.0578,-5.1487,-5.2437,-5.3596,-1.1717,-1.4441,-1.6887,-2.0233,-2.3192,-2.5724,-2.9486,-3.2022,-3.4663,-3.8063,-4.0622,-4.3770,-4.6671,-3.4652,-3.9403,-4.4060,-4.5914,-4.9292,-5.3788,-5.7501,-6.0009,-6.2084,-6.4731,-6.6391,-6.6016,-6.7638,-4.9063,-5.0216,-5.1118,-5.1485,-5.2289,-5.3133,-5.5813,-5.8451,-4.0498,-4.1936,-4.2867,-4.4562,-4.6251,-4.8564,-5.1278,-6.3784,-7.6036,-7.7064,-7.7599,-7.8331,-7.6587,-7.7156,-7.6989,-7.7078,-7.7671,-7.8230,-7.8746,-6.9281,-6.8828,-7.1195,-7.4030,-7.4395,-7.4454,-7.4599,-7.4706,-7.4828,-7.6141,-7.7144,-7.6718,-7.2670,-7.2573,-7.3114,-7.2884,-7.2822,-6.3554,-6.4037,-6.0028,-6.1035,-6.2297,-6.3008,-6.3550,-6.4252,-6.4968,-6.5583,-6.5929,-6.6687,-6.7109,-6.7440,-6.7904,-6.8707,-6.6695,-6.7891,-4.3360,-4.4677,-4.6369,-4.7990,-4.9819,-3.8723,-4.0045,-4.1824,-4.3637,-4.5597,-4.7658,-4.8919,-5.0252,-5.1357,-5.2900,-5.4333,-5.5522,-5.7502,-6.1482,-6.0593,-6.3429,-6.6047,-6.8026,-7.1178,-7.3973,-7.5275,-7.6636,-7.8239,-7.9528,-7.8906,-8.0031,-8.0890,-8.1336,-8.2219,-8.2196,-8.2727,-8.3005,-8.3949,-8.4944,-8.5498,-8.6144,-8.5009,-8.5552,-8.6455,-8.7165,-8.6422,-8.6649,-8.6903,-8.7796,-9.2044,-9.5554,-9.8443,-9.8020,-9.7782,-9.7003,-9.6725,-9.6626,-8.9315,-8.9049,-8.8665,-8.5575,-8.5106,-8.4719,-8.3945,-8.3879,-8.3925,-8.4447,-8.4950,-8.5502,-6.3489,-6.4220,-6.4370,-6.4898,-6.5246,-6.5399,-6.5867,-6.6132,-6.6263,-6.6495,-6.6567,-6.6873,-6.6767,-6.7008,-6.7412,-6.7791,-6.8264,-6.8766,-6.9262,-6.9806,-7.0171,-7.0199,-7.0784,-7.1397,-7.2029,-7.2678,-7.3345,-7.4028,-7.4725,-7.5437,-7.6160,-7.6894,-7.7635,-7.8381,-7.9129,-7.9875,-8.0617,-8.1350,-8.2071,-8.2776,-8.3462,-8.4125,-8.4765,-8.5377,-8.5962,-8.6517,-8.7042,-8.7538,-8.8004,-8.8441,-8.8852,-8.9236,-8.9595,-8.9932,-9.0247,-9.0543,-9.0820,-9.1080,-9.1325,-9.1555,-9.1771,-9.1975,-9.2166,-9.2347,-9.2517,-9.2676,-9.2826,-9.2967,-9.3100,-9.3224,-9.3340,-9.3450,-9.3552,-9.3648,-9.3739,-9.3824,-9.3904,-9.3979,-9.4050,-9.4117,-9.4181,-9.4242,-9.4299,-9.4354,-9.4407,-9.4457,-9.4506,-9.4552,-9.4597,-9.4640,-9.4682,-9.4722,-9.4761,-9.4798,-9.4835,-9.4871,-9.4905,-9.4939,-9.4971,-9.5003,-9.5033,-9.5062,-9.5087,-9.5100
45108.1666667,-6.7052,-6.8472,-6.9535,-6.9837,-7.0265,-7.2070,-4.5749,-4.8161,-4.9485,-5.0609,-5.1757,-5.3109,-0.3515,-0.6451,-0.9064,-1.2471,-1.5312,-1.7590,-2.0759,-2.2850,-2.5008,-2.7723,-2.9587,-3.1896,-3.3998,-2.0787,-2.4701,-2.8897,-3.0615,-3.4507,-4.0287,-4.5864,-5.0082,-5.3683,-5.7998,-6.0955,-6.1483,-6.3835,-4.4501,-4.5992,-4.7146,-4.7695,-4.8706,-4.9816,-5.2998,-5.6203,-3.7281,-3.9000,-4.0100,-4.1941,-4.3682,-4.5886,-4.8368,-5.9697,-7.2000,-7.3216,-7.3940,-7.4886,-7.3212,-7.4064,-7.4178,-7.4656,-7.5738,-7.6832,-7.7981,-6.8442,-6.9173,-7.3263,-7.7860,-7.8765,-7.9154,-7.9523,-7.9753,-7.9897,-8.1143,-8.1835,-8.1147,-7.6476,-7.6117,-7.6323,-7.5907,-7.5705,-6.5309,-6.5766,-6.1411,-6.2597,-6.4135,-6.5094,-6.5860,-6.6760,-6.7570,-6.8161,-6.8388,-6.9052,-6.9359,-6.9592,-6.9899,-7.0495,-6.7922,-6.8800,-4.2334,-4.3509,-4.5051,-4.6564,-4.8371,-3.6206,-3.7644,-3.9577,-4.1542,-4.3634,-4.5765,-4.7034,-4.8317,-4.9342,-5.0700,-5.1886,-5.2669,-5.4136,-5.6895,-5.5186,-5.7266,-5.9148,-6.0753,-6.3629,-6.6540,-6.8121,-6.9857,-7.2000,-7.3972,-7.4226,-7.6455,-7.8457,-8.0018,-8.2472,-8.3902,-8.5788,-8.7048,-8.8918,-9.0678,-9.1738,-9.2780,-9.1753,-9.2508,-9.3623,-9.4486,-9.3741,-9.4056,-9.4403,-9.5517,-10.0593,-10.5016,-10.8850,-10.8569,-10.8451,-10.7760,-10.7610,-10.7693,-9.9488,-9.9371,-9.9119,-9.5682,-9.5265,-9.4930,-9.4170,-9.4208,-9.4358,-9.5013,-9.5561,-9.6094,-7.0919,-7.1508,-7.1415,-7.1739,-7.1929,-7.1886,-7.2166,-7.2217,-7.2193,-7.2276,-7.2182,-7.2344,-7.2069,-7.2170,-7.2409,-7.2623,-7.2941,-7.3291,-7.3639,-7.4042,-7.4252,-7.4098,-7.4553,-7.5040,-7.5550,-7.6080,-7.6629,-7.7195,-7.7779,-7.8378,-7.8992,-7.9620,-8.0260,-8.0913,-8.1578,-8.2253,-8.2939,-8.3634,-8.4338,-8.5050,-8.5770,-8.6496,-8.7227,-8.7962,-8.8700,-8.9439,-9.0176,-9.0912,-9.1642,-9.2365,-9.3079,-9.3782,-9.4471,-9.5145,-9.5801,-9.6437,-9.7053,-9.7646,-9.8215,-9.8761,-9.9281,-9.9777,-10.0248,-10.0695,-10.1118,-10.1517,-10.1893,-10.2248,-10.2583,-10.2898,-10.3194,-10.3473,-10.3736,-10.3983,-10.4216,-10.4435,-10.4641,-10.4836,-10.5019,-10.5192,-10.5355,-10.5508,-10.5653,-10.5789,-10.5918,-10.6040,-10.6154,-10.6262,-10.6365,-10.6461,-10.6553,-10.6640,-10.6722,-10.6800,-10.6874,-10.6945,-10.7013,-10.7077,-10.7139,-10.7198,-10.7255,-10.7308,-10.7354,-10.7382
45108.2083333,-6.2880,-6.3474,-6.3950,-6.3780,-6.3836,-6.4951,-4.1586,-4.3572,-4.4762,-4.5856,-4.7025,-4.8386,-0.1853,-0.4604,-0.7027,-1.0124,-1.2679,-1.4703,-1.7429,-1.9216,-2.1035,-2.3253,-2.4693,-2.6407,-2.7878,-1.6317,-1.8973,-2.1722,-2.2233,-2.4788,-2.8925,-3.3129,-3.6580,-3.9795,-4.3862,-4.7034,-4.8325,-5.1122,-3.5677,-3.7567,-3.9156,-4.0058,-4.1360,-4.2737,-4.6022,-4.9165,-3.3343,-3.4978,-3.6043,-3.7777,-3.9406,-4.1429,-4.3532,-5.2688,-6.2296,-6.3303,-6.3890,-6.4658,-6.3189,-6.3894,-6.3984,-6.4429,-6.5424,-6.6454,-6.7581,-5.9510,-6.0508,-6.4659,-6.9698,-7.1011,-7.1806,-7.2523,-7.3046,-7.3530,-7.5189,-7.6296,-7.5917,-7.2010,-7.1792,-7.2046,-7.1703,-7.1519,-6.2239,-6.2533,-5.8573,-5.9428,-6.0607,-6.1290,-6.1847,-6.2568,-6.3265,-6.3824,-6.4082,-6.4698,-6.4997,-6.5229,-6.5513,-6.6043,-6.3805,-6.4539,-4.1505,-4.2413,-4.3579,-4.4676,-4.5992,-3.5127,-3.6186,-3.7632,-3.9127,-4.0754,-4.2446,-4.3462,-4.4501,-4.5342,-4.6482,-4.7489,-4.8143,-4.9362,-5.1524,-4.9911,-5.1467,-5.2747,-5.3720,-5.5480,-5.7325,-5.8252,-5.9387,-6.0841,-6.2217,-6.2096,-6.3772,-6.5397,-6.6812,-6.9142,-7.0862,-7.3211,-7.5045,-7.7533,-8.0031,-8.1836,-8.3602,-8.3417,-8.4758,-8.6406,-8.7723,-8.7381,-8.7991,-8.8559,-8.9812,-9.4715,-9.8930,-10.2684,-10.2565,-10.2565,-10.2082,-10.2073,-10.2291,-9.4958,-9.4984,-9.4891,-9.1861,-9.1580,-9.1375,-9.0804,-9.0972,-9.1255,-9.2033,-9.2675,-9.3257,-7.0602,-7.1129,-7.1036,-7.1298,-7.1431,-7.1348,-7.1539,-7.1523,-7.1449,-7.1468,-7.1325,-7.1401,-7.1096,-7.1116,-7.1242,-7.1341,-7.1526,-7.1735,-7.1937,-7.2182,-7.2254,-7.2001,-7.2279,-7.2582,-7.2902,-7.3237,-7.3587,-7.3952,-7.4331,-7.4723,-7.5128,-7.5546,-7.5976,-7.6418,-7.6871,-7.7335,-7.7809,-7.8294,-7.8788,-7.9291,-7.9803,-8.0322,-8.0850,-8.1385,-8.1927,-8.2475,-8.3029,-8.3588,-8.4153,-8.4722,-8.5295,-8.5872,-8.6452,-8.7034,-8.7618,-8.8203,-8.8787,-8.9371,-8.9954,-9.0533,-9.1109,-9.1679,-9.2243,-9.2800,-9.3348,-9.3887,-9.4414,-9.4929,-9.5431,-9.5919,-9.6391,-9.6848,-9.7289,-9.7713,-9.8120,-9.8510,-9.8882,-9.9237,-9.9576,-9.9897,-10.0202,-10.0492,-10.0766,-10.1025,-10.1270,-10.1502,-10.1721,-10.1928,-10.2124,-10.2308,-10.2482,-10.2647,-10.2803,-10.2950,-10.3088,-10.3220,-10.3344,-10.3461,-10.3572,-10.3677,-10.3777,-10.3869,-10.3950,-10.4006
45108.2500000,-4.7459,-4.8682,-4.9502,-5.0051,-5.0473,-5.1165,-2.7528,-2.8822,-2.9806,-3.0745,-3.1639,-3.2670,1.6246,1.3870,1.1593,0.8695,0.6136,0.3922,0.1313,-0.0744,-0.2705,-0.4911,-0.6495,-0.8388,-1.0153,0.1020,-0.0910,-0.3432,-0.3322,-0.5329,-0.8591,-1.1928,-1.4870,-1.7553,-2.0814,-2.3831,-2.5119,-2.7657,-1.3864,-1.5907,-1.7725,-1.8749,-2.0332,-2.2197,-2.5501,-2.8796,-1.4464,-1.6532,-1.7938,-1.9800,-2.1513,-2.3565,-2.5852,-3.3981,-4.2740,-4.4233,-4.5224,-4.6363,-4.5197,-4.6075,-4.6241,-4.6475,-4.7260,-4.8234,-4.9322,-4.1561,-4.2179,-4.5684,-5.0322,-5.2082,-5.3343,-5.4478,-5.5329,-5.6238,-5.8044,-5.9537,-5.9935,-5.6719,-5.7070,-5.7676,-5.7854,-5.7859,-4.8648,-4.9092,-4.5301,-4.6022,-4.6864,-4.7644,-4.8080,-4.8616,-4.9306,-4.9971,-5.0052,-5.0486,-5.0834,-5.1147,-5.1448,-5.1950,-4.9745,-5.0416,-2.8125,-2.8968,-2.9964,-3.0867,-3.2000,-2.1165,-2.2223,-2.3459,-2.4608,-2.5873,-2.7161,-2.8031,-2.8927,-2.9712,-3.0800,-3.1772,-3.2376,-3.3446,-3.4950,-3.3365,-3.4762,-3.5978,-3.6945,-3.8565,-4.0217,-4.1129,-4.2076,-4.3122,-4.4210,-4.3739,-4.5010,-4.6296,-4.7548,-4.9322,-5.0595,-5.2629,-5.4254,-5.6337,-5.8619,-6.0659,-6.2733,-6.2953,-6.4806,-6.6869,-6.8724,-6.8975,-7.0252,-7.1395,-7.3338,-7.9150,-8.4044,-8.8302,-8.8633,-8.8958,-8.8835,-8.9088,-8.9481,-8.1992,-8.2296,-8.2474,-7.9621,-7.9585,-7.9606,-7.9139,-7.9347,-7.9574,-8.0248,-8.0903,-8.1514,-5.8879,-5.9459,-5.9509,-5.9887,-6.0150,-6.0133,-6.0386,-6.0453,-6.0559,-6.0721,-6.0632,-6.0692,-6.0425,-6.0499,-6.0599,-6.0650,-6.0767,-6.0894,-6.1004,-6.1149,-6.1117,-6.0763,-6.0928,-6.1116,-6.1320,-6.1538,-6.1771,-6.2017,-6.2277,-6.2550,-6.2835,-6.3132,-6.3440,-6.3759,-6.4088,-6.4428,-6.4777,-6.5136,-6.5505,-6.5882,-6.6267,-6.6661,-6.7064,-6.7474,-6.7892,-6.8318,-6.8751,-6.9191,-6.9637,-7.0091,-7.0550,-7.1016,-7.1487,-7.1963,-7.2445,-7.2931,-7.3422,-7.3917,-7.4416,-7.4919,-7.5424,-7.5932,-7.6442,-7.6954,-7.7468,-7.7982,-7.8497,-7.9012,-7.9526,-8.0039,-8.0549,-8.1057,-8.1562,-8.2062,-8.2558,-8.3047,-8.3531,-8.4006,-8.4474,-8.4933,-8.5381,-8.5820,-8.6247,-8.6663,-8.7067,-8.7458,-8.7836,-8.8200,-8.8551,-8.8889,-8.9212,-8.9522,-8.9818,-9.0101,-9.0371,-9.0627,-9.0871,-9.1103,-9.1324,-9.1532,-9.1730,-9.1914,-9.2078,-9.2196
45108.2916667,0.7117,0.5256,0.3858,0.2051,0.0641,-0.0650,2.2811,2.1413,2.0174,1.8954,1.7853,1.6913,6.8247,6.6467,6.4610,6.2362,6.0184,5.8077,5.5936,5.3767,5.1728,4.9555,4.7746,4.5514,4.3185,5.4032,5.2577,5.0028,5.0533,4.8941,4.6197,4.3333,4.0644,3.8267,3.5617,3.2584,3.1139,2.8880,4.1701,3.9623,3.7742,3.6771,3.5131,3.3120,3.0481,2.7845,4.1655,3.9417,3.7772,3.5855,3.4098,3.2069,2.9748,2.3498,1.6105,1.3996,1.2315,1.0399,1.0753,0.9131,0.8388,0.7847,0.6832,0.5570,0.4240,1.1617,1.1298,0.8995,0.6146,0.4352,0.2852,0.1412,0.0273,-0.1070,-0.3054,-0.4836,-0.6155,-0.3800,-0.4968,-0.6328,-0.7375,-0.7766,0.1296,0.0509,0.4001,0.3308,0.2811,0.1970,0.1664,0.1305,0.0542,-0.0383,-0.0404,-0.0685,-0.1105,-0.1491,-0.1845,-0.2424,-0.0317,-0.0973,2.1742,2.0865,1.9923,1.9114,1.8104,2.9060,2.7954,2.6804,2.5995,2.5141,2.4368,2.3740,2.3069,2.2392,2.1351,2.0371,1.9759,1.8812,1.8092,1.9780,1.8652,1.7596,1.6609,1.4949,1.3282,1.2153,1.1261,1.0470,0.9540,1.0222,0.9134,0.8046,0.6817,0.5345,0.4380,0.2599,0.1282,-0.0095,-0.1573,-0.3207,-0.4915,-0.4867,-0.6551,-0.8225,-0.9788,-1.0226,-1.1747,-1.3171,-1.5476,-2.1421,-2.6794,-3.1716,-3.2676,-3.3523,-3.4092,-3.4951,-3.5943,-2.8976,-2.9871,-3.0647,-2.8295,-2.8703,-2.9123,-2.8945,-2.9398,-2.9701,-3.0281,-3.0839,-3.1322,-0.8451,-0.8959,-0.9145,-0.9650,-1.0063,-1.0170,-1.0601,-1.0862,-1.1277,-1.1757,-1.1852,-1.2030,-1.1933,-1.2215,-1.2471,-1.2654,-1.2875,-1.3073,-1.3221,-1.3370,-1.3311,-1.2898,-1.2978,-1.3056,-1.3126,-1.3192,-1.3255,-1.3318,-1.3383,-1.3454,-1.3530,-1.3615,-1.3710,-1.3816,-1.3933,-1.4064,-1.4207,-1.4364,-1.4534,-1.4718,-1.4916,-1.5126,-1.5349,-1.5585,-1.5832,-1.6091,-1.6360,-1.6640,-1.6930,-1.7230,-1.7539,-1.7857,-1.8183,-1.8518,-1.8860,-1.9209,-1.9566,-1.9929,-2.0299,-2.0676,-2.1058,-2.1445,-2.1839,-2.2237,-2.2640,-2.3048,-2.3460,-2.3876,-2.4296,-2.4719,-2.5145,-2.5574,-2.6005,-2.6438,-2.6873,-2.7310,-2.7747,-2.8185,-2.8624,-2.9062,-2.9499,-2.9935,-3.0370,-3.0802,-3.1232,-3.1659,-3.2081,-3.2500,-3.2913,-3.3321,-3.3723,-3.4119,-3.4507,-3.4887,-3.5259,-3.5623,-3.5977,-3.6322,-3.6657,-3.6981,-3.7294,-3.7592,-3.7863,-3.8065
45108.3333333,8.4434,8.3076,8.1961,7.8907,7.6729,7.5837,9.9316,9.7996,9.6280,9.4907,9.3139,9.1702,14.2818,14.1616,14.0749,13.9035,13.7190,13.5030,13.3570,13.1764,13.0213,12.8638,12.6856,12.4011,12.1564,13.2164,13.1792,12.8809,12.9836,12.8475,12.5688,12.2736,11.9867,11.8099,11.6212,11.3039,11.0813,10.8729,12.0734,11.8954,11.7211,11.6595,11.5024,11.2315,11.0146,10.8565,12.2268,11.9707,11.7905,11.6174,11.5017,11.3684,11.1681,10.8007,10.2197,9.9009,9.6397,9.3754,9.3544,9.1447,8.9987,8.9418,8.8461,8.6779,8.5136,9.1415,9.0834,8.9020,8.7710,8.5943,8.4302,8.2407,8.1237,7.9397,7.7742,7.5727,7.3751,7.5442,7.3139,7.0986,6.9033,6.8151,7.7493,7.6814,8.0295,7.9817,7.9492,7.7750,7.7002,7.6895,7.5948,7.4515,7.4873,7.4913,7.4154,7.3552,7.3040,7.2317,7.4273,7.3727,9.6587,9.5831,9.5157,9.4665,9.3573,10.4783,10.3337,10.2229,10.1661,10.1108,10.0857,10.0645,10.0066,9.9422,9.8411,9.7608,9.6938,9.6253,9.6740,9.8435,9.7777,9.6696,9.5816,9.4162,9.2169,9.0751,8.9799,8.9243,8.8713,8.9837,8.8814,8.7621,8.6478,8.5278,8.4127,8.2242,8.1359,8.0806,8.0165,7.8866,7.7409,7.7552,7.6264,7.5389,7.4529,7.4271,7.2820,7.1625,6.9707,6.5316,6.0521,5.5420,5.3818,5.2267,5.0913,4.9449,4.7881,5.4409,5.2896,5.1207,5.2893,5.2090,5.1241,5.1038,5.0199,4.9543,4.8493,4.7500,4.6730,6.9374,6.8840,6.8383,6.7641,6.7001,6.6906,6.6278,6.5733,6.4903,6.4096,6.3781,6.3536,6.3724,6.3429,6.3227,6.3106,6.2974,6.2853,6.2773,6.2684,6.2798,6.3263,6.3225,6.3186,6.3153,6.3126,6.3104,6.3088,6.3077,6.3070,6.3066,6.3066,6.3068,6.3072,6.3077,6.3081,6.3085,6.3087,6.3085,6.3079,6.3069,6.3051,6.3027,6.2995,6.2953,6.2902,6.2840,6.2767,6.2683,6.2586,6.2478,6.2357,6.2224,6.2078,6.1921,6.1751,6.1570,6.1378,6.1175,6.0961,6.0737,6.0503,6.0260,6.0008,5.9747,5.9479,5.9202,5.8918,5.8628,5.8330,5.8026,5.7717,5.7401,5.7080,5.6754,5.6424,5.6089,5.5750,5.5407,5.5060,5.4710,5.4357,5.4001,5.3643,5.3283,5.2921,5.2557,5.2192,5.1826,5.1460,5.1094,5.0727,5.0361,4.9996,4.9632,4.9270,4.8910,4.8552,4.8198,4.7846,4.7500,4.7164,4.6851,4.6613
45108.3750000,17.1423,16.9998,16.8907,16.3749,16.0000,15.8551,18.2050,18.0853,17.8878,17.7729,17.5686,17.4182,22.1438,22.1158,22.0462,21.9815,21.8765,21.6909,21.6874,21.5692,21.4082,21.3822,21.2491,20.8893,20.5747,21.6357,21.7510,21.3981,21.6005,21.5678,21.2957,20.9830,20.6128,20.5383,20.4362,19.9290,19.6451,19.4918,20.5864,20.4274,20.1505,20.1590,20.0000,19.6798,19.5569,19.5674,20.9889,20.7161,20.5313,20.3491,20.1760,20.0306,19.8175,19.9575,19.7931,19.3511,18.9660,18.5917,18.4798,18.1580,17.9536,17.9267,17.8835,17.7033,17.5364,18.0521,17.9725,17.8573,17.8461,17.6811,17.4795,17.2174,16.9984,16.7639,16.6641,16.4379,16.0888,16.2062,15.8484,15.5499,15.2459,15.1159,16.1203,16.0732,16.4636,16.5177,16.5716,16.3204,16.1957,16.0883,15.9017,15.7588,15.8575,15.9099,15.7973,15.6870,15.5987,15.4982,15.6805,15.6453,17.9487,17.8574,17.7761,17.7851,17.6903,18.8804,18.6812,18.5498,18.5104,18.4902,18.5353,18.5017,18.4780,18.4185,18.3063,18.2354,18.1416,18.0437,18.1920,18.4057,18.4448,18.3649,18.3169,18.1384,17.9245,17.7474,17.6471,17.6120,17.5242,17.6195,17.5325,17.4208,17.3452,17.3101,17.1948,16.9806,16.8543,16.9131,16.9766,16.9318,16.7716,16.8084,16.6591,16.6900,16.6303,16.6426,16.4645,16.3695,16.2693,16.1544,15.9044,15.5079,15.2555,15.0376,14.8282,14.6282,14.4092,15.0313,14.7541,14.4966,14.5852,14.4758,14.3421,14.2678,14.1381,14.0143,13.8845,13.7632,13.6686,15.8961,15.8387,15.7388,15.6188,15.5158,15.4946,15.3878,15.2829,15.1340,14.9935,14.9187,14.8623,14.8664,14.7962,14.7104,14.6549,14.6401,14.6813,14.7199,14.7630,14.8252,14.9216,14.9639,15.0033,15.0404,15.0751,15.1075,15.1377,15.1659,15.1920,15.2162,15.2387,15.2596,15.2789,15.2968,15.3135,15.3291,15.3436,15.3571,15.3698,15.3816,15.3927,15.4031,15.4127,15.4218,15.4301,15.4379,15.4450,15.4515,15.4573,15.4624,15.4668,15.4704,15.4733,15.4753,15.4765,15.4768,15.4761,15.4744,15.4718,15.4681,15.4633,15.4575,15.4506,15.4425,15.4334,15.4233,15.4120,15.3997,15.3863,15.3719,15.3565,15.3401,15.3229,15.3047,15.2856,15.2657,15.2451,15.2236,15.2015,15.1786,15.1551,15.1310,15.1063,15.0811,15.0553,15.0291,15.0024,14.9752,14.9477,14.9198,14.8916,14.8631,14.8342,14.8052,14.7759,14.7464,14.7167,14.6869,14.6570,14.6271,14.5977,14.5700,14.5486
45108.4166667,26.7122,26.6901,26.4333,25.6122,25.0233,24.8649,27.5008,27.3549,27.0602,26.8883,26.5828,26.3662,31.0055,31.0471,31.0940,31.0862,31.0197,30.8098,30.8211,30.7473,30.7234,30.9433,30.9538,30.4081,29.7940,31.0444,31.4850,31.0385,31.4372,31.5796,31.3326,30.9848,30.4347,30.1221,30.3636,29.6900,29.2725,29.2163,30.2711,29.7529,29.4017,29.5010,29.4263,29.0406,29.0718,29.3474,30.9920,30.6046,30.2691,30.1370,29.9746,29.8764,29.6496,30.3794,30.7488,30.0700,29.4746,28.9305,28.7157,28.2482,27.9354,27.9051,27.7920,27.5808,27.4427,27.9172,27.8638,27.8981,28.1341,27.9087,27.6186,27.2453,26.9136,26.5644,26.5355,26.1815,25.6020,25.6514,25.0438,24.5701,24.0690,23.8515,25.0134,25.0936,25.4145,25.6554,25.9842,25.6497,25.4764,25.3032,24.9440,24.4638,24.3078,24.2701,24.1449,24.0094,23.9266,23.8435,24.0897,23.9953,26.7682,26.7559,26.7412,26.9245,26.8518,28.2950,28.0025,27.8489,27.8484,27.8885,28.0724,28.0266,27.9873,27.8903,27.7351,27.7424,27.5979,27.4617,27.7476,28.0023,28.1195,28.0350,28.0442,27.7313,27.4415,27.2041,27.0973,27.1034,27.0200,27.1720,27.0954,26.9496,26.7390,26.8320,26.7063,26.4475,26.2988,26.3467,26.4268,26.5539,26.4769,26.6262,26.5296,26.7893,26.7837,26.6502,26.4843,26.5322,26.5731,26.8559,26.9042,26.6972,26.3287,26.0061,25.6778,25.3127,25.0243,25.7490,25.3277,24.9194,24.9116,24.7575,24.5678,24.4290,24.2073,23.9946,23.8120,23.6608,23.5530,26.0396,26.0288,25.8570,25.6696,25.5081,25.4846,25.3077,25.1211,24.8593,24.6160,24.4703,24.3665,24.3746,24.2892,24.1111,23.9547,23.8069,23.6782,23.5814,23.5391,23.6553,23.9009,24.0646,24.2364,24.3997,24.5527,24.6950,24.8268,24.9490,25.0626,25.1685,25.2672,25.3595,25.4457,25.5263,25.6018,25.6723,25.7383,25.8000,25.8575,25.9113,25.9614,26.0081,26.0516,26.0922,26.1299,26.1650,26.1977,26.2280,26.2563,26.2826,26.3071,26.3298,26.3510,26.3706,26.3889,26.4058,26.4215,26.4361,26.4494,26.4617,26.4729,26.4831,26.4922,26.5004,26.5075,26.5136,26.5186,26.5227,26.5257,26.5277,26.5286,26.5285,26.5272,26.5250,26.5216,26.5172,26.5116,26.5050,26.4974,26.4887,26.4789,26.4681,26.4563,26.4436,26.4299,26.4153,26.3997,26.3834,26.3661,26.3481,26.3294,26.3099,26.2897,26.2689,26.2474,26.2254,26.2028,26.1797,26.1561,26.1322,26.1083,26.0855,26.0678
45108.4583333,34.7728,34.6931,33.8870,32.7746,31.9956,31.9273,35.0388,34.8969,34.4855,33.9528,33.5639,33.3001,38.0267,38.0822,37.9596,38.0756,38.0860,37.8475,37.8686,37.4099,37.4374,37.1089,37.5214,36.9881,36.3741,38.1010,39.2300,38.7535,39.6289,39.3918,39.8256,39.4590,38.9620,38.0608,37.5649,36.8061,36.4912,36.7641,38.0001,37.2916,36.8499,37.1956,37.1397,36.5348,36.6331,37.2519,39.3115,38.8594,38.7648,38.4461,38.1149,37.9509,37.6940,39.3099,40.6342,40.1136,39.3800,38.3744,37.8459,37.0638,36.5402,36.5274,36.7045,36.6631,36.3869,36.6575,36.7382,36.6641,37.1489,36.6653,36.0386,35.5131,35.0076,34.4813,34.4047,34.6212,33.6203,33.1963,32.3673,31.8171,31.1206,30.7856,31.8263,31.7708,32.1296,32.1726,33.0873,32.8596,32.8058,32.6910,32.2486,31.5488,31.2852,31.2272,31.0439,30.8299,30.6930,30.5478,30.7632,30.5284,33.8762,33.6360,33.5483,33.5902,33.7058,35.5162,35.2626,35.2470,35.4004,35.5776,35.8162,35.8260,35.8532,35.7715,35.6168,35.7387,35.5479,35.3817,36.0214,36.2851,36.1662,36.0729,36.1562,36.1220,35.6179,35.2304,35.0712,35.2439,35.0757,35.2271,35.3331,35.3636,34.8785,34.6389,34.5216,34.2559,34.1212,34.2784,34.7229,34.4893,34.3155,34.5014,34.4152,34.5481,34.8594,34.7607,34.6714,34.9387,35.1097,36.3961,37.0497,37.2372,36.7698,36.6110,36.3872,35.9964,35.3971,35.8597,35.2265,34.5900,34.4090,34.0587,33.6296,33.2948,32.9476,32.7653,32.6820,32.5851,32.5023,35.3169,35.2080,35.0229,34.7832,34.5103,34.3491,34.1408,33.9081,33.5360,33.1906,32.9718,32.7904,32.5941,32.3186,32.0914,31.8966,31.7128,31.5413,31.3801,31.2190,31.0904,31.0213,30.8965,30.8067,30.7852,30.9050,31.3930,31.8912,32.3776,32.8492,33.2788,33.6674,34.0186,34.3365,34.6253,34.8884,35.1290,35.3495,35.5521,35.7387,35.9108,36.0699,36.2172,36.3537,36.4803,36.5980,36.7075,36.8094,36.9044,36.9929,37.0754,37.1524,37.2243,37.2914,37.3540,37.4125,37.4671,37.5180,37.5654,37.6097,37.6510,37.6895,37.7253,37.7587,37.7898,37.8187,37.8456,37.8706,37.8938,37.9153,37.9352,37.9535,37.9705,37.9860,38.0002,38.0132,38.0249,38.0354,38.0447,38.0529,38.0599,38.0658,38.0707,38.0744,38.0771,38.0787,38.0792,38.0786,38.0770,38.0744,38.0707,38.0660,38.0603,38.0535,38.0458,38.0372,38.0276,38.0170,38.0056,37.9933,37.9803,37.9667,37.9534,37.9431
45108.5000000,28.2217,28.0980,27.1698,25.8524,24.8747,24.5247,27.3960,27.1318,26.6810,26.1250,25.7161,25.4325,29.5668,29.5464,29.3579,29.3774,29.3135,29.0286,28.9831,28.4960,28.4498,28.0563,28.3055,27.6966,26.9962,28.7014,28.8515,28.7453,30.1300,30.2855,31.0418,31.2016,30.5141,29.8746,29.4672,28.6163,28.1695,28.3825,29.6001,28.8658,28.4097,28.7221,28.6196,28.0822,28.2873,29.0486,31.2584,30.8975,30.8980,30.7402,30.5349,30.4651,30.2642,32.0337,33.9665,33.6353,33.0965,32.3195,31.9314,31.2201,30.7090,30.7708,30.8830,30.7080,30.3980,30.5579,30.6423,30.5771,30.9480,30.2171,29.4650,28.8995,28.3726,27.7699,27.4500,27.0316,26.0489,25.6123,24.7611,24.1696,23.4538,23.0946,24.0024,23.5207,23.8095,23.7559,24.6568,24.4212,24.4217,24.4135,24.1051,23.5127,23.3321,23.3302,23.1940,23.0122,22.9042,22.7839,23.0165,22.7799,26.1956,25.9091,25.7264,25.6153,25.5490,27.1419,26.8054,26.7293,26.8917,27.1404,27.4783,27.5663,27.6731,27.6620,27.5679,27.4072,27.3202,27.2415,27.8983,28.3171,28.3706,28.4392,28.6787,28.8578,28.5088,28.2044,28.0919,28.2803,28.1514,28.3046,28.2073,28.3250,27.9050,27.6911,27.5072,27.1428,26.9396,27.0557,27.5640,27.4267,27.3354,27.5600,27.4627,27.4924,27.6522,27.4655,27.2375,27.1211,27.3111,29.3231,30.8178,31.6519,31.2921,30.9913,31.0125,30.8494,30.4737,30.9044,30.2827,29.6064,29.2861,28.7081,28.1075,27.6931,27.2420,26.9549,26.7824,26.6662,26.5927,29.2121,29.0373,28.8178,28.5686,28.2947,28.1271,27.9066,27.6542,27.2671,26.9059,26.6698,26.4708,26.2506,25.9418,25.6645,25.4072,25.1537,24.9124,24.6874,24.4715,24.2958,24.1818,24.0066,23.8427,23.6914,23.5533,23.4294,23.3216,23.2342,23.1748,23.1583,23.2107,23.3778,23.7429,24.5354,25.3335,26.0985,26.8191,27.4812,28.0871,28.6407,29.1461,29.6072,30.0275,30.4105,30.7592,31.0768,31.3660,31.6295,31.8698,32.0892,32.2897,32.4733,32.6416,32.7962,32.9385,33.0696,33.1907,33.3026,33.4062,33.5022,33.5914,33.6742,33.7512,33.8228,33.8895,33.9517,34.0096,34.0635,34.1138,34.1608,34.2045,34.2453,34.2832,34.3186,34.3516,34.3823,34.4108,34.4374,34.4620,34.4849,34.5061,34.5257,34.5438,34.5605,34.5759,34.5899,34.6028,34.6145,34.6250,34.6345,34.6430,34.6504,34.6568,34.6623,34.6669,34.6705,34.6733,34.6751,34.6762,34.6764,34.6758,34.6747,34.6737
45108.5416667,32.3059,31.4213,30.5121,29.2086,28.2510,27.9527,31.6414,31.1696,30.5210,29.7521,29.1082,28.6302,32.3601,32.2368,31.9823,31.9210,31.7951,31.4611,31.3438,30.7674,30.2113,29.8452,30.1679,29.6098,28.9315,30.9399,31.7581,31.1876,32.1589,32.5860,33.0733,33.3690,32.6605,32.0552,31.7147,30.9297,30.5699,30.8442,32.2646,31.5215,30.9487,30.5951,30.1854,29.7885,30.2090,30.6769,33.5041,33.2647,32.9536,33.0251,33.0193,33.1819,33.1939,35.7748,37.8515,37.4794,36.6441,35.9105,35.5980,34.9477,34.5176,34.6781,34.8314,34.7863,34.5871,34.8876,35.1177,35.1751,35.5893,34.9323,34.6187,33.9492,33.3147,32.5549,31.9288,31.1919,30.1929,30.0093,28.8621,27.8635,26.9195,26.3725,27.1484,26.4821,26.6282,26.3832,27.1132,26.6845,26.5431,26.4606,26.1378,25.5629,25.4171,25.4400,25.3281,25.1702,25.0841,24.9851,25.2889,25.0770,29.1049,28.8114,28.6096,28.4704,28.3619,29.9933,29.6099,29.4592,29.5456,29.7143,29.9774,30.0293,30.1046,30.0775,29.9678,29.8061,29.7342,29.6761,30.3683,30.8603,30.9436,31.0059,30.7879,30.6647,30.5478,30.4382,30.5035,30.9771,31.0113,31.3836,31.7432,31.9116,31.4926,31.2454,31.0314,30.6405,30.4281,30.5237,30.6585,30.5958,30.5937,30.9128,30.8788,30.9833,31.5168,31.3724,31.4500,31.2061,31.1870,32.7847,34.4543,35.7780,35.5350,35.2750,35.0632,34.9728,34.6858,35.2762,34.7697,34.2106,33.9955,33.4772,32.9124,32.5368,32.1120,31.8303,31.6207,31.4428,31.3056,33.9532,33.7208,33.4527,33.1596,32.8569,32.6626,32.4123,32.1317,31.7219,31.3372,31.0811,30.8609,30.6219,30.2881,29.9811,29.6937,29.4085,29.1344,28.8756,28.6242,28.4131,28.2654,28.0490,27.8413,27.6432,27.4549,27.2763,27.1072,26.9477,26.7979,26.6580,26.5282,26.4091,26.3017,26.2081,26.1311,26.0762,26.0533,26.0804,26.1925,26.4799,27.2219,28.0251,28.8692,29.7331,30.5899,31.4238,32.2244,32.9852,33.7026,34.3750,35.0022,35.5853,36.1255,36.6249,37.0856,37.5096,37.8993,38.2571,38.5850,38.8855,39.1606,39.4124,39.6429,39.8540,40.0472,40.2244,40.3869,40.5360,40.6731,40.7993,40.9155,41.0227,41.1216,41.2131,41.2978,41.3762,41.4490,41.5166,41.5793,41.6376,41.6919,41.7424,41.7894,41.8332,41.8739,41.9119,41.9472,41.9801,42.0108,42.0393,42.0657,42.0903,42.1132,42.1343,42.1539,42.1720,42.1887,42.2041,42.2182,42.2311,42.2428,42.2529,42.2605
45108.5833333,28.6289,27.6426,26.6534,25.1912,24.0396,23.2544,27.1406,26.8486,25.9821,25.0628,24.2576,23.6378,26.9390,26.6766,26.3146,26.0381,25.7443,25.3148,25.0764,24.4852,23.9113,23.4008,23.0663,22.5620,21.9425,24.4974,25.3541,25.2730,26.2613,26.7100,27.3353,27.5384,26.7523,26.0543,25.5762,24.5801,24.1345,24.2862,26.2253,25.4840,24.8599,24.5147,24.0101,23.4211,23.3228,23.6289,26.6666,26.2952,25.9765,25.9497,25.9178,26.0722,26.3044,29.6257,32.4495,32.2803,31.6521,31.0371,30.8534,30.2524,29.8512,29.9457,29.5736,29.4855,29.4427,29.9963,30.0539,30.2473,30.8393,30.3700,30.2188,29.6833,29.1714,28.5220,27.9488,27.1695,26.0376,25.5091,24.4245,23.4200,22.4828,21.8950,22.7308,21.8656,21.7748,21.0868,20.7708,20.4024,20.2744,20.0787,19.5429,18.8087,18.5219,18.4199,18.2333,18.0460,17.9059,17.7353,18.0588,17.7890,23.1308,22.7809,22.4790,22.2406,22.0165,23.8515,23.4500,23.2146,23.2075,23.2804,23.4599,23.4936,23.5432,23.5123,23.3909,23.2324,23.1613,23.1409,23.6326,24.1825,24.2433,24.2907,24.1117,23.9207,23.7147,23.5542,23.5560,23.9358,23.9579,24.4092,24.8395,25.1518,24.9390,24.9258,24.9395,24.7074,24.5879,24.7148,25.1128,24.8893,24.7044,24.9225,24.8084,24.8993,25.4403,25.4421,25.6860,25.8884,25.9431,27.4791,28.9532,30.3552,30.2309,30.0622,29.9495,29.9377,29.7380,30.5206,30.0851,29.5823,29.4540,28.9781,28.4547,28.1077,27.6696,27.3531,27.0757,26.8550,26.6901,29.7838,29.5271,29.2443,28.9258,28.6139,28.4033,28.1222,27.8168,27.4068,27.0118,26.7414,26.4988,26.2547,25.9052,25.5630,25.2397,24.9156,24.6012,24.3016,24.0079,23.7584,23.5798,23.3196,23.0674,22.8245,22.5908,22.3663,22.1508,21.9444,21.7469,21.5583,21.3785,21.2075,21.0453,20.8923,20.7485,20.6153,20.4955,20.3946,20.3219,20.2938,20.3387,20.5776,21.0032,21.5054,22.0458,22.6184,23.2033,23.7895,24.3728,24.9552,25.5423,26.1402,26.7531,27.3828,28.0290,28.6887,29.3580,30.0317,30.7043,31.3702,32.0240,32.6608,33.2765,33.8675,34.4313,34.9658,35.4700,35.9433,36.3860,36.7984,37.1815,37.5365,37.8647,38.1676,38.4468,38.7038,38.9403,39.1576,39.3574,39.5410,39.7097,39.8647,40.0074,40.1386,40.2594,40.3707,40.4733,40.5681,40.6556,40.7364,40.8113,40.8805,40.9447,41.0042,41.0594,41.1107,41.1583,41.2025,41.2435,41.2815,41.3165,41.3476,41.3711
45108.6250000,29.6469,28.8646,28.0931,26.9916,26.1548,25.7321,28.9269,28.9718,28.3711,27.6608,26.9820,26.3909,28.2220,27.8694,27.4594,27.1141,26.7699,26.3374,26.2099,25.5574,24.9865,24.4991,24.1392,23.5928,23.0054,25.4145,26.1210,26.1576,26.9207,27.1909,27.7192,27.9389,27.4748,27.2777,27.1941,26.2864,25.7782,25.7839,27.3609,26.6316,26.0332,25.6843,25.2293,24.7153,24.6105,24.8975,27.4249,27.0478,26.9349,26.7333,26.5326,26.4406,26.4689,28.7653,31.0165,31.0227,30.8775,30.4328,30.3755,29.9804,29.7769,30.1064,30.5092,30.5313,30.3830,30.6713,30.4785,30.3949,30.7484,30.3517,30.2819,29.8853,29.5097,29.0563,28.7953,28.6814,27.7027,27.2313,26.3212,25.5181,24.7735,24.3369,25.0892,24.4609,24.4795,23.8940,23.4545,22.9081,22.5811,22.2600,21.7192,21.0553,20.7875,20.6887,20.5231,20.3529,20.2237,20.0654,20.3147,20.0483,24.8635,24.5508,24.2412,23.9598,23.7196,25.2224,24.8375,24.6063,24.6649,24.6144,24.6521,24.6087,24.5889,24.5158,24.3670,24.2000,24.1477,24.3643,24.7546,25.1807,25.1693,25.1684,25.2635,24.9968,24.7345,24.5450,24.4982,24.7756,24.9018,25.1912,25.4726,25.5453,25.2850,25.2648,25.6682,25.7360,25.6194,25.7146,26.0962,25.9668,25.8646,26.0764,25.9976,26.4044,26.6406,26.5116,26.6201,26.7531,26.8142,28.2559,29.2627,30.1594,30.0113,29.8518,29.7696,29.8531,29.7099,30.4504,30.1336,29.7723,29.7377,29.3916,29.0150,28.8146,28.6058,28.5756,28.4303,28.2883,28.1608,30.7707,30.5454,30.3069,30.0431,29.7824,29.6099,29.3841,29.1415,28.8054,28.4866,28.2737,28.0834,27.8898,27.6117,27.3510,27.1069,26.8622,26.6255,26.4005,26.1794,25.9937,25.8654,25.6670,25.4728,25.2839,25.0999,24.9209,24.7467,24.5772,24.4127,24.2539,24.1113,24.0843,24.1630,24.2597,24.3549,24.4628,24.5745,24.6908,24.8107,24.9354,25.0672,25.2020,25.3407,25.4845,25.6338,25.7895,25.9524,26.1239,26.3053,26.4981,26.7037,26.9239,27.1601,27.4133,27.6844,27.9738,28.2812,28.6060,28.9472,29.3036,29.6736,30.0557,30.4485,30.8504,31.2602,31.6766,32.0982,32.5239,32.9522,33.3818,33.8110,34.2381,34.6613,35.0788,35.4888,35.8893,36.2787,36.6555,37.0183,37.3660,37.6978,38.0130,38.3113,38.5925,38.8568,39.1043,39.3355,39.5509,39.7511,39.9369,40.1091,40.2683,40.4154,40.5513,40.6767,40.7923,40.8989,40.9972,41.0878,41.1712,41.2473,41.3143,41.3637
45108.6666667,30.2089,29.9544,30.1343,29.1258,28.2888,27.6747,31.7516,31.2531,30.6945,30.1026,29.5160,28.9812,30.8199,30.4061,29.9216,29.3404,28.7839,28.2392,28.2617,27.6160,27.0110,26.3892,25.9358,25.7933,24.8555,27.3304,27.6369,27.2238,28.1375,28.5419,28.9770,29.2010,28.6865,28.3527,28.4860,27.7962,27.4555,27.4298,29.5840,28.8825,28.2739,28.2796,27.6794,26.9056,26.1211,25.6572,28.7822,28.3919,28.1099,27.9164,27.8419,27.6475,27.6630,29.4693,31.5910,31.8440,31.9267,31.5784,31.6841,31.3538,31.2164,31.5473,31.8600,31.5686,31.3732,32.1640,32.3164,32.4228,32.7944,32.5116,32.4419,32.1066,31.7898,31.3671,30.9809,30.8286,30.0026,29.7690,29.0209,28.0049,27.1682,26.6072,27.4375,26.6406,26.5951,25.8006,25.1904,24.4884,24.3247,23.7576,22.9651,22.1718,21.8010,21.5952,21.3664,21.1664,20.9524,20.6586,20.8525,20.4121,26.2128,25.8406,25.4767,25.1788,24.8629,26.6643,26.2456,25.8571,25.6367,25.4811,25.4320,25.3715,25.3164,25.2290,25.0448,24.8557,24.7702,24.8977,25.0733,25.5823,25.5467,25.5601,25.7611,25.6292,25.6715,25.4328,25.2930,25.4149,25.4793,25.9163,26.0255,26.1715,25.9418,25.8046,25.8126,25.6894,25.7009,25.8982,26.3937,26.6145,26.8589,27.1288,27.0419,27.4731,27.8220,27.8782,28.0896,28.3439,28.6300,29.6207,30.5292,31.4847,31.7172,31.7380,31.6722,31.6710,31.4751,32.2075,31.8957,31.5528,31.6003,31.3241,31.0634,31.0118,30.7171,30.5335,30.2671,30.0617,29.9210,33.1324,32.9628,32.7901,32.5630,32.3337,32.1811,31.9522,31.7114,31.3969,31.0831,30.8679,30.6590,30.4705,30.1804,29.8794,29.5922,29.2984,29.0095,28.7315,28.4554,28.2224,28.0638,27.8428,27.7870,27.7389,27.7204,27.7310,27.7424,27.7520,27.7589,27.7637,27.7685,27.7771,27.7933,27.8211,27.8631,27.9204,27.9930,28.0800,28.1800,28.2935,28.4210,28.5566,28.6993,28.8483,29.0025,29.1609,29.3233,29.4892,29.6584,29.8308,30.0063,30.1850,30.3668,30.5521,30.7411,30.9342,31.1320,31.3350,31.5440,31.7597,31.9830,32.2148,32.4561,32.7076,32.9702,33.2446,33.5314,33.8311,34.1439,34.4699,34.8090,35.1608,35.5250,35.9007,36.2872,36.6836,37.0887,37.5014,37.9205,38.3446,38.7725,39.2027,39.6338,40.0643,40.4927,40.9176,41.3375,41.7509,42.1565,42.5530,42.9390,43.3136,43.6756,44.0242,44.3588,44.6787,44.9836,45.2731,45.5471,45.8051,46.0453,46.2601,46.4199
45108.7083333,22.8771,22.7449,22.9124,22.5250,22.1925,21.9229,25.2019,25.0793,24.7212,24.3003,23.8414,23.4107,24.4939,24.1570,23.8310,23.4248,23.0589,22.7200,22.6603,22.4130,22.2279,22.1497,21.8343,21.6030,21.0057,22.9801,22.9352,22.5231,22.8597,22.8602,22.7709,22.7345,22.5961,22.5559,22.4622,21.9006,21.6741,21.5804,23.5403,23.1631,22.8215,22.7812,22.4810,22.0483,21.4901,20.9989,23.2845,22.8674,22.6000,22.2654,22.1142,21.8370,21.7230,22.1577,23.0946,23.2774,23.4467,23.4275,23.6760,23.5696,23.5923,23.8237,24.0635,24.0189,24.0872,24.9808,25.0330,24.8848,24.9210,24.8365,24.7887,24.6300,24.4883,24.2913,24.0914,24.0042,23.7651,23.8237,23.4224,22.8370,22.3759,22.0677,22.8888,22.3436,22.4008,21.8684,21.6383,21.0166,20.6797,20.1442,19.4660,18.9234,18.4664,18.1391,17.8516,17.6368,17.3993,17.1002,17.2143,16.8490,21.4024,21.1481,20.7507,20.3704,19.9568,21.2945,20.9504,20.5863,20.3283,20.1008,19.9670,19.8541,19.7434,19.6464,19.5340,19.4093,19.4181,19.4092,19.3452,19.7110,19.6185,19.5576,19.6668,19.5747,19.5871,19.5052,19.4595,19.5462,19.6029,19.9727,20.0705,20.1554,20.0345,19.9065,19.8492,19.6483,19.5355,19.4882,19.6129,19.6616,19.8091,20.0965,20.1418,20.4621,20.7614,21.0834,21.2539,21.4803,21.7364,22.3319,22.8200,23.4885,23.6485,23.7492,23.8088,23.8601,23.8408,24.5448,24.4529,24.3947,24.5779,24.4442,24.3107,24.3025,24.1236,23.9994,23.7652,23.5061,23.3019,25.8036,25.6340,25.5202,25.3477,25.1999,25.1064,24.9606,24.8241,24.6561,24.4844,24.3757,24.2613,24.1788,24.0247,23.8605,23.7060,23.5448,23.3909,23.2819,23.2147,23.1924,23.2281,23.1933,23.1606,23.1313,23.1058,23.0837,23.0648,23.0495,23.0380,23.0305,23.0273,23.0286,23.0344,23.0449,23.0601,23.0799,23.1043,23.1330,23.1662,23.2050,23.2508,23.3006,23.3546,23.4130,23.4757,23.5428,23.6147,23.6917,23.7741,23.8619,23.9554,24.0546,24.1592,24.2692,24.3842,24.5038,24.6279,24.7558,24.8874,25.0223,25.1602,25.3009,25.4442,25.5899,25.7381,25.8887,26.0418,26.1975,26.3560,26.5174,26.6822,26.8505,27.0227,27.1992,27.3803,27.5664,27.7579,27.9550,28.1581,28.3675,28.5832,28.8055,29.0345,29.2700,29.5120,29.7602,30.0145,30.2743,30.5394,30.8092,31.0831,31.3604,31.6406,31.9228,32.2063,32.4902,32.7738,33.0562,33.3363,33.6126,33.8814,34.1312,34.3221
45108.7500000,15.4550,15.3839,15.3889,15.1479,14.9331,14.6656,17.8184,17.6110,17.4319,17.2018,16.9470,16.6913,17.6883,17.4154,17.1455,16.7460,16.3936,16.0937,15.8820,15.7288,15.6385,15.5179,15.3704,15.2216,14.9201,17.0473,16.9698,16.5932,16.7792,16.6276,16.3343,16.0539,15.7815,15.6624,15.5038,15.2377,15.1645,14.9897,17.0181,16.8130,16.5186,16.4529,16.1932,15.8218,15.2267,14.7208,16.9815,16.6302,16.4191,16.0826,15.8634,15.5588,15.3402,14.6853,14.6820,14.7911,14.9303,14.9136,15.2306,15.2137,15.3188,15.5526,15.7625,15.8716,15.9393,16.9244,17.0898,16.9808,16.9350,16.9712,16.9946,16.8936,16.8101,16.6864,16.4967,16.3797,16.2629,16.5434,16.3240,15.9839,15.7315,15.5697,16.4948,16.1855,16.4285,16.0319,15.7606,15.2768,14.9463,14.5794,14.0310,13.6062,13.3578,13.1209,12.8629,12.6596,12.4042,12.0639,12.0856,11.6270,15.8842,15.5139,15.0270,14.5390,14.0177,15.2231,14.8516,14.4066,14.0333,13.6750,13.4075,13.2282,13.0500,12.9103,12.7250,12.5734,12.5245,12.4384,12.2504,12.5839,12.4489,12.3413,12.3698,12.2693,12.1455,12.0723,12.0011,11.9753,11.9564,12.2417,12.2810,12.3272,12.2981,12.2501,12.2847,12.1825,12.1292,12.0997,12.0830,12.0506,12.0208,12.2017,12.1434,12.2221,12.3175,12.5516,12.6638,12.8144,13.0257,13.5586,14.0395,14.5960,14.8027,14.9339,15.0953,15.2040,15.2733,16.0678,16.0846,16.1107,16.4038,16.4003,16.3940,16.4600,16.3997,16.3539,16.2186,16.0409,15.8731,18.4331,18.2640,18.1576,18.0022,17.8784,17.7946,17.6583,17.5403,17.4192,17.2897,17.2083,17.1131,17.0633,16.9529,16.8323,16.7469,16.6564,16.5712,16.4988,16.4289,16.3927,16.4117,16.3614,16.3146,16.2726,16.2350,16.2015,16.1715,16.1454,16.1231,16.1044,16.0893,16.0776,16.0694,16.0644,16.0629,16.0647,16.0699,16.0785,16.0908,16.1079,16.1310,16.1578,16.1884,16.2228,16.2609,16.3025,16.3475,16.3959,16.4478,16.5030,16.5616,16.6234,16.6886,16.7570,16.8286,16.9036,16.9819,17.0636,17.1487,17.2373,17.3295,17.4253,17.5247,17.6279,17.7347,17.8452,17.9592,18.0768,18.1977,18.3219,18.4492,18.5794,18.7124,18.8481,18.9862,19.1268,19.2696,19.4147,19.5620,19.7115,19.8632,20.0172,20.1735,20.3324,20.4939,20.6581,20.8254,20.9957,21.1695,21.3467,21.5276,21.7123,21.9010,22.0937,22.2905,22.4915,22.6966,22.9056,23.1182,23.3336,23.5489,23.7539,23.9140
45108.7916667,11.5897,11.4295,11.3414,11.1574,10.9826,10.6584,13.6787,13.3857,13.1520,12.9138,12.6875,12.4397,13.5229,13.2585,13.0229,12.6886,12.4108,12.1803,11.9782,11.8478,11.7554,11.6218,11.5386,11.3794,11.1616,13.1926,13.0893,12.8034,13.0573,12.9595,12.7036,12.3975,12.0964,11.8840,11.6133,11.3185,11.2573,11.0736,13.0651,12.9194,12.7659,12.7441,12.5732,12.3351,11.8563,11.3573,13.4804,13.1719,12.9845,12.6726,12.4258,12.1142,11.8263,10.7625,10.0575,10.0747,10.1213,10.0499,10.3146,10.2543,10.3146,10.4715,10.5980,10.6642,10.7170,11.7523,11.9375,11.8533,11.7886,11.8180,11.8707,11.8696,11.8792,11.8665,11.7932,11.7336,11.6614,12.0096,11.8889,11.6909,11.5274,11.4165,12.3385,12.1298,12.4923,12.2208,12.0234,11.6852,11.4448,11.1845,10.8290,10.5051,10.3140,10.1129,9.9288,9.7820,9.5760,9.3016,9.3947,9.0379,12.9086,12.5968,12.1901,11.7583,11.2400,12.3327,11.9552,11.4613,11.0217,10.5884,10.2059,9.9823,9.7524,9.5700,9.3257,9.1229,8.9755,8.7814,8.4504,8.6989,8.4866,8.3001,8.2444,8.0539,7.8695,7.7785,7.6962,7.6118,7.5531,7.7746,7.7268,7.6945,7.6473,7.5346,7.5289,7.4250,7.3942,7.3342,7.3096,7.2745,7.2404,7.4345,7.3780,7.3723,7.3797,7.5471,7.5839,7.6290,7.6728,7.7399,8.0074,8.4047,8.6079,8.7485,8.9424,9.0854,9.2239,10.1397,10.2412,10.3349,10.6981,10.7559,10.7974,10.9133,10.9391,10.9691,10.9479,10.8897,10.8202,13.5076,13.4155,13.3847,13.3079,13.2366,13.1867,13.0857,13.0056,12.9188,12.8264,12.7827,12.7176,12.6889,12.6142,12.5272,12.4525,12.3730,12.2970,12.2280,12.1581,12.1178,12.1283,12.0682,12.0090,11.9521,11.8976,11.8453,11.7954,11.7482,11.7041,11.6632,11.6257,11.5918,11.5614,11.5348,11.5121,11.4931,11.4780,11.4669,11.4598,11.4575,11.4609,11.4682,11.4792,11.4939,11.5121,11.5335,11.5580,11.5855,11.6161,11.6496,11.6859,11.7251,11.7672,11.8120,11.8596,11.9099,11.9630,12.0189,12.0774,12.1387,12.2027,12.2694,12.3387,12.4108,12.4855,12.5629,12.6429,12.7256,12.8110,12.8990,12.9897,13.0831,13.1792,13.2780,13.3795,13.4837,13.5905,13.7000,13.8122,13.9269,14.0442,14.1640,14.2861,14.4106,14.5374,14.6663,14.7973,14.9304,15.0654,15.2022,15.3410,15.4815,15.6238,15.7680,15.9139,16.0616,16.2112,16.3626,16.5159,16.6704,16.8245,16.9714,17.0866
45108.8333333,3.3890,3.1327,2.9586,2.7380,2.5333,2.1685,5.0639,4.6741,4.4163,4.1827,3.9311,3.6797,4.8893,4.5749,4.3063,3.9263,3.6276,3.4064,3.1641,3.0163,2.9022,2.7466,2.6668,2.5293,2.3750,4.3656,4.2437,4.0053,4.2340,4.1277,3.8833,3.6424,3.4065,3.2125,2.9387,2.6674,2.6496,2.4534,4.4264,4.2491,4.0789,4.0503,3.9073,3.6978,3.2613,2.8538,4.9713,4.7120,4.5563,4.2759,4.0271,3.6993,3.3749,2.1037,1.0538,1.0222,1.0287,0.9558,1.2094,1.1448,1.1842,1.2711,1.3007,1.2847,1.2678,2.2456,2.3244,2.0685,1.8398,1.8436,1.8872,1.8873,1.9010,1.9072,1.8548,1.8576,1.8934,2.3539,2.3228,2.2366,2.1911,2.1649,3.1240,3.0097,3.4614,3.2678,3.0879,2.8430,2.6477,2.4269,2.1566,1.9147,1.7767,1.6092,1.4669,1.3513,1.2064,1.0078,1.1826,0.9197,4.6936,4.4113,4.0498,3.6813,3.2590,4.3420,4.0194,3.6000,3.1963,2.7711,2.3524,2.0935,1.8278,1.6133,1.3341,1.0987,0.9125,0.6645,0.2130,0.4019,0.1239,-0.1205,-0.2486,-0.5327,-0.7991,-0.9327,-1.0801,-1.2420,-1.3770,-1.2503,-1.3703,-1.4594,-1.5398,-1.6835,-1.7179,-1.8471,-1.9291,-2.0721,-2.1901,-2.2764,-2.3616,-2.2036,-2.2706,-2.3167,-2.3503,-2.2011,-2.1783,-2.1526,-2.1811,-2.4495,-2.5264,-2.4105,-2.2348,-2.1140,-1.9148,-1.7736,-1.6484,-0.6577,-0.5434,-0.4256,-0.0037,0.0885,0.1667,0.3165,0.3871,0.4642,0.5121,0.5373,0.5406,3.3883,3.3599,3.3913,3.3681,3.3419,3.3430,3.2979,3.2753,3.2467,3.2052,3.1935,3.1566,3.1675,3.1259,3.0710,3.0214,2.9616,2.9004,2.8419,2.7796,2.7436,2.7551,2.6959,2.6361,2.5771,2.5192,2.4624,2.4067,2.3526,2.3005,2.2503,2.2023,2.1566,2.1132,2.0722,2.0337,1.9977,1.9644,1.9337,1.9060,1.8820,1.8625,1.8461,1.8328,1.8229,1.8162,1.8126,1.8121,1.8149,1.8208,1.8299,1.8421,1.8575,1.8760,1.8976,1.9221,1.9497,1.9802,2.0135,2.0496,2.0884,2.1300,2.1741,2.2209,2.2701,2.3219,2.3761,2.4327,2.4916,2.5530,2.6166,2.6825,2.7507,2.8212,2.8939,2.9688,3.0460,3.1253,3.2068,3.2904,3.3762,3.4642,3.5543,3.6465,3.7408,3.8372,3.9357,4.0363,4.1390,4.2437,4.3504,4.4591,4.5697,4.6823,4.7968,4.9131,5.0312,5.1510,5.2725,5.3955,5.5196,5.6432,5.7609,5.8536
45108.8750000,-5.7247,-5.8897,-6.0085,-6.0965,-6.2129,-6.5574,-3.7938,-4.2354,-4.5047,-4.7474,-5.0224,-5.3139,-3.9071,-4.3134,-4.6432,-5.0979,-5.4471,-5.6880,-6.0069,-6.1627,-6.2990,-6.4950,-6.5886,-6.7204,-6.8360,-4.9325,-5.1474,-5.3803,-5.2150,-5.3423,-5.6051,-5.8301,-6.0129,-6.1786,-6.4378,-6.6212,-6.5647,-6.7395,-4.7351,-4.8785,-5.0117,-5.0478,-5.1742,-5.3534,-5.8391,-6.3013,-4.2687,-4.4956,-4.6242,-4.8891,-5.1281,-5.4470,-5.7614,-7.1977,-8.4554,-8.4609,-8.4277,-8.4594,-8.1880,-8.2242,-8.1766,-8.1334,-8.1534,-8.1989,-8.2529,-7.2998,-7.3477,-7.8150,-8.3307,-8.3680,-8.3403,-8.3443,-8.3344,-8.3236,-8.4437,-8.4853,-8.3800,-7.8604,-7.8191,-7.8473,-7.8103,-7.7966,-6.8059,-6.8661,-6.3668,-6.5183,-6.6870,-6.8419,-6.9756,-7.1384,-7.3150,-7.4627,-7.5648,-7.7167,-7.8225,-7.9080,-8.0195,-8.1804,-7.9730,-8.1785,-4.7102,-4.9014,-5.1614,-5.4302,-5.7525,-4.6377,-4.8828,-5.2277,-5.5864,-5.9736,-6.3693,-6.6070,-6.8512,-7.0445,-7.2927,-7.5063,-7.6791,-7.9344,-8.4592,-8.3119,-8.6314,-8.9112,-9.0777,-9.4053,-9.7149,-9.8679,-10.0507,-10.2771,-10.4671,-10.4245,-10.6184,-10.7748,-10.8953,-11.1210,-11.2331,-11.4211,-11.5579,-11.7935,-12.0119,-12.1477,-12.2851,-12.1789,-12.2865,-12.4200,-12.5343,-12.4116,-12.4173,-12.4248,-12.5173,-13.0589,-13.4017,-13.5524,-13.3909,-13.2766,-13.0794,-12.9437,-12.8403,-11.8458,-11.7242,-11.5902,-11.1230,-11.0032,-10.8964,-10.7357,-10.6603,-10.5939,-10.5657,-10.5405,-10.5274,-7.5734,-7.5637,-7.4757,-7.4443,-7.4223,-7.3800,-7.3786,-7.3499,-7.3208,-7.3077,-7.2781,-7.2826,-7.2354,-7.2349,-7.2514,-7.2668,-7.2961,-7.3304,-7.3651,-7.4067,-7.4255,-7.4004,-7.4465,-7.4954,-7.5456,-7.5968,-7.6488,-7.7014,-7.7544,-7.8073,-7.8600,-7.9123,-7.9639,-8.0148,-8.0647,-8.1134,-8.1608,-8.2067,-8.2509,-8.2931,-8.3327,-8.3689,-8.4029,-8.4344,-8.4633,-8.4898,-8.5139,-8.5354,-8.5545,-8.5710,-8.5849,-8.5962,-8.6049,-8.6109,-8.6143,-8.6150,-8.6130,-8.6082,-8.6008,-8.5905,-8.5776,-8.5619,-8.5434,-8.5222,-8.4982,-8.4715,-8.4422,-8.4102,-8.3755,-8.3383,-8.2985,-8.2561,-8.2114,-8.1642,-8.1146,-8.0627,-8.0085,-7.9521,-7.8934,-7.8327,-7.7698,-7.7048,-7.6378,-7.5688,-7.4979,-7.4250,-7.3501,-7.2734,-7.1949,-7.1145,-7.0322,-6.9482,-6.8624,-6.7749,-6.6856,-6.5947,-6.5020,-6.4077,-6.3117,-6.2142,-6.1156,-6.0169,-5.9225,-5.8476
45108.9166667,-10.1478,-10.3805,-10.5510,-10.6755,-10.8067,-11.1184,-8.4223,-8.7876,-9.0142,-9.2224,-9.4595,-9.7230,-8.0425,-8.4562,-8.8085,-9.2974,-9.6968,-9.9932,-10.3782,-10.5890,-10.7771,-11.0203,-11.1562,-11.3240,-11.4665,-9.6708,-9.8980,-10.1423,-10.0134,-10.1679,-10.4600,-10.7145,-10.9167,-11.0946,-11.3496,-11.5187,-11.4447,-11.5919,-9.5644,-9.6865,-9.7902,-9.8156,-9.9179,-10.0641,-10.4720,-10.8893,-8.9185,-9.1507,-9.2924,-9.5592,-9.8021,-10.1187,-10.4472,-11.8944,-13.2543,-13.3081,-13.3175,-13.3786,-13.1406,-13.1892,-13.1493,-13.1103,-13.1291,-13.1701,-13.2237,-12.2547,-12.3069,-12.8027,-13.4423,-13.5576,-13.5990,-13.6604,-13.6965,-13.7309,-13.9086,-14.0017,-13.9227,-13.4165,-13.3801,-13.3996,-13.3562,-13.3319,-12.2960,-12.3278,-11.8030,-11.9088,-12.0364,-12.1496,-12.2454,-12.3682,-12.4976,-12.6017,-12.6631,-12.7822,-12.8630,-12.9323,-13.0180,-13.1446,-12.9102,-13.0747,-9.6690,-9.8521,-10.0911,-10.3290,-10.6082,-9.4571,-9.6633,-9.9458,-10.2390,-10.5575,-10.8871,-11.0908,-11.3024,-11.4748,-11.6964,-11.8905,-12.0440,-12.2757,-12.7350,-12.5915,-12.8924,-13.1619,-13.3412,-13.6738,-13.9948,-14.1674,-14.3654,-14.6058,-14.8171,-14.8147,-15.0420,-15.2390,-15.4044,-15.6838,-15.8610,-16.1149,-16.3112,-16.6049,-16.8915,-17.0951,-17.3011,-17.2618,-17.4317,-17.6330,-17.8126,-17.7423,-17.8043,-17.8656,-18.0361,-18.7725,-19.3347,-19.7198,-19.6228,-19.5560,-19.4094,-19.3142,-19.2498,-18.2281,-18.1304,-18.0147,-17.5346,-17.4233,-17.3217,-17.1649,-17.0885,-17.0189,-16.9841,-16.9563,-16.9435,-13.9349,-13.9217,-13.8272,-13.7873,-13.7574,-13.7050,-13.6893,-13.6441,-13.6006,-13.5712,-13.5247,-13.5103,-13.4449,-13.4226,-13.4102,-13.3947,-13.3913,-13.3916,-13.3918,-13.3985,-13.3832,-13.3258,-13.3392,-13.3568,-13.3775,-13.4012,-13.4279,-13.4574,-13.4896,-13.5241,-13.5608,-13.5993,-13.6393,-13.6807,-13.7231,-13.7663,-13.8100,-13.8539,-13.8977,-13.9413,-13.9838,-14.0247,-14.0647,-14.1036,-14.1413,-14.1777,-14.2128,-14.2465,-14.2787,-14.3093,-14.3382,-14.3654,-14.3907,-14.4140,-14.4354,-14.4547,-14.4719,-14.4869,-14.4997,-14.5103,-14.5186,-14.5245,-14.5281,-14.5293,-14.5282,-14.5246,-14.5186,-14.5102,-14.4993,-14.4860,-14.4702,-14.4520,-14.4313,-14.4083,-14.3827,-14.3548,-14.3245,-14.2917,-14.2566,-14.2192,-14.1794,-14.1374,-14.0931,-14.0465,-13.9978,-13.9469,-13.8939,-13.8389,-13.7818,-13.7227,-13.6617,-13.5987,-13.5339,-13.4673,-13.3989,-13.3287,-13.2568,-13.1832,-13.1080,-13.0313,-12.9534,-12.8751,-12.7999,-12.7400
45108.9583333,-10.5472,-10.7796,-10.9583,-11.0930,-11.2357,-11.5532,-8.9761,-9.3498,-9.5840,-9.7968,-10.0298,-10.2812,-8.2429,-8.6381,-8.9770,-9.4417,-9.8302,-10.1313,-10.5305,-10.7670,-10.9875,-11.2677,-11.4439,-11.6563,-11.8423,-10.1770,-10.4520,-10.7341,-10.6590,-10.8425,-11.1570,-11.4331,-11.6536,-11.8504,-12.1224,-12.3070,-12.2558,-12.4141,-10.4036,-10.5263,-10.6271,-10.6564,-10.7530,-10.8816,-11.2380,-11.6007,-9.6490,-9.8527,-9.9820,-10.2204,-10.4445,-10.7396,-11.0591,-12.4498,-13.8105,-13.8931,-13.9335,-14.0208,-13.8221,-13.8990,-13.8923,-13.8916,-13.9463,-14.0179,-14.0990,-13.1469,-13.2135,-13.6936,-14.3140,-14.4424,-14.5041,-14.5851,-14.6431,-14.7068,-14.9345,-15.0925,-15.0565,-14.5966,-14.5993,-14.6665,-14.6520,-14.6523,-13.6193,-13.6684,-13.1720,-13.2785,-13.3997,-13.4941,-13.5670,-13.6600,-13.7524,-13.8241,-13.8588,-13.9557,-14.0186,-14.0745,-14.1422,-14.2462,-13.9979,-14.1337,-10.6962,-10.8556,-11.0628,-11.2673,-11.5103,-10.3428,-10.5250,-10.7742,-11.0337,-11.3148,-11.6038,-11.7823,-11.9664,-12.1168,-12.3093,-12.4782,-12.6059,-12.8073,-13.1960,-13.0407,-13.3054,-13.5408,-13.7014,-13.9984,-14.2938,-14.4580,-14.6482,-14.8795,-15.0884,-15.0971,-15.3284,-15.5360,-15.7168,-16.0124,-16.2180,-16.5035,-16.7332,-17.0602,-17.3880,-17.6346,-17.8866,-17.8978,-18.1153,-18.3733,-18.6100,-18.5872,-18.7028,-18.8174,-19.0649,-19.9838,-20.7237,-21.2983,-21.2574,-21.2346,-21.1417,-21.0959,-21.0896,-20.1039,-20.0534,-19.9807,-19.5166,-19.4305,-19.3504,-19.2189,-19.1717,-19.1325,-19.1308,-19.1241,-19.1229,-16.0848,-16.0715,-15.9761,-15.9346,-15.9022,-15.8473,-15.8281,-15.7795,-15.7319,-15.6983,-15.6480,-15.6290,-15.5593,-15.5315,-15.5130,-15.4910,-15.4801,-15.4721,-15.4631,-15.4595,-15.4330,-15.3640,-15.3633,-15.3655,-15.3695,-15.3750,-15.3822,-15.3912,-15.4017,-15.4136,-15.4270,-15.4418,-15.4580,-15.4756,-15.4944,-15.5146,-15.5360,-15.5587,-15.5824,-15.6072,-15.6326,-15.6581,-15.6843,-15.7112,-15.7386,-15.7665,-15.7948,-15.8234,-15.8520,-15.8807,-15.9092,-15.9374,-15.9652,-15.9924,-16.0189,-16.0446,-16.0693,-16.0929,-16.1154,-16.1366,-16.1565,-16.1749,-16.1918,-16.2071,-16.2207,-16.2326,-16.2427,-16.2510,-16.2574,-16.2619,-16.2644,-16.2650,-16.2634,-16.2599,-16.2542,-16.2464,-16.2365,-16.2245,-16.2103,-16.1940,-16.1755,-16.1549,-16.1321,-16.1071,-16.0800,-16.0508,-16.0194,-15.9859,-15.9503,-15.9126,-15.8728,-15.8310,-15.7872,-15.7414,-15.6935,-15.6438,-15.5921,-15.5386,-15.4832,-15.4261,-15.3675,-15.3081,-15.2505,-15.2042
