File Created:,Thu Apr  4 08:03:31 2024
Heat Source Version:,9.0.0b26
Simulation Name:,WFK23
User Text:,Westfork Kickapoo
Output:,Solar Radiation Flux Entering Stream (watts/square meter)
""
Datetime,27.200,27.100,27.000,26.900,26.800,26.700,26.600,26.500,26.400,26.300,26.200,26.100,26.000,25.900,25.800,25.700,25.600,25.500,25.400,25.300,25.200,25.100,25.000,24.900,24.800,24.700,24.600,24.500,24.400,24.300,24.200,24.100,24.000,23.900,23.800,23.700,23.600,23.500,23.400,23.300,23.200,23.100,23.000,22.900,22.800,22.700,22.600,22.500,22.400,22.300,22.200,22.100,22.000,21.900,21.800,21.700,21.600,21.500,21.400,21.300,21.200,21.100,21.000,20.900,20.800,20.700,20.600,20.500,20.400,20.300,20.200,20.100,20.000,19.900,19.800,19.700,19.600,19.500,19.400,19.300,19.200,19.100,19.000,18.900,18.800,18.700,18.600,18.500,18.400,18.300,18.200,18.100,18.000,17.900,17.800,17.700,17.600,17.500,17.400,17.300,17.200,17.100,17.000,16.900,16.800,16.700,16.600,16.500,16.400,16.300,16.200,16.100,16.000,15.900,15.800,15.700,15.600,15.500,15.400,15.300,15.200,15.100,15.000,14.900,14.800,14.700,14.600,14.500,14.400,14.300,14.200,14.100,14.000,13.900,13.800,13.700,13.600,13.500,13.400,13.300,13.200,13.100,13.000,12.900,12.800,12.700,12.600,12.500,12.400,12.300,12.200,12.100,12.000,11.900,11.800,11.700,11.600,11.500,11.400,11.300,11.200,11.100,11.000,10.900,10.800,10.700,10.600,10.500,10.400,10.300,10.200,10.100,10.000,9.900,9.800,9.700,9.600,9.500,9.400,9.300,9.200,9.100,9.000,8.900,8.800,8.700,8.600,8.500,8.400,8.300,8.200,8.100,8.000,7.900,7.800,7.700,7.600,7.500,7.400,7.300,7.200,7.100,7.000,6.900,6.800,6.700,6.600,6.500,6.400,6.300,6.200,6.100,6.000,5.900,5.800,5.700,5.600,5.500,5.400,5.300,5.200,5.100,5.000,4.900,4.800,4.700,4.600,4.500,4.400,4.300,4.200,4.100,4.000,3.900,3.800,3.700,3.600,3.500,3.400,3.300,3.200,3.100,3.000,2.900,2.800,2.700,2.600,2.500,2.400,2.300,2.200,2.100,2.000,1.900,1.800,1.700,1.600,1.500,1.400,1.300,1.200,1.100,1.000,0.900,0.800,0.700,0.600,0.500,0.400,0.300,0.200,0.100,0.000
45108.0000000,0.0000,0.0000,0.0000,0.0000,0.0000,0.0000,0.0000,0.0000,0.0000,0.0000,0.0000,0.0000,0.0000,0.0000,0.0000,0.0000,0.0000,0.0000,0.0000,0.0000,0.0000,0.0000,0.0000,0.0000,0.0000,0.0000,0.0000,0.0000,0.0000,0.0000,0.0000,0.0000,0.0000,0.0000,0.0000,0.0000,0.0000,0.0000,0.0000,0.0000,0.0000,0.0000,0.0000,0.0000,0.0000,0.0000,0.0000,0.0000,0.0000,0.0000,0.0000,0.0000,0.0000,0.0000,0.0000,0.0000,0.0000,0.0000,0.0000,0.0000,0.0000,0.0000,0.0000,0.0000,0.0000,0.0000,0.0000,0.0000,0.0000,0.0000,0.0000,0.0000,0.0000,0.0000,0.0000,0.0000,0.0000,0.0000,0.0000,0.0000,0.0000,0.0000,0.0000,0.0000,0.0000,0.0000,0.0000,0.0000,0.0000,0.0000,0.0000,0.0000,0.0000,0.0000,0.0000,0.0000,0.0000,0.0000,0.0000,0.0000,0.0000,0.0000,0.0000,0.0000,0.0000,0.0000,0.0000,0.0000,0.0000,0.0000,0.0000,0.0000,0.0000,0.0000,0.0000,0.0000,0.0000,0.0000,0.0000,0.0000,0.0000,0.0000,0.0000,0.0000,0.0000,0.0000,0.0000,0.0000,0.0000,0.0000,0.0000,0.0000,0.0000,0.0000,0.0000,0.0000,0.0000,0.0000,0.0000,0.0000,0.0000,0.0000,0.0000,0.0000,0.0000,0.0000,0.0000,0.0000,0.0000,0.0000,0.0000,0.0000,0.0000,0.0000,0.0000,0.0000,0.0000,0.0000,0.0000,0.0000,0.0000,0.0000,0.0000,0.0000,0.0000,0.0000,0.0000,0.0000,0.0000,0.0000,0.0000,0.0000,0.0000,0.0000,0.0000,0.0000,0.0000,0.0000,0.0000,0.0000,0.0000,0.0000,0.0000,0.0000,0.0000,0.0000,0.0000,0.0000,0.0000,0.0000,0.0000,0.0000,0.0000,0.0000,0.0000,0.0000,0.0000,0.0000,0.0000,0.0000,0.0000,0.0000,0.0000,0.0000,0.0000,0.0000,0.0000,0.0000,0.0000,0.0000,0.0000,0.0000,0.0000,0.0000,0.0000,0.0000,0.0000,0.0000,0.0000,0.0000,0.0000,0.0000,0.0000,0.0000,0.0000,0.0000,0.0000,0.0000,0.0000,0.0000,0.0000,0.0000,0.0000,0.0000,0.0000,0.0000,0.0000,0.0000,0.0000,0.0000,0.0000,0.0000,0.0000,0.0000,0.0000,0.0000,0.0000,0.0000,0.0000,0.0000,0.0000,0.0000,0.0000,0.0000,0.0000,0.0000,0.0000,0.0000,0.0000,0.0000,0.0000,0.0000,0.0000,0.0000,0.0000,0.0000,0.0000,0.0000,0.0000,0.0000,0.0000,0.0000,0.0000
45108.0416667,0.0000,0.0000,0.0000,0.0000,0.0000,0.0000,0.0000,0.0000,0.0000,0.0000,0.0000,0.0000,0.0000,0.0000,0.0000,0.0000,0.0000,0.0000,0.0000,0.0000,0.0000,0.0000,0.0000,0.0000,0.0000,0.0000,0.0000,0.0000,0.0000,0.0000,0.0000,0.0000,0.0000,0.0000,0.0000,0.0000,0.0000,0.0000,0.0000,0.0000,0.0000,0.0000,0.0000,0.0000,0.0000,0.0000,0.0000,0.0000,0.0000,0.0000,0.0000,0.0000,0.0000,0.0000,0.0000,0.0000,0.0000,0.0000,0.0000,0.0000,0.0000,0.0000,0.0000,0.0000,0.0000,0.0000,0.0000,0.0000,0.0000,0.0000,0.0000,0.0000,0.0000,0.0000,0.0000,0.0000,0.0000,0.0000,0.0000,0.0000,0.0000,0.0000,0.0000,0.0000,0.0000,0.0000,0.0000,0.0000,0.0000,0.0000,0.0000,0.0000,0.0000,0.0000,0.0000,0.0000,0.0000,0.0000,0.0000,0.0000,0.0000,0.0000,0.0000,0.0000,0.0000,0.0000,0.0000,0.0000,0.0000,0.0000,0.0000,0.0000,0.0000,0.0000,0.0000,0.0000,0.0000,0.0000,0.0000,0.0000,0.0000,0.0000,0.0000,0.0000,0.0000,0.0000,0.0000,0.0000,0.0000,0.0000,0.0000,0.0000,0.0000,0.0000,0.0000,0.0000,0.0000,0.0000,0.0000,0.0000,0.0000,0.0000,0.0000,0.0000,0.0000,0.0000,0.0000,0.0000,0.0000,0.0000,0.0000,0.0000,0.0000,0.0000,0.0000,0.0000,0.0000,0.0000,0.0000,0.0000,0.0000,0.0000,0.0000,0.0000,0.0000,0.0000,0.0000,0.0000,0.0000,0.0000,0.0000,0.0000,0.0000,0.0000,0.0000,0.0000,0.0000,0.0000,0.0000,0.0000,0.0000,0.0000,0.0000,0.0000,0.0000,0.0000,0.0000,0.0000,0.0000,0.0000,0.0000,0.0000,0.0000,0.0000,0.0000,0.0000,0.0000,0.0000,0.0000,0.0000,0.0000,0.0000,0.0000,0.0000,0.0000,0.0000,0.0000,0.0000,0.0000,0.0000,0.0000,0.0000,0.0000,0.0000,0.0000,0.0000,0.0000,0.0000,0.0000,0.0000,0.0000,0.0000,0.0000,0.0000,0.0000,0.0000,0.0000,0.0000,0.0000,0.0000,0.0000,0.0000,0.0000,0.0000,0.0000,0.0000,0.0000,0.0000,0.0000,0.0000,0.0000,0.0000,0.0000,0.0000,0.0000,0.0000,0.0000,0.0000,0.0000,0.0000,0.0000,0.0000,0.0000,0.0000,0.0000,0.0000,0.0000,0.0000,0.0000,0.0000,0.0000,0.0000,0.0000,0.0000,0.0000,0.0000,0.0000,0.0000,0.0000,0.0000,0.0000,0.0000,0.0000
45108.0833333,0.0000,0.0000,0.0000,0.0000,0.0000,0.0000,0.0000,0.0000,0.0000,0.0000,0.0000,0.0000,0.0000,0.0000,0.0000,0.0000,0.0000,0.0000,0.0000,0.0000,0.0000,0.0000,0.0000,0.0000,0.0000,0.0000,0.0000,0.0000,0.0000,0.0000,0.0000,0.0000,0.0000,0.0000,0.0000,0.0000,0.0000,0.0000,0.0000,0.0000,0.0000,0.0000,0.0000,0.0000,0.0000,0.0000,0.0000,0.0000,0.0000,0.0000,0.0000,0.0000,0.0000,0.0000,0.0000,0.0000,0.0000,0.0000,0.0000,0.0000,0.0000,0.0000,0.0000,0.0000,0.0000,0.0000,0.0000,0.0000,0.0000,0.0000,0.0000,0.0000,0.0000,0.0000,0.0000,0.0000,0.0000,0.0000,0.0000,0.0000,0.0000,0.0000,0.0000,0.0000,0.0000,0.0000,0.0000,0.0000,0.0000,0.0000,0.0000,0.0000,0.0000,0.0000,0.0000,0.0000,0.0000,0.0000,0.0000,0.0000,0.0000,0.0000,0.0000,0.0000,0.0000,0.0000,0.0000,0.0000,0.0000,0.0000,0.0000,0.0000,0.0000,0.0000,0.0000,0.0000,0.0000,0.0000,0.0000,0.0000,0.0000,0.0000,0.0000,0.0000,0.0000,0.0000,0.0000,0.0000,0.0000,0.0000,0.0000,0.0000,0.0000,0.0000,0.0000,0.0000,0.0000,0.0000,0.0000,0.0000,0.0000,0.0000,0.0000,0.0000,0.0000,0.0000,0.0000,0.0000,0.0000,0.0000,0.0000,0.0000,0.0000,0.0000,0.0000,0.0000,0.0000,0.0000,0.0000,0.0000,0.0000,0.0000,0.0000,0.0000,0.0000,0.0000,0.0000,0.0000,0.0000,0.0000,0.0000,0.0000,0.0000,0.0000,0.0000,0.0000,0.0000,0.0000,0.0000,0.0000,0.0000,0.0000,0.0000,0.0000,0.0000,0.0000,0.0000,0.0000,0.0000,0.0000,0.0000,0.0000,0.0000,0.0000,0.0000,0.0000,0.0000,0.0000,0.0000,0.0000,0.0000,0.0000,0.0000,0.0000,0.0000,0.0000,0.0000,0.0000,0.0000,0.0000,0.0000,0.0000,0.0000,0.0000,0.0000,0.0000,0.0000,0.0000,0.0000,0.0000,0.0000,0.0000,0.0000,0.0000,0.0000,0.0000,0.0000,0.0000,0.0000,0.0000,0.0000,0.0000,0.0000,0.0000,0.0000,0.0000,0.0000,0.0000,0.0000,0.0000,0.0000,0.0000,0.0000,0.0000,0.0000,0.0000,0.0000,0.0000,0.0000,0.0000,0.0000,0.0000,0.0000,0.0000,0.0000,0.0000,0.0000,0.0000,0.0000,0.0000,0.0000,0.0000,0.0000,0.0000,0.0000,0.0000,0.0000,0.0000,0.0000,0.0000,0.0000,0.0000,0.0000
45108.1250000,0.0000,0.0000,0.0000,0.0000,0.0000,0.0000,0.0000,0.0000,0.0000,0.0000,0.0000,0.0000,0.0000,0.0000,0.0000,0.0000,0.0000,0.0000,0.0000,0.0000,0.0000,0.0000,0.0000,0.0000,0.0000,0.0000,0.0000,0.0000,0.0000,0.0000,0.0000,0.0000,0.0000,0.0000,0.0000,0.0000,0.0000,0.0000,0.0000,0.0000,0.0000,0.0000,0.0000,0.0000,0.0000,0.0000,0.0000,0.0000,0.0000,0.0000,0.0000,0.0000,0.0000,0.0000,0.0000,0.0000,0.0000,0.0000,0.0000,0.0000,0.0000,0.0000,0.0000,0.0000,0.0000,0.0000,0.0000,0.0000,0.0000,0.0000,0.0000,0.0000,0.0000,0.0000,0.0000,0.0000,0.0000,0.0000,0.0000,0.0000,0.0000,0.0000,0.0000,0.0000,0.0000,0.0000,0.0000,0.0000,0.0000,0.0000,0.0000,0.0000,0.0000,0.0000,0.0000,0.0000,0.0000,0.0000,0.0000,0.0000,0.0000,0.0000,0.0000,0.0000,0.0000,0.0000,0.0000,0.0000,0.0000,0.0000,0.0000,0.0000,0.0000,0.0000,0.0000,0.0000,0.0000,0.0000,0.0000,0.0000,0.0000,0.0000,0.0000,0.0000,0.0000,0.0000,0.0000,0.0000,0.0000,0.0000,0.0000,0.0000,0.0000,0.0000,0.0000,0.0000,0.0000,0.0000,0.0000,0.0000,0.0000,0.0000,0.0000,0.0000,0.0000,0.0000,0.0000,0.0000,0.0000,0.0000,0.0000,0.0000,0.0000,0.0000,0.0000,0.0000,0.0000,0.0000,0.0000,0.0000,0.0000,0.0000,0.0000,0.0000,0.0000,0.0000,0.0000,0.0000,0.0000,0.0000,0.0000,0.0000,0.0000,0.0000,0.0000,0.0000,0.0000,0.0000,0.0000,0.0000,0.0000,0.0000,0.0000,0.0000,0.0000,0.0000,0.0000,0.0000,0.0000,0.0000,0.0000,0.0000,0.0000,0.0000,0.0000,0.0000,0.0000,0.0000,0.0000,0.0000,0.0000,0.0000,0.0000,0.0000,0.0000,0.0000,0.0000,0.0000,0.0000,0.0000,0.0000,0.0000,0.0000,0.0000,0.0000,0.0000,0.0000,0.0000,0.0000,0.0000,0.0000,0.0000,0.0000,0.0000,0.0000,0.0000,0.0000,0.0000,0.0000,0.0000,0.0000,0.0000,0.0000,0.0000,0.0000,0.0000,0.0000,0.0000,0.0000,0.0000,0.0000,0.0000,0.0000,0.0000,0.0000,0.0000,0.0000,0.0000,0.0000,0.0000,0.0000,0.0000,0.0000,0.0000,0.0000,0.0000,0.0000,0.0000,0.0000,0.0000,0.0000,0.0000,0.0000,0.0000,0.0000,0.0000,0.0000,0.0000,0.0000,0.0000,0.0000,0.0000,0.0000
45108.1666667,0.0000,0.0000,0.0000,0.0000,0.0000,0.0000,0.0000,0.0000,0.0000,0.0000,0.0000,0.0000,0.0000,0.0000,0.0000,0.0000,0.0000,0.0000,0.0000,0.0000,0.0000,0.0000,0.0000,0.0000,0.0000,0.0000,0.0000,0.0000,0.0000,0.0000,0.0000,0.0000,0.0000,0.0000,0.0000,0.0000,0.0000,0.0000,0.0000,0.0000,0.0000,0.0000,0.0000,0.0000,0.0000,0.0000,0.0000,0.0000,0.0000,0.0000,0.0000,0.0000,0.0000,0.0000,0.0000,0.0000,0.0000,0.0000,0.0000,0.0000,0.0000,0.0000,0.0000,0.0000,0.0000,0.0000,0.0000,0.0000,0.0000,0.0000,0.0000,0.0000,0.0000,0.0000,0.0000,0.0000,0.0000,0.0000,0.0000,0.0000,0.0000,0.0000,0.0000,0.0000,0.0000,0.0000,0.0000,0.0000,0.0000,0.0000,0.0000,0.0000,0.0000,0.0000,0.0000,0.0000,0.0000,0.0000,0.0000,0.0000,0.0000,0.0000,0.0000,0.0000,0.0000,0.0000,0.0000,0.0000,0.0000,0.0000,0.0000,0.0000,0.0000,0.0000,0.0000,0.0000,0.0000,0.0000,0.0000,0.0000,0.0000,0.0000,0.0000,0.0000,0.0000,0.0000,0.0000,0.0000,0.0000,0.0000,0.0000,0.0000,0.0000,0.0000,0.0000,0.0000,0.0000,0.0000,0.0000,0.0000,0.0000,0.0000,0.0000,0.0000,0.0000,0.0000,0.0000,0.0000,0.0000,0.0000,0.0000,0.0000,0.0000,0.0000,0.0000,0.0000,0.0000,0.0000,0.0000,0.0000,0.0000,0.0000,0.0000,0.0000,0.0000,0.0000,0.0000,0.0000,0.0000,0.0000,0.0000,0.0000,0.0000,0.0000,0.0000,0.0000,0.0000,0.0000,0.0000,0.0000,0.0000,0.0000,0.0000,0.0000,0.0000,0.0000,0.0000,0.0000,0.0000,0.0000,0.0000,0.0000,0.0000,0.0000,0.0000,0.0000,0.0000,0.0000,0.0000,0.0000,0.0000,0.0000,0.0000,0.0000,0.0000,0.0000,0.0000,0.0000,0.0000,0.0000,0.0000,0.0000,0.0000,0.0000,0.0000,0.0000,0.0000,0.0000,0.0000,0.0000,0.0000,0.0000,0.0000,0.0000,0.0000,0.0000,0.0000,0.0000,0.0000,0.0000,0.0000,0.0000,0.0000,0.0000,0.0000,0.0000,0.0000,0.0000,0.0000,0.0000,0.0000,0.0000,0.0000,0.0000,0.0000,0.0000,0.0000,0.0000,0.0000,0.0000,0.0000,0.0000,0.0000,0.0000,0.0000,0.0000,0.0000,0.0000,0.0000,0.0000,0.0000,0.0000,0.0000,0.0000,0.0000,0.0000,0.0000,0.0000,0.0000,0.0000,0.0000,0.0000,0.0000
45108.2083333,0.0000,0.0000,0.0000,0.0000,0.0000,0.0000,0.0000,0.0000,0.0000,0.0000,0.0000,0.0000,0.0000,0.0000,0.0000,0.0000,0.0000,0.0000,0.0000,0.0000,0.0000,0.0000,0.0000,0.0000,0.0000,0.0000,0.0000,0.0000,0.0000,0.0000,0.0000,0.0000,0.0000,0.0000,0.0000,0.0000,0.0000,0.0000,0.0000,0.0000,0.0000,0.0000,0.0000,0.0000,0.0000,0.0000,0.0000,0.0000,0.0000,0.0000,0.0000,0.0000,0.0000,0.0000,0.0000,0.0000,0.0000,0.0000,0.0000,0.0000,0.0000,0.0000,0.0000,0.0000,0.0000,0.0000,0.0000,0.0000,0.0000,0.0000,0.0000,0.0000,0.0000,0.0000,0.0000,0.0000,0.0000,0.0000,0.0000,0.0000,0.0000,0.0000,0.0000,0.0000,0.0000,0.0000,0.0000,0.0000,0.0000,0.0000,0.0000,0.0000,0.0000,0.0000,0.0000,0.0000,0.0000,0.0000,0.0000,0.0000,0.0000,0.0000,0.0000,0.0000,0.0000,0.0000,0.0000,0.0000,0.0000,0.0000,0.0000,0.0000,0.0000,0.0000,0.0000,0.0000,0.0000,0.0000,0.0000,0.0000,0.0000,0.0000,0.0000,0.0000,0.0000,0.0000,0.0000,0.0000,0.0000,0.0000,0.0000,0.0000,0.0000,0.0000,0.0000,0.0000,0.0000,0.0000,0.0000,0.0000,0.0000,0.0000,0.0000,0.0000,0.0000,0.0000,0.0000,0.0000,0.0000,0.0000,0.0000,0.0000,0.0000,0.0000,0.0000,0.0000,0.0000,0.0000,0.0000,0.0000,0.0000,0.0000,0.0000,0.0000,0.0000,0.0000,0.0000,0.0000,0.0000,0.0000,0.0000,0.0000,0.0000,0.0000,0.0000,0.0000,0.0000,0.0000,0.0000,0.0000,0.0000,0.0000,0.0000,0.0000,0.0000,0.0000,0.0000,0.0000,0.0000,0.0000,0.0000,0.0000,0.0000,0.0000,0.0000,0.0000,0.0000,0.0000,0.0000,0.0000,0.0000,0.0000,0.0000,0.0000,0.0000,0.0000,0.0000,0.0000,0.0000,0.0000,0.0000,0.0000,0.0000,0.0000,0.0000,0.0000,0.0000,0.0000,0.0000,0.0000,0.0000,0.0000,0.0000,0.0000,0.0000,0.0000,0.0000,0.0000,0.0000,0.0000,0.0000,0.0000,0.0000,0.0000,0.0000,0.0000,0.0000,0.0000,0.0000,0.0000,0.0000,0.0000,0.0000,0.0000,0.0000,0.0000,0.0000,0.0000,0.0000,0.0000,0.0000,0.0000,0.0000,0.0000,0.0000,0.0000,0.0000,0.0000,0.0000,0.0000,0.0000,0.0000,0.0000,0.0000,0.0000,0.0000,0.0000,0.0000,0.0000,0.0000,0.0000,0.0000,0.0000
45108.2500000,5.9223,8.7696,6.4939,11.3295,11.4185,12.3526,8.8114,10.0923,12.2295,11.4731,12.6827,11.9802,12.4594,11.5199,10.5214,12.6395,12.7838,12.4529,8.9810,9.7380,7.6189,6.7829,8.8861,9.2827,11.5872,8.3560,4.2255,9.5386,6.3371,6.4968,5.4979,6.8570,9.1165,7.4712,7.4253,10.7258,11.5431,8.3345,12.0966,8.1524,10.9812,5.8779,9.1165,11.4617,11.5341,9.4875,12.2586,11.4167,9.1898,11.2299,9.4804,10.5196,10.3181,6.7223,5.8381,7.6628,8.0855,12.1218,12.7598,12.2653,11.6635,5.7530,4.5762,6.7430,6.3598,10.9681,11.1357,11.6251,11.3522,8.9477,8.2929,11.8060,9.8132,10.3457,9.9499,9.3945,11.6025,9.1315,9.6837,12.3523,13.2013,12.0463,7.9113,9.5074,11.1017,8.8585,4.5434,12.2222,11.2547,10.4668,11.4454,10.8288,8.4649,9.2133,12.1978,11.1053,12.4148,12.7213,12.4531,10.8321,11.2097,9.2036,10.3137,10.3374,12.8454,10.7194,9.9970,12.1840,11.9117,12.4951,10.9136,10.7202,11.5544,11.4348,11.7151,10.6423,11.3545,9.5887,9.6934,12.5579,9.6306,12.0150,7.4057,10.7223,10.2057,12.7017,11.6224,8.6248,8.5949,9.2533,8.4655,7.9351,10.0495,10.0186,10.4555,11.1457,11.4368,8.8544,6.8048,10.4691,10.1783,12.0482,11.8645,5.7279,7.9298,7.3427,8.8600,8.2964,9.2318,9.5461,10.9332,9.7689,10.1396,9.8743,12.0372,9.1426,10.7912,11.2671,11.5402,11.3622,11.1334,11.1206,11.0950,7.7086,10.7366,9.2912,11.0668,12.3637,12.0671,13.1153,10.3336,11.7117,12.4269,12.1022,12.0413,12.9016,12.8694,12.2606,12.9803,12.4265,11.0606,10.5846,8.7399,9.6063,10.4241,9.8627,9.3356,8.8434,8.3620,7.9166,7.5051,7.1252,6.7748,6.4514,6.1527,5.8766,5.6210,5.3841,5.1643,4.9600,4.7697,4.5922,4.4265,4.2714,4.1261,3.9897,3.8615,3.7408,3.6270,3.5196,3.4181,3.3220,3.2309,3.1445,3.0624,2.9843,2.9100,2.8392,2.7716,2.7070,2.6453,2.5863,2.5298,2.4757,2.4237,2.3738,2.3259,2.2799,2.2356,2.1929,2.1518,2.1122,2.0740,2.0372,2.0016,1.9672,1.9339,1.9017,1.8706,1.8404,1.8112,1.7829,1.7554,1.7288,1.7030,1.6779,1.6535,1.6298,1.6068,1.5844,1.5626,1.5414,1.5207,1.5006,1.4810,1.4619,1.4433,1.4252,1.4075,1.3902,1.3734,1.3569,1.3408,1.3251,1.3098,1.2948,1.2801,1.2658,1.2518,1.2381,1.2246,1.2115,1.1986
45108.2916667,19.4895,28.8604,21.3722,38.4511,38.6294,43.0373,31.1190,43.3534,42.2275,40.8921,51.8831,41.4616,42.9309,37.9191,34.6328,41.6052,52.2156,43.1543,31.2852,32.3064,25.0814,22.3299,33.6386,31.8030,38.7391,28.4544,13.9139,32.3979,26.4877,22.0265,26.4211,30.8966,30.8361,24.6038,24.4529,35.3225,48.1278,32.0657,40.8811,26.8503,36.1674,19.3604,30.0287,37.7549,39.4448,34.6592,48.2375,39.1840,31.2948,38.0196,31.2305,34.6538,34.6737,22.8150,26.6775,26.5429,27.5968,44.4979,52.1337,47.8509,38.4232,18.9520,15.0754,22.2132,23.4107,37.6852,46.7809,48.3935,42.0136,31.9877,27.6572,40.6391,32.3385,36.3457,38.3904,33.1755,42.8395,32.2895,32.5453,50.7221,53.5670,41.1330,26.0821,31.3452,36.6008,29.2054,14.9790,40.2946,37.1049,34.5072,37.7377,35.7038,27.9086,30.3776,42.3006,36.6212,40.9397,52.0031,51.1187,36.0157,39.3100,30.9965,34.7889,35.9289,44.0046,36.0885,33.9737,50.2312,41.5163,41.5741,37.1259,35.3566,39.3888,38.5973,40.7678,37.1167,39.1616,32.4235,31.9773,43.4938,32.5425,40.5120,24.4321,39.9546,34.9198,51.9369,40.3348,29.6008,29.0973,31.2461,37.9598,28.5095,33.4521,36.1500,36.3543,38.9554,38.4005,29.2150,22.4537,34.5452,40.3590,41.6027,39.7012,18.9012,26.1675,24.2313,30.2154,30.1567,31.8176,31.5037,36.0814,36.8132,34.4482,32.5876,39.7257,30.1731,36.4945,40.1435,38.7948,38.8107,41.7334,38.0527,41.6070,32.2086,37.5241,36.1078,46.5393,50.8200,49.8408,53.3006,34.6693,48.6679,51.0138,41.0216,41.5745,52.5951,44.3536,41.5509,52.8551,42.5039,37.3349,36.3474,29.5827,32.1843,34.4104,32.5580,30.8188,29.1950,27.6066,26.1367,24.7788,23.5255,22.3691,21.3018,20.3161,19.4049,18.5616,17.7800,17.0545,16.3801,15.7522,15.1666,14.6196,14.1078,13.6282,13.1781,12.7550,12.3567,11.9812,11.6267,11.2917,10.9745,10.6740,10.3888,10.1179,9.8602,9.6149,9.3811,9.1581,8.9451,8.7415,8.5467,8.3602,8.1815,8.0100,7.8455,7.6874,7.5354,7.3892,7.2484,7.1128,6.9821,6.8560,6.7343,6.6168,6.5033,6.3935,6.2873,6.1845,6.0850,5.9886,5.8952,5.8045,5.7166,5.6313,5.5485,5.4680,5.3898,5.3138,5.2399,5.1680,5.0980,5.0299,4.9635,4.8989,4.8359,4.7745,4.7146,4.6562,4.5992,4.5435,4.4892,4.4362,4.3843,4.3337,4.2842,4.2358,4.1885,4.1423,4.0970,4.0527,4.0094,3.9669
45108.3333333,39.0786,57.8689,42.8552,123.1666,123.7518,129.8910,106.5260,114.9909,129.1039,85.6703,132.0954,127.4578,130.6211,124.4191,69.9740,131.8096,132.7615,130.5772,94.2069,76.5628,53.7152,44.7820,78.4278,109.6385,90.8042,103.5118,27.9069,111.3201,67.6299,59.5432,75.4983,84.4749,95.0939,49.3499,49.0475,79.1543,124.5541,75.9533,109.8663,53.8592,120.8384,38.8365,60.2375,124.0088,124.4870,77.7997,117.9475,123.7109,90.7118,122.4743,71.4993,77.9288,77.9222,54.0485,73.4197,98.8981,101.6922,128.3672,132.5839,107.4416,125.3388,51.4361,30.2433,70.3057,52.6913,120.7309,121.8391,125.0747,99.1054,75.6861,65.5836,126.2700,71.5187,116.6118,91.5059,110.3221,98.4127,69.8362,112.2196,129.7402,135.4493,127.8483,52.3436,62.9071,88.1743,58.6123,30.0612,129.0082,122.6074,76.0839,96.4298,106.4015,56.0105,60.9672,128.8442,121.6087,130.2763,132.3048,130.5297,77.3305,122.2960,80.0690,84.9969,76.5674,133.1257,99.1150,114.2697,128.7474,126.9446,130.8059,106.9629,76.2672,124.5756,123.7813,125.6360,95.5179,123.2460,111.5506,70.0005,131.2137,66.4578,127.6176,58.3890,91.7979,115.6331,132.1642,125.0153,105.1601,67.1363,71.3030,104.1024,100.5881,74.3320,80.0311,117.2824,121.8532,85.3267,58.6543,45.0810,81.5445,95.5439,127.8298,89.4248,37.9496,61.0196,48.6524,82.6194,68.5536,73.9904,71.5622,80.1806,89.0811,91.3220,113.4208,127.7528,92.1472,119.4955,81.4825,86.4183,123.2578,108.4196,80.0235,108.1647,82.6435,81.9448,109.5512,121.3189,129.9144,127.9484,134.8955,86.9993,125.5932,130.3036,128.1810,89.2271,133.4788,133.2658,129.2310,134.0009,130.3293,121.2760,76.6226,59.4065,68.7427,75.1536,65.3817,61.8900,58.6298,55.4408,52.4896,49.7632,47.2469,44.9251,42.7822,40.8031,38.9736,37.2804,35.7111,34.2545,32.9004,31.6396,30.4638,29.3655,28.3379,27.3749,26.4711,25.6216,24.8218,24.0679,23.3562,22.6835,22.0467,21.4432,20.8706,20.3266,19.8093,19.3168,18.8473,18.3995,17.9718,17.5631,17.1720,16.7975,16.4386,16.0943,15.7639,15.4464,15.1413,14.8477,14.5650,14.2928,14.0303,13.7771,13.5328,13.2968,13.0688,12.8484,12.6352,12.4288,12.2290,12.0354,11.8478,11.6659,11.4894,11.3181,11.1517,10.9902,10.8332,10.6806,10.5321,10.3877,10.2472,10.1104,9.9771,9.8473,9.7208,9.5975,9.4773,9.3600,9.2455,9.1338,9.0247,8.9182,8.8142,8.7125,8.6131,8.5160,8.4210,8.3281,8.2372,8.1483,8.0613,7.9760
45108.3750000,58.0025,101.7909,68.3017,228.8706,229.7376,238.8501,204.1679,216.7329,237.6814,140.3659,242.1216,235.2376,239.9329,230.7268,196.3354,241.6967,243.1096,239.8670,148.3963,122.9352,136.1392,66.4764,130.4026,208.7789,184.5915,199.6794,41.4292,211.2703,120.4516,88.9351,147.0615,160.3877,207.1247,73.2651,85.3272,222.8995,230.9133,127.8649,236.3409,94.8183,225.3941,57.6605,132.6897,230.0977,230.8078,125.1827,237.8702,229.6551,142.0061,227.8178,210.6518,220.8476,218.8655,183.5807,138.9928,192.8107,196.9597,236.5663,242.8273,237.9753,232.0698,95.8541,44.9047,124.4233,79.2792,225.2196,226.8651,231.6697,228.9908,111.6754,128.5531,233.4441,213.8758,219.1003,155.9044,209.7602,231.4411,118.6517,212.5687,238.5886,247.0673,235.7790,84.5488,119.8125,161.2737,87.0499,44.6462,237.4986,227.9924,220.2500,229.8565,182.5028,102.6952,110.8597,237.2526,226.5020,239.3759,242.3889,239.7523,155.6448,227.5222,177.4858,218.7170,129.0798,243.6076,169.8683,215.5990,237.1038,234.4259,240.1610,188.7938,222.7032,230.9039,229.7225,232.4767,161.2571,228.9243,211.5498,212.5790,240.7587,107.7836,235.4162,91.6438,222.6950,217.6120,242.1691,231.5489,202.0528,201.7563,208.2336,200.4801,195.2588,131.9234,127.6628,220.0587,226.8479,229.7113,107.9198,80.3201,116.7566,217.3218,235.7253,233.9167,56.3795,195.1864,77.5603,204.3342,146.1923,120.0082,211.0861,224.7415,213.2786,216.9275,214.3145,235.6075,159.7337,223.3390,139.4581,230.7139,228.9288,226.7079,137.1698,190.5769,149.1933,152.6145,208.5621,226.0459,238.8167,235.8958,246.2174,127.6925,232.3965,239.3949,236.2413,148.0318,244.1126,243.7959,237.8014,244.8882,239.4323,225.9809,132.2076,111.3881,118.0958,219.7032,214.1701,109.5084,101.4860,82.3784,77.9941,73.9437,70.2054,66.7560,63.5724,60.6322,57.9142,55.3986,53.0671,50.9031,48.8914,47.0183,45.2714,43.6397,42.1130,40.6823,39.3396,38.0774,36.8892,35.7692,34.7118,33.7123,32.7662,31.8696,31.0189,30.2107,29.4421,28.7104,28.0129,27.3476,26.7122,26.1049,25.5238,24.9674,24.4342,23.9228,23.4318,22.9602,22.5068,22.0706,21.6507,21.2462,20.8562,20.4801,20.1171,19.7665,19.4278,19.1003,18.7835,18.4769,18.1800,17.8924,17.6137,17.3434,17.0811,16.8266,16.5795,16.3395,16.1062,15.8795,15.6590,15.4444,15.2356,15.0324,14.8344,14.6416,14.4536,14.2704,14.0917,13.9174,13.7474,13.5814,13.4194,13.2611,13.1065,12.9555,12.8079,12.6636,12.5224,12.3844,12.2494,12.1173,11.9879,11.8613
45108.4166667,73.2024,136.8908,202.8622,390.8584,391.9484,403.4498,359.6737,375.5329,401.9738,283.2782,407.5775,398.8881,404.8143,393.1940,288.9328,407.0396,408.8227,404.7291,361.7875,258.9678,210.5635,108.1684,175.9553,365.4724,393.9809,353.9755,52.3022,368.6059,222.5762,155.8008,258.0747,274.8984,363.3672,342.9901,133.0087,383.2790,393.3959,181.9629,400.2481,351.3928,386.4211,135.6663,222.1859,392.3515,393.2485,187.1863,402.1655,391.7919,364.1939,389.4689,367.7922,380.6665,378.1603,333.6043,235.1701,345.2600,350.4999,400.5132,408.4196,402.2928,394.8354,180.5142,172.0966,227.5628,148.2988,386.1650,388.2431,394.3111,390.9277,251.6923,245.4553,396.5504,371.8347,378.4304,232.5445,366.6335,394.0170,194.1296,370.1594,403.0270,413.7372,399.4779,235.6016,137.8935,387.7317,192.3634,56.4000,401.6426,389.6341,379.8535,391.9814,384.3294,354.9906,364.2709,401.3260,387.7342,403.9994,407.8060,404.4750,384.3403,389.0217,275.9196,377.8963,205.8122,409.3448,295.6393,373.9533,401.1256,397.7421,404.9873,288.9433,382.9245,393.2842,391.7875,395.2656,208.9851,390.7717,368.8135,370.1139,405.7228,200.1389,398.9705,117.8792,382.8928,376.4686,407.5013,394.0791,356.8028,356.4267,364.6119,354.8123,348.2124,374.4998,205.6730,379.5525,388.1301,391.7482,359.6379,334.1300,211.7101,376.0873,399.3459,397.0593,71.2566,348.1082,340.7907,359.6647,182.9960,196.0640,368.1968,385.4563,370.9676,375.5791,372.2755,399.1884,363.1661,383.6806,220.0614,393.0023,390.7460,387.9380,216.3212,300.3017,239.4021,275.6628,364.9971,387.0969,403.2393,399.5474,412.5939,175.4649,395.1243,403.9701,399.9842,231.8273,409.9334,409.5327,401.9562,410.9137,404.0154,387.0117,210.3504,182.5688,189.2035,379.0686,372.0720,365.5019,359.3662,353.3641,347.8083,121.7993,112.8588,84.3972,80.3735,76.6575,73.2222,70.0427,67.0960,64.3608,61.8182,59.4508,57.2429,55.1805,53.2509,51.4426,49.7454,48.1502,46.6484,45.2327,43.8962,42.6329,41.4371,40.3039,39.2286,38.2071,37.2356,36.3107,35.4293,34.5883,33.7852,33.0176,32.2831,31.5799,30.9059,30.2594,29.6389,29.0428,28.4697,27.9184,27.3876,26.8763,26.3835,25.9080,25.4492,25.0061,24.5779,24.1640,23.7636,23.3761,23.0008,22.6373,22.2849,21.9433,21.6118,21.2901,20.9778,20.6744,20.3796,20.0930,19.8142,19.5431,19.2792,19.0223,18.7720,18.5283,18.2907,18.0591,17.8333,17.6130,17.3981,17.1883,16.9835,16.7834,16.5881,16.3971,16.2105,16.0281,15.8498,15.6753,15.5046,15.3376,15.1741,15.0141
45108.4583333,262.0230,275.7588,525.9352,586.3637,587.4578,599.0870,554.8207,570.8569,597.5929,588.1331,603.2580,594.4706,600.4626,588.7117,576.2221,602.7110,604.5136,600.3726,556.9479,566.4046,309.6239,529.4013,224.6817,560.6450,589.4732,548.9982,52.9047,563.7926,247.3168,525.6933,170.3262,399.9773,375.4431,537.8663,537.2865,578.6194,588.8524,267.7942,595.7834,546.3474,581.7837,141.3096,307.8943,587.7680,588.6761,284.5646,597.6977,587.2004,269.8218,584.8439,562.9085,575.9355,573.3931,528.3060,238.2672,259.8188,330.7774,596.0146,604.0158,597.8158,590.2695,294.0381,124.1814,169.6020,232.8536,581.4574,360.7773,589.7024,586.2778,556.0978,547.8803,591.9662,566.9458,573.6168,568.6478,286.1007,589.3948,558.3523,565.2043,598.4818,609.3259,594.8884,542.8811,370.2335,582.9786,554.7815,57.1103,597.0659,584.9067,575.0032,587.2692,579.5230,549.8195,559.2098,596.7340,582.9506,599.4240,603.2794,599.9058,579.5123,584.2517,558.9169,572.9827,573.2832,604.8358,578.0805,568.9827,596.5074,593.0803,600.4170,580.5053,578.0600,588.5498,587.0264,590.5459,294.6518,585.9837,563.7323,378.8648,601.1242,564.2487,594.2808,252.4898,299.7329,571.4775,602.9185,589.3172,343.3089,551.1628,559.4551,360.3223,267.8178,569.4650,569.0792,574.5873,583.2740,586.9389,554.4068,230.5717,574.7339,571.0640,594.6322,592.3137,514.9471,542.7049,535.2814,554.4068,269.0058,559.0849,563.0506,580.5425,565.8579,570.5308,281.3537,318.9718,280.5642,578.7371,584.7401,588.1851,585.8983,583.0509,426.2107,582.5515,539.8276,578.0250,559.7900,582.1900,598.5514,594.8097,608.0334,572.9419,590.3266,599.2921,595.2524,594.4846,605.3367,604.9297,597.2515,606.3300,599.3343,582.0979,576.0871,263.8758,267.1281,574.0322,566.9355,560.2708,554.0462,547.9567,542.3195,537.1098,532.2997,527.8596,523.7599,519.9719,516.4685,101.5248,94.6732,65.2659,62.6891,60.2898,58.0522,55.9620,54.0064,52.1738,50.4538,48.8370,47.3150,45.8802,44.5257,43.2453,42.0334,40.8849,39.7951,38.7598,37.7753,36.8379,35.9445,35.0922,34.2782,33.5002,32.7559,32.0431,31.3600,30.7049,30.0759,29.4718,28.8909,28.3322,27.7942,27.2760,26.7765,26.2946,25.8296,25.3805,24.9466,24.5270,24.1212,23.7284,23.3481,22.9797,22.6226,22.2763,21.9403,21.6143,21.2977,20.9902,20.6914,20.4009,20.1184,19.8436,19.5761,19.3157,19.0621,18.8151,18.5743,18.3396,18.1107,17.8874,17.6696,17.4569,17.2493,17.0466,16.8486,16.6551,16.4660,16.2811,16.1003,15.9235,15.7505,15.5812,15.4155,15.2533
45108.5000000,379.2244,320.5989,597.0349,659.6772,660.8099,672.8653,626.9757,643.5999,671.3162,661.5093,677.1887,668.0790,674.2906,662.1086,649.1609,676.6211,678.4896,674.1966,629.1790,638.9818,387.3390,600.6186,324.0683,633.0064,662.8915,620.9287,567.3096,636.2654,407.7984,596.7663,275.2218,297.0267,630.7604,609.3845,608.7830,651.6337,662.2423,312.0346,669.4277,618.1736,654.9116,220.0566,418.6707,661.1128,662.0544,330.7179,671.4074,660.5241,242.8833,658.0798,635.3376,648.8435,646.2064,599.4614,281.6105,303.8059,423.6946,669.6602,677.9557,671.5278,663.7039,268.9572,136.9871,265.6412,264.7931,654.5605,443.7098,663.1089,659.5583,628.2672,619.7473,665.4555,639.5135,646.4291,641.2770,634.0475,662.7881,630.6010,637.6994,672.2031,683.4468,668.4773,614.5499,635.3409,656.1253,626.8887,59.2158,670.7322,658.1248,647.8563,660.5717,652.5404,621.7428,631.4779,670.3859,656.0905,673.1717,677.1693,673.6713,652.5251,657.4390,631.1691,645.7541,646.0657,678.7827,651.0395,641.6053,670.1463,666.5927,674.1998,653.5523,651.0158,661.8921,660.3110,663.9597,649.9379,659.2272,636.1528,637.5186,674.9257,636.6875,667.8290,295.6949,345.3027,644.1822,676.7847,662.6805,623.5136,623.1153,631.7139,621.4155,312.4508,642.0921,641.6923,647.4041,656.4110,660.2111,626.4775,270.6085,647.5542,643.7484,668.1877,665.7832,585.5554,614.3396,606.6401,626.4725,619.0948,631.3228,635.4354,653.5743,638.3464,643.1920,639.7178,365.5340,325.4942,651.7010,657.9261,661.4987,659.1272,656.1742,656.0021,655.6552,611.3499,650.9607,632.0510,655.2798,672.2467,668.3666,682.0796,645.6895,663.7176,673.0147,668.8257,668.0295,679.2832,678.8609,670.8988,680.3131,673.0578,655.1833,648.9495,624.7981,636.1237,646.8163,639.4560,632.5438,626.0879,619.7721,613.9251,608.5217,603.5325,598.9270,594.6744,590.7451,587.1109,583.7454,580.6244,577.7259,575.0296,572.5175,570.1730,567.9813,74.1103,70.0848,66.4256,50.6489,49.0706,47.5827,46.1781,44.8504,43.5937,42.4026,41.2725,40.1990,39.1780,38.2059,37.2795,36.3956,35.5516,34.7448,33.9729,33.2338,32.5254,31.8460,31.1938,30.5673,29.9650,29.3855,28.8277,28.2903,27.7723,27.2726,26.7904,26.3247,25.8747,25.4396,25.0188,24.6115,24.2171,23.8350,23.4647,23.1056,22.7572,22.4191,22.0909,21.7720,21.4621,21.1609,20.8679,20.5829,20.3055,20.0355,19.7725,19.5163,19.2666,19.0232,18.7859,18.5544,18.3285,18.1080,17.8927,17.6825,17.4771,17.2764,17.0803,16.8886,16.7011,16.5178,16.3384,16.1628,15.9910,15.8228
45108.5416667,603.8315,641.9368,611.4378,676.1727,677.3438,689.8017,337.5910,659.5593,688.2010,678.0667,694.2697,684.8558,691.2749,678.6862,665.3062,693.6834,695.6143,691.1780,644.6576,654.7879,626.3664,615.1451,335.7705,648.6148,679.4977,636.1355,203.4174,651.9842,302.1274,300.4542,257.4007,310.4740,646.2962,624.2076,623.5862,667.8663,678.8289,327.3626,686.2540,633.2913,671.2546,602.7186,646.1877,677.6636,678.6366,651.1528,688.3015,677.0554,647.1312,674.5300,651.0299,664.9860,662.2615,259.0086,292.8971,315.1591,632.2775,686.4968,695.0688,688.4266,680.3419,286.0615,209.6954,287.0705,305.6101,670.8965,485.1787,679.7297,676.0608,643.7274,324.1818,682.1546,655.3487,662.4950,657.1714,649.7011,679.3989,341.6970,653.4775,689.1298,700.7478,685.2800,629.5589,651.0421,672.5180,642.3084,69.8705,687.6110,674.5840,663.9737,677.1132,668.8146,636.9917,647.0513,687.2539,672.4842,690.1336,694.2642,690.6498,668.8003,673.8778,646.7342,661.8043,662.1262,695.9314,667.2656,657.5179,687.0080,683.3362,691.1964,669.8626,667.2421,678.4803,676.8472,680.6175,666.1299,675.7283,651.8873,653.2986,691.9490,652.4401,684.6167,622.3945,667.1598,660.1843,693.8704,679.2976,335.0806,638.4180,647.3023,334.1661,326.3758,658.0260,657.6128,663.5144,672.8209,676.7473,641.8926,614.1878,663.6702,659.7381,684.9893,682.5050,599.6124,290.3610,621.3981,338.1166,634.2668,646.9011,651.1502,669.8915,654.1579,659.1645,655.5750,684.7987,340.6921,667.9564,674.3882,678.0794,675.6292,672.5782,672.4005,672.0424,626.2662,667.1922,647.6546,671.6547,689.1849,685.1760,699.3443,661.7460,680.3727,689.9785,685.6504,684.8277,696.4550,696.0188,687.7923,697.5192,690.0232,671.5554,665.1148,640.1619,651.8638,662.9116,655.3074,648.1661,641.4962,634.9711,628.9305,623.3481,618.1937,613.4358,609.0425,604.9832,601.2288,597.7521,594.5280,591.5338,588.7485,586.1535,583.7317,581.4678,579.3481,577.3602,575.4929,573.7363,572.0812,570.5195,569.0438,55.7954,53.4383,51.2675,42.6401,41.5309,40.4760,39.4717,38.5145,37.6013,36.7292,35.8956,35.0981,34.3344,33.6026,32.9006,32.2267,31.5794,30.9571,30.3584,29.7820,29.2268,28.6916,28.1753,27.6771,27.1959,26.7309,26.2814,25.8466,25.4258,25.0183,24.6236,24.2409,23.8699,23.5100,23.1607,22.8215,22.4920,22.1718,21.8606,21.5579,21.2635,20.9769,20.6979,20.4262,20.1615,19.9035,19.6520,19.4068,19.1676,18.9341,18.7063,18.4839,18.2667,18.0545,17.8472,17.6446,17.4465,17.2528,17.0633,16.8780,16.6966,16.5191,16.3453
45108.5833333,500.5595,541.8616,508.8154,578.9772,580.2530,593.7541,335.3089,317.6361,592.0207,581.0392,598.5983,588.3974,595.3540,581.7126,567.2143,597.9655,600.0584,595.2522,544.8416,555.8229,525.0316,512.8769,543.4061,549.1540,582.6205,535.6480,149.4378,388.0569,262.3375,263.2317,224.4752,269.5025,546.6680,522.7414,361.3131,570.0427,581.9203,289.8362,589.9650,532.5982,573.7252,499.4902,546.5815,580.6811,581.7346,386.0131,592.2045,580.0234,547.6150,577.2929,551.8394,566.9564,564.0106,228.3084,238.0007,276.3721,531.5319,590.2591,599.5433,592.3489,583.5922,243.3907,480.4718,354.1131,263.7169,573.3934,575.8337,582.9596,578.9863,543.9713,273.9181,585.5881,556.5615,564.3048,558.5401,550.4506,582.6097,546.6012,554.5730,593.1753,605.7543,589.0070,528.6919,551.9542,575.2034,542.4972,479.5873,591.5427,577.4386,565.9511,580.1889,571.2025,536.7453,547.6421,591.1656,575.1922,594.2977,598.7691,594.8564,571.2052,576.7032,547.3218,563.6344,563.9826,600.5756,569.5485,559.0000,590.9193,586.9448,595.4546,572.3661,569.5337,581.7012,579.9397,584.0237,568.3482,578.7401,307.2785,554.4694,596.3010,553.5438,588.3674,521.0322,569.4779,561.9301,598.3868,582.6175,295.9486,538.3810,547.9965,294.6009,286.3535,559.6090,559.1606,565.5462,575.6213,579.8714,542.1491,261.8495,565.7232,561.4696,588.7950,586.1079,496.4129,257.8566,519.9938,296.5644,290.1836,547.5942,301.8245,572.4697,555.4463,560.8641,556.9818,588.6024,303.3746,570.3807,577.3399,581.3334,578.6823,575.3824,575.1914,574.8076,525.2820,569.5620,306.4948,574.3902,593.3571,589.0193,604.3487,563.6693,583.8224,594.2157,589.5326,588.6425,601.2227,600.7514,591.8498,602.3743,594.2672,574.2875,567.3215,540.3286,552.9922,564.9478,556.7246,549.0025,541.7906,534.7356,528.2050,522.1701,516.5986,511.4560,506.7081,502.3216,498.2650,494.5089,491.0263,487.7922,484.7844,481.9824,479.3678,476.9241,474.6364,472.4913,470.4768,468.5819,466.7970,465.1131,463.5224,462.0175,60.4202,57.9579,55.6728,53.5496,43.7661,42.6794,41.6437,40.6556,39.7120,38.8101,37.9472,37.1209,36.3290,35.5695,34.8404,34.1400,33.4667,32.8189,32.1953,31.5945,31.0154,30.4568,29.9177,29.3971,28.8940,28.4077,27.9372,27.4819,27.0410,26.6139,26.1999,25.7985,25.4090,25.0311,24.6641,24.3076,23.9612,23.6244,23.2969,22.9783,22.6683,22.3664,22.0724,21.7860,21.5069,21.2348,20.9694,20.7106,20.4581,20.2116,19.9709,19.7359,19.5063,19.2820,19.0628,18.8484,18.6389,18.4339,18.2333,18.0371,17.8450,17.6570
45108.6250000,525.5780,562.1801,532.8868,595.0672,596.1936,608.1598,424.2000,303.6314,606.6226,596.8887,612.4519,603.4099,609.5755,597.4842,584.6329,611.8893,613.7441,609.4832,383.5109,574.5316,547.2344,536.4575,563.5150,568.6070,598.2704,372.9563,54.4360,322.2453,264.0640,364.6522,181.8768,258.3530,391.7780,339.4317,324.6449,587.1045,597.6337,278.8232,604.7654,553.8998,590.3615,524.5393,566.2889,596.5200,597.4544,352.6155,606.7369,595.9362,367.5716,593.5119,570.9424,584.3460,581.7306,216.9230,229.7793,266.1423,339.3730,605.0059,613.2384,606.8592,599.0947,225.5426,59.0385,247.2542,253.5772,590.0308,592.1947,598.5140,594.9904,563.9385,261.6677,600.8433,575.1004,581.9645,576.8520,292.2032,598.1982,566.2597,573.3121,607.5501,618.7072,603.8530,550.3460,570.9774,591.6007,562.5900,506.7898,606.0944,593.5843,583.3950,596.0160,588.0462,557.4852,567.1470,605.7537,591.5742,608.5226,612.4892,609.0183,588.0367,592.9130,397.4218,410.7067,581.6282,614.0906,586.5641,577.2043,605.5224,462.6091,609.5447,589.0594,586.5440,597.3364,595.7696,599.3909,585.4803,594.6979,294.1319,573.1610,610.2751,572.3374,603.2348,268.9313,586.4727,579.7749,612.1216,598.1287,285.1947,360.8565,567.4069,269.6696,293.3493,577.7058,577.3088,306.9761,394.3973,595.6831,562.2139,254.5262,583.1270,579.3516,603.5984,601.2132,97.1430,245.3632,542.5398,284.6130,279.3256,567.0290,288.3260,589.1041,573.9969,578.8044,575.3581,603.4186,215.1466,587.2472,593.4229,596.9671,594.6144,591.6852,591.5149,591.1719,547.2188,586.5153,294.1385,590.8001,607.6323,603.7830,617.3871,581.2859,599.1709,608.3943,604.2384,603.4485,614.6129,614.1942,606.2950,615.6347,608.4380,590.7059,584.5223,560.5640,571.8007,582.4091,575.1086,568.2527,561.8494,555.5852,549.7862,544.4271,539.4791,534.9118,530.6946,526.7982,523.1944,519.8573,516.7629,513.8890,511.2159,508.7254,88.9070,83.7485,79.0385,74.7331,51.9027,50.2393,48.6736,47.1975,45.8040,44.4868,43.2400,42.0584,40.9372,39.8722,38.8593,37.8949,36.9758,36.0989,35.2616,34.4612,33.6954,32.9622,32.2594,31.5854,30.9384,30.3168,29.7193,29.1444,28.5910,28.0579,27.5440,27.0483,26.5698,26.1078,25.6614,25.2298,24.8123,24.4082,24.0169,23.6379,23.2705,22.9143,22.5687,22.2332,21.9075,21.5912,21.2838,20.9849,20.6943,20.4116,20.1364,19.8685,19.6076,19.3534,19.1057,18.8643,18.6288,18.3991,18.1750,17.9562,17.7427,17.5341,17.3304,17.1313,16.9367,16.7465,16.5606,16.3786,16.2007,16.0265,15.8561,15.6892
45108.6666667,221.3041,388.4976,110.0675,421.0337,422.1545,433.9879,214.6487,315.7938,432.4692,422.8446,438.2346,429.2942,435.3915,423.4356,410.7288,437.6809,439.5155,435.3035,206.6349,400.7475,373.7634,363.1123,389.8711,165.2869,424.2423,383.0797,53.8142,312.4315,174.9877,183.1256,130.6542,175.9086,392.7417,371.7750,222.0206,413.2286,423.6380,200.1325,430.6882,380.4191,416.4603,165.0489,392.6779,422.5610,423.4839,397.3965,432.6589,421.9851,393.5880,419.5943,270.2294,410.5371,407.9578,150.9022,190.3720,151.3455,188.6297,430.9578,439.0931,432.7889,425.1158,166.2178,58.3448,362.3882,287.9364,416.1911,418.3294,424.5731,421.0917,390.4116,224.4420,426.8771,401.4452,408.2315,403.1806,212.8118,424.2697,392.7224,255.4115,433.5379,444.5587,429.8859,377.0486,397.4300,417.7978,389.1441,334.0285,432.1122,238.2144,409.6912,422.1696,414.2959,384.1066,393.6555,431.7854,417.7977,434.5350,438.4521,435.0244,414.3053,419.1223,393.3836,407.6740,407.9787,440.0353,412.8557,403.6160,431.5773,428.0956,435.5509,415.3265,412.8468,423.5069,421.9662,425.5450,411.8155,420.9197,214.5399,399.6614,436.3046,398.8518,429.3558,188.5114,412.8108,211.9337,438.1340,424.3217,204.2420,234.3655,262.6814,262.7518,191.3028,404.1723,403.7791,409.3721,418.1985,421.9217,388.8785,177.2547,281.4560,223.8447,429.7397,427.3866,73.3283,166.6782,369.4812,191.8384,154.7434,210.8288,276.5794,415.4451,400.5350,223.0252,291.8246,429.5763,210.7055,413.6173,419.7126,423.2102,420.8882,417.9985,417.8317,417.4969,191.2656,412.9034,273.3133,417.1321,433.7441,429.9448,443.3709,407.7422,425.3931,434.4961,430.3943,429.6147,440.6330,440.2205,432.4238,441.6417,434.5425,417.0440,410.9437,202.2041,398.3965,408.8686,401.6680,394.9064,388.5917,382.4145,376.6966,371.4130,366.5352,117.4853,109.2412,101.8634,75.3548,72.0828,69.0504,66.2357,63.6192,61.1829,58.9109,56.7885,54.8027,52.9419,51.1954,49.5537,48.0083,46.5514,45.1761,43.8760,42.6454,41.4792,40.3727,39.3215,38.3218,37.3700,36.4628,35.5974,34.7710,33.9810,33.2252,32.5015,31.8079,31.1427,30.5041,29.8906,29.3009,28.7335,28.1874,27.6612,27.1540,26.6647,26.1926,25.7366,25.2959,24.8700,24.4579,24.0591,23.6730,23.2989,22.9363,22.5847,22.2436,21.9125,21.5911,21.2789,20.9755,20.6805,20.3937,20.1146,19.8431,19.5787,19.3212,19.0703,18.8259,18.5875,18.3551,18.1285,17.9073,17.6914,17.4806,17.2748,17.0737,16.8772,16.6852,16.4975,16.3139,16.1344,15.9587,15.7869,15.6186,15.4540
45108.7083333,117.1346,234.1806,68.2372,261.0658,261.9952,271.7707,152.7764,155.0883,270.5169,262.5667,275.2800,267.8951,272.9320,263.0560,252.5601,274.8240,276.3397,272.8610,131.4948,213.8029,191.5205,71.3145,235.3433,114.0803,263.7374,229.7448,44.4453,187.7471,103.1919,85.9733,91.5508,114.4174,153.6443,90.1122,84.0886,254.6538,263.2511,126.0157,269.0738,227.5647,257.3290,149.2182,237.6951,262.3738,263.1357,241.5939,270.7125,261.8989,238.4528,259.9273,153.5653,252.4492,250.3222,124.5837,130.0123,127.7147,138.9350,221.0313,276.0299,270.8245,264.4887,137.0892,48.1761,212.6921,114.9708,175.0588,258.9018,264.0566,261.1824,205.4119,167.8534,265.9600,244.9652,250.5702,246.4005,175.4302,158.3118,237.7702,150.5475,271.4765,280.5734,268.4619,106.2765,241.6808,258.4913,234.8408,47.9024,270.3058,157.0448,251.7993,262.1053,172.1720,230.6853,238.5700,270.0410,258.5047,272.3179,275.5507,272.7218,255.6228,259.5991,158.2348,250.1514,250.4027,276.8582,254.4289,246.8053,269.8796,267.0063,273.1596,213.3321,254.4272,263.2261,261.9579,234.5412,253.5860,187.6620,138.7611,243.5615,273.7980,242.8953,268.0654,113.3361,254.4152,139.7553,275.3108,263.9151,128.3010,152.0493,152.9976,136.9088,117.9708,247.2960,246.9709,251.5851,258.8697,261.9421,234.6771,126.9344,207.4328,145.4367,268.3948,266.4540,60.4969,108.1920,79.6943,160.0494,100.8984,117.9598,135.5960,256.6077,137.1448,166.0891,140.9850,268.2671,164.8475,255.1024,260.1307,263.0160,185.3608,188.4621,258.5802,258.3060,114.2217,254.5177,148.0933,198.1069,271.7099,268.5756,279.6513,250.2600,220.3829,272.3303,268.9465,268.3033,277.3927,277.0528,270.6205,278.2250,272.3702,257.9360,252.9049,128.6746,242.5584,251.1984,245.2608,239.6853,116.8825,108.0433,100.1858,79.3481,75.3367,71.6354,68.2193,65.0644,62.1479,59.4485,56.9468,54.6247,52.4661,50.4562,48.5818,46.8308,45.1926,43.6574,42.2166,40.8623,39.5873,38.3854,37.2508,36.1783,35.1631,34.2010,33.2882,32.4210,31.5962,30.8110,30.0627,29.3487,28.6669,28.0152,27.3918,26.7947,26.2225,25.6737,25.1469,24.6409,24.1543,23.6863,23.2357,22.8016,22.3832,21.9796,21.5901,21.2139,20.8504,20.4990,20.1591,19.8301,19.5115,19.2029,18.9038,18.6137,18.3323,18.0592,17.7941,17.5365,17.2862,17.0429,16.8063,16.5761,16.3520,16.1339,15.9215,15.7146,15.5129,15.3163,15.1246,14.9376,14.7551,14.5770,14.4031,14.2333,14.0674,13.9053,13.7469,13.5921,13.4407,13.2925,13.1477,13.0059,12.8671,12.7312
45108.7500000,41.6248,67.0368,43.1547,120.4639,121.0537,127.2357,58.5485,87.0212,102.4309,121.4159,129.4557,124.7858,127.9711,121.7259,115.0889,129.1680,130.1266,127.9271,73.4805,71.3129,52.1746,45.0938,104.2091,61.7203,122.1655,55.5679,28.1006,92.8348,57.6157,53.4456,51.1578,61.0743,83.0199,49.6921,49.3876,78.2463,111.1163,70.9039,125.5467,60.8863,118.1246,68.4804,105.7160,121.3178,121.7993,108.1821,126.5890,121.0179,106.1987,119.7731,64.7798,77.4755,76.4936,44.7337,62.5539,67.9849,57.5171,117.0299,129.9528,126.6624,122.6576,64.4090,30.4521,52.0586,66.0220,102.3509,119.1358,122.3937,120.5772,59.5661,55.2069,123.5974,110.3297,113.8733,111.2382,88.6446,84.4362,105.7862,75.3698,127.0936,132.8418,125.1888,52.7015,108.2719,118.8929,103.9496,30.2668,126.3575,87.4201,76.7197,121.1795,81.7724,61.5500,66.5464,126.1930,118.9091,127.6358,129.6781,127.8909,117.0887,119.6013,68.6416,100.9198,113.7915,130.5047,116.3359,111.5207,126.0969,124.2817,128.1694,74.6422,116.3381,121.8974,121.0982,114.3221,115.8124,87.4549,71.3528,109.4830,128.5820,109.0634,124.9617,68.4348,89.4270,91.0977,129.5394,122.3422,72.8952,80.9115,84.7477,67.8919,68.2971,111.8492,111.6435,114.5575,119.1595,121.1003,64.9351,64.8873,82.7385,79.7239,125.1770,123.9517,38.2061,65.3046,48.9810,82.1279,67.1764,73.9934,76.0899,117.7366,77.5763,84.5799,80.3698,125.1004,84.5677,116.7874,119.9628,121.7847,101.7620,94.0639,118.9843,118.8123,59.9113,94.7636,76.9935,88.9582,127.2771,125.2978,132.2918,113.7321,104.1179,127.6689,125.5320,125.1259,130.8655,130.6511,126.5890,131.3912,127.6950,118.5807,115.4045,65.5729,108.8735,77.6980,72.2527,67.3921,59.0238,55.8133,52.8421,50.0973,47.5640,45.2265,43.0691,41.0767,39.2348,37.5301,35.9502,34.4837,33.1205,31.8512,30.6675,29.5618,28.5272,27.5577,26.6478,25.7926,24.9874,24.2284,23.5119,22.8346,22.1935,21.5860,21.0095,20.4619,19.9410,19.4452,18.9726,18.5217,18.0912,17.6797,17.2859,16.9089,16.5476,16.2010,15.8683,15.5487,15.2415,14.9459,14.6614,14.3873,14.1231,13.8682,13.6222,13.3847,13.1551,12.9332,12.7185,12.5108,12.3096,12.1147,11.9258,11.7427,11.5650,11.3925,11.2251,11.0624,10.9044,10.7507,10.6013,10.4559,10.3144,10.1767,10.0426,9.9119,9.7845,9.6604,9.5393,9.4212,9.3060,9.1935,9.0837,8.9765,8.8717,8.7694,8.6694,8.5716,8.4760,8.3824,8.2909,8.2014,8.1138,8.0280
45108.7916667,27.2180,40.3052,29.8480,55.0103,55.5318,79.8727,40.4947,46.3904,68.6871,75.8475,65.4093,78.1782,80.3813,76.0619,71.4715,81.2091,81.8722,80.3509,48.9816,44.7720,35.0311,31.1883,43.7795,42.6875,57.9910,38.4319,19.4349,43.8727,29.1476,29.8831,25.2886,40.0982,44.5292,34.3677,34.1571,49.6155,71.0157,46.8961,78.7049,37.5072,53.4712,42.5448,64.9901,55.9013,56.4555,66.6957,79.4259,56.9263,47.2189,53.8766,43.6286,48.4109,47.4863,30.9374,26.8686,35.2658,37.2107,74.6734,81.7523,79.4767,76.7070,40.3780,21.0604,31.0317,41.9694,53.3849,74.2717,53.5207,52.2645,41.1943,38.1796,54.3552,45.1817,47.6357,45.8135,43.2564,60.9972,65.0397,45.0138,58.5790,66.0074,78.4581,36.4453,66.7594,74.1043,63.7704,20.9307,79.2663,58.8347,48.2180,56.8332,50.2149,38.9981,42.4489,59.9739,53.1920,80.1505,81.5628,80.3269,72.8569,51.6566,42.3779,47.5298,47.6392,82.1344,54.2779,50.5977,79.0863,77.8311,62.6966,50.6674,51.5986,57.6071,56.2773,57.3819,51.9424,54.0809,47.3622,46.0731,80.8050,49.4026,60.6053,44.5071,61.7966,59.4151,81.4671,57.0068,48.2659,39.6337,42.6701,45.4933,45.0861,50.3062,69.0923,71.1073,74.2896,57.2329,40.8334,31.3837,55.8889,51.4250,60.1291,59.5462,26.4188,36.5752,33.8694,41.5421,44.9294,49.5448,50.9945,52.7447,52.0223,56.0593,46.7634,78.3978,54.7904,50.7060,74.8453,56.0674,53.5013,62.0855,56.2874,74.0498,40.4540,52.9603,51.1628,60.1191,79.9030,78.5343,83.3704,70.5370,67.8333,62.1194,58.6954,78.4155,82.3843,64.6025,79.4272,82.7477,61.5528,53.4718,71.6935,41.6940,44.9748,48.1018,45.5128,43.0820,40.8123,38.5922,36.5377,34.6397,32.8880,31.2716,29.7798,28.4021,27.1285,25.9497,24.8572,23.8432,22.9006,22.0229,21.2044,20.4398,19.7244,19.0541,18.4249,17.8335,17.2767,16.7519,16.2565,15.7881,15.3448,14.9247,14.5261,14.1474,13.7873,13.4444,13.1176,12.8059,12.5082,12.2236,11.9513,11.6906,11.4408,11.2011,10.9711,10.7501,10.5377,10.3333,10.1365,9.9470,9.7643,9.5881,9.4180,9.2537,9.0950,8.9415,8.7931,8.6494,8.5103,8.3756,8.2450,8.1183,7.9954,7.8762,7.7604,7.6479,7.5386,7.4324,7.3291,7.2286,7.1307,7.0355,6.9427,6.8524,6.7643,6.6785,6.5947,6.5131,6.4334,6.3556,6.2797,6.2056,6.1331,6.0624,5.9932,5.9256,5.8595,5.7948,5.7315,5.6696,5.6090,5.5497
45108.8333333,8.4896,12.5714,9.3093,16.2416,16.3696,17.7031,12.6284,14.4670,17.5323,16.4480,18.1822,17.1750,17.8621,16.5152,15.0838,18.1204,18.3272,17.8530,12.8756,13.9610,10.9231,9.7246,12.7402,13.3090,16.6133,11.9809,6.0587,13.6767,9.0863,9.3154,7.8831,9.8319,13.0718,10.7128,10.6470,15.3796,16.5515,11.9509,17.3452,11.6901,15.7464,8.4968,13.0730,16.4363,16.5400,13.6589,17.6256,16.3725,13.1798,16.1041,13.5954,15.0856,14.7968,9.6402,8.3723,10.9890,11.5951,17.3834,18.2983,17.5892,16.7873,8.2501,6.5626,9.6699,9.1213,15.7306,15.9710,16.6729,16.2816,12.8329,11.8938,16.9325,14.0745,14.8385,14.2708,13.4743,16.6453,13.0972,13.8904,17.6896,18.9275,17.2794,11.3485,13.6383,15.9252,12.7074,6.5175,17.5324,16.1446,15.0143,16.4188,15.5341,12.1429,13.2167,17.4981,15.9317,17.8104,18.2501,17.8653,15.5399,16.0810,13.1924,14.7962,14.8303,18.4282,15.3784,14.3422,17.5019,17.1267,17.9441,15.6612,15.3802,16.5772,16.4059,16.8082,15.2692,16.2914,14.0798,13.9082,18.0184,13.8183,17.2395,10.6260,15.3848,14.6437,18.2251,16.6766,12.3755,12.3327,13.2774,12.1470,11.3860,14.4202,14.4028,15.0027,16.0245,16.4110,12.7052,9.7645,15.0426,14.6054,17.2887,17.0252,8.2193,11.3791,10.5368,12.7142,11.9054,13.2478,13.6989,15.6894,14.3395,14.7696,14.1700,17.3101,13.1586,15.4858,16.2289,16.5607,16.3009,16.0325,15.9803,15.9221,11.0625,15.4079,13.3336,15.8817,17.7430,17.3172,18.8215,14.8296,16.8072,17.8273,17.3676,17.2803,18.5148,18.4687,17.5949,18.6279,17.8332,15.8731,15.2181,12.5945,13.7864,14.9603,14.1547,13.3984,12.6922,12.0014,11.3622,10.7717,10.2267,9.7238,9.2597,8.8311,8.4348,8.0681,7.7282,7.4128,7.1195,6.8465,6.5918,6.3540,6.1314,5.9229,5.7271,5.5432,5.3700,5.2067,5.0526,4.9069,4.7690,4.6383,4.5143,4.3965,4.2844,4.1778,4.0761,3.9791,3.8865,3.7980,3.7133,3.6322,3.5545,3.4799,3.4084,3.3396,3.2735,3.2100,3.1488,3.0898,3.0330,2.9781,2.9252,2.8741,2.8248,2.7770,2.7309,2.6862,2.6429,2.6010,2.5603,2.5209,2.4827,2.4456,2.4096,2.3746,2.3406,2.3076,2.2754,2.2442,2.2137,2.1841,2.1553,2.1271,2.0997,2.0730,2.0470,2.0216,1.9968,1.9726,1.9490,1.9259,1.9034,1.8814,1.8599,1.8388,1.8183,1.7982,1.7785,1.7592,1.7404,1.7219
45108.8750000,0.0000,0.0000,0.0000,0.0000,0.0000,0.0000,0.0000,0.0000,0.0000,0.0000,0.0000,0.0000,0.0000,0.0000,0.0000,0.0000,0.0000,0.0000,0.0000,0.0000,0.0000,0.0000,0.0000,0.0000,0.0000,0.0000,0.0000,0.0000,0.0000,0.0000,0.0000,0.0000,0.0000,0.0000,0.0000,0.0000,0.0000,0.0000,0.0000,0.0000,0.0000,0.0000,0.0000,0.0000,0.0000,0.0000,0.0000,0.0000,0.0000,0.0000,0.0000,0.0000,0.0000,0.0000,0.0000,0.0000,0.0000,0.0000,0.0000,0.0000,0.0000,0.0000,0.0000,0.0000,0.0000,0.0000,0.0000,0.0000,0.0000,0.0000,0.0000,0.0000,0.0000,0.0000,0.0000,0.0000,0.0000,0.0000,0.0000,0.0000,0.0000,0.0000,0.0000,0.0000,0.0000,0.0000,0.0000,0.0000,0.0000,0.0000,0.0000,0.0000,0.0000,0.0000,0.0000,0.0000,0.0000,0.0000,0.0000,0.0000,0.0000,0.0000,0.0000,0.0000,0.0000,0.0000,0.0000,0.0000,0.0000,0.0000,0.0000,0.0000,0.0000,0.0000,0.0000,0.0000,0.0000,0.0000,0.0000,0.0000,0.0000,0.0000,0.0000,0.0000,0.0000,0.0000,0.0000,0.0000,0.0000,0.0000,0.0000,0.0000,0.0000,0.0000,0.0000,0.0000,0.0000,0.0000,0.0000,0.0000,0.0000,0.0000,0.0000,0.0000,0.0000,0.0000,0.0000,0.0000,0.0000,0.0000,0.0000,0.0000,0.0000,0.0000,0.0000,0.0000,0.0000,0.0000,0.0000,0.0000,0.0000,0.0000,0.0000,0.0000,0.0000,0.0000,0.0000,0.0000,0.0000,0.0000,0.0000,0.0000,0.0000,0.0000,0.0000,0.0000,0.0000,0.0000,0.0000,0.0000,0.0000,0.0000,0.0000,0.0000,0.0000,0.0000,0.0000,0.0000,0.0000,0.0000,0.0000,0.0000,0.0000,0.0000,0.0000,0.0000,0.0000,0.0000,0.0000,0.0000,0.0000,0.0000,0.0000,0.0000,0.0000,0.0000,0.0000,0.0000,0.0000,0.0000,0.0000,0.0000,0.0000,0.0000,0.0000,0.0000,0.0000,0.0000,0.0000,0.0000,0.0000,0.0000,0.0000,0.0000,0.0000,0.0000,0.0000,0.0000,0.0000,0.0000,0.0000,0.0000,0.0000,0.0000,0.0000,0.0000,0.0000,0.0000,0.0000,0.0000,0.0000,0.0000,0.0000,0.0000,0.0000,0.0000,0.0000,0.0000,0.0000,0.0000,0.0000,0.0000,0.0000,0.0000,0.0000,0.0000,0.0000,0.0000,0.0000,0.0000,0.0000,0.0000,0.0000,0.0000,0.0000,0.0000,0.0000,0.0000,0.0000,0.0000,0.0000,0.0000,0.0000
45108.9166667,0.0000,0.0000,0.0000,0.0000,0.0000,0.0000,0.0000,0.0000,0.0000,0.0000,0.0000,0.0000,0.0000,0.0000,0.0000,0.0000,0.0000,0.0000,0.0000,0.0000,0.0000,0.0000,0.0000,0.0000,0.0000,0.0000,0.0000,0.0000,0.0000,0.0000,0.0000,0.0000,0.0000,0.0000,0.0000,0.0000,0.0000,0.0000,0.0000,0.0000,0.0000,0.0000,0.0000,0.0000,0.0000,0.0000,0.0000,0.0000,0.0000,0.0000,0.0000,0.0000,0.0000,0.0000,0.0000,0.0000,0.0000,0.0000,0.0000,0.0000,0.0000,0.0000,0.0000,0.0000,0.0000,0.0000,0.0000,0.0000,0.0000,0.0000,0.0000,0.0000,0.0000,0.0000,0.0000,0.0000,0.0000,0.0000,0.0000,0.0000,0.0000,0.0000,0.0000,0.0000,0.0000,0.0000,0.0000,0.0000,0.0000,0.0000,0.0000,0.0000,0.0000,0.0000,0.0000,0.0000,0.0000,0.0000,0.0000,0.0000,0.0000,0.0000,0.0000,0.0000,0.0000,0.0000,0.0000,0.0000,0.0000,0.0000,0.0000,0.0000,0.0000,0.0000,0.0000,0.0000,0.0000,0.0000,0.0000,0.0000,0.0000,0.0000,0.0000,0.0000,0.0000,0.0000,0.0000,0.0000,0.0000,0.0000,0.0000,0.0000,0.0000,0.0000,0.0000,0.0000,0.0000,0.0000,0.0000,0.0000,0.0000,0.0000,0.0000,0.0000,0.0000,0.0000,0.0000,0.0000,0.0000,0.0000,0.0000,0.0000,0.0000,0.0000,0.0000,0.0000,0.0000,0.0000,0.0000,0.0000,0.0000,0.0000,0.0000,0.0000,0.0000,0.0000,0.0000,0.0000,0.0000,0.0000,0.0000,0.0000,0.0000,0.0000,0.0000,0.0000,0.0000,0.0000,0.0000,0.0000,0.0000,0.0000,0.0000,0.0000,0.0000,0.0000,0.0000,0.0000,0.0000,0.0000,0.0000,0.0000,0.0000,0.0000,0.0000,0.0000,0.0000,0.0000,0.0000,0.0000,0.0000,0.0000,0.0000,0.0000,0.0000,0.0000,0.0000,0.0000,0.0000,0.0000,0.0000,0.0000,0.0000,0.0000,0.0000,0.0000,0.0000,0.0000,0.0000,0.0000,0.0000,0.0000,0.0000,0.0000,0.0000,0.0000,0.0000,0.0000,0.0000,0.0000,0.0000,0.0000,0.0000,0.0000,0.0000,0.0000,0.0000,0.0000,0.0000,0.0000,0.0000,0.0000,0.0000,0.0000,0.0000,0.0000,0.0000,0.0000,0.0000,0.0000,0.0000,0.0000,0.0000,0.0000,0.0000,0.0000,0.0000,0.0000,0.0000,0.0000,0.0000,0.0000,0.0000,0.0000,0.0000,0.0000,0.0000,0.0000,0.0000,0.0000,0.0000,0.0000,0.0000
45108.9583333,0.0000,0.0000,0.0000,0.0000,0.0000,0.0000,0.0000,0.0000,0.0000,0.0000,0.0000,0.0000,0.0000,0.0000,0.0000,0.0000,0.0000,0.0000,0.0000,0.0000,0.0000,0.0000,0.0000,0.0000,0.0000,0.0000,0.0000,0.0000,0.0000,0.0000,0.0000,0.0000,0.0000,0.0000,0.0000,0.0000,0.0000,0.0000,0.0000,0.0000,0.0000,0.0000,0.0000,0.0000,0.0000,0.0000,0.0000,0.0000,0.0000,0.0000,0.0000,0.0000,0.0000,0.0000,0.0000,0.0000,0.0000,0.0000,0.0000,0.0000,0.0000,0.0000,0.0000,0.0000,0.0000,0.0000,0.0000,0.0000,0.0000,0.0000,0.0000,0.0000,0.0000,0.0000,0.0000,0.0000,0.0000,0.0000,0.0000,0.0000,0.0000,0.0000,0.0000,0.0000,0.0000,0.0000,0.0000,0.0000,0.0000,0.0000,0.0000,0.0000,0.0000,0.0000,0.0000,0.0000,0.0000,0.0000,0.0000,0.0000,0.0000,0.0000,0.0000,0.0000,0.0000,0.0000,0.0000,0.0000,0.0000,0.0000,0.0000,0.0000,0.0000,0.0000,0.0000,0.0000,0.0000,0.0000,0.0000,0.0000,0.0000,0.0000,0.0000,0.0000,0.0000,0.0000,0.0000,0.0000,0.0000,0.0000,0.0000,0.0000,0.0000,0.0000,0.0000,0.0000,0.0000,0.0000,0.0000,0.0000,0.0000,0.0000,0.0000,0.0000,0.0000,0.0000,0.0000,0.0000,0.0000,0.0000,0.0000,0.0000,0.0000,0.0000,0.0000,0.0000,0.0000,0.0000,0.0000,0.0000,0.0000,0.0000,0.0000,0.0000,0.0000,0.0000,0.0000,0.0000,0.0000,0.0000,0.0000,0.0000,0.0000,0.0000,0.0000,0.0000,0.0000,0.0000,0.0000,0.0000,0.0000,0.0000,0.0000,0.0000,0.0000,0.0000,0.0000,0.0000,0.0000,0.0000,0.0000,0.0000,0.0000,0.0000,0.0000,0.0000,0.0000,0.0000,0.0000,0.0000,0.0000,0.0000,0.0000,0.0000,0.0000,0.0000,0.0000,0.0000,0.0000,0.0000,0.0000,0.0000,0.0000,0.0000,0.0000,0.0000,0.0000,0.0000,0.0000,0.0000,0.0000,0.0000,0.0000,0.0000,0.0000,0.0000,0.0000,0.0000,0.0000,0.0000,0.0000,0.0000,0.0000,0.0000,0.0000,0.0000,0.0000,0.0000,0.0000,0.0000,0.0000,0.0000,0.0000,0.0000,0.0000,0.0000,0.0000,0.0000,0.0000,0.0000,0.0000,0.0000,0.0000,0.0000,0.0000,0.0000,0.0000,0.0000,0.0000,0.0000,0.0000,0.0000,0.0000,0.0000,0.0000,0.0000,0.0000,0.0000,0.0000,0.0000,0.0000,0.0000,0.0000
