File Created:,Tue Apr  2 15:30:12 2024
Heat Source Version:,9.0.0b26
Simulation Name:,WFK23
User Text:,Westfork Kickapoo
Output:,Evaporation Flux (watts/square meter)
""
Datetime,27.200,27.100,27.000,26.900,26.800,26.700,26.600,26.500,26.400,26.300,26.200,26.100,26.000,25.900,25.800,25.700,25.600,25.500,25.400,25.300,25.200,25.100,25.000,24.900,24.800,24.700,24.600,24.500,24.400,24.300,24.200,24.100,24.000,23.900,23.800,23.700,23.600,23.500,23.400,23.300,23.200,23.100,23.000,22.900,22.800,22.700,22.600,22.500,22.400,22.300,22.200,22.100,22.000,21.900,21.800,21.700,21.600,21.500,21.400,21.300,21.200,21.100,21.000,20.900,20.800,20.700,20.600,20.500,20.400,20.300,20.200,20.100,20.000,19.900,19.800,19.700,19.600,19.500,19.400,19.300,19.200,19.100,19.000,18.900,18.800,18.700,18.600,18.500,18.400,18.300,18.200,18.100,18.000,17.900,17.800,17.700,17.600,17.500,17.400,17.300,17.200,17.100,17.000,16.900,16.800,16.700,16.600,16.500,16.400,16.300,16.200,16.100,16.000,15.900,15.800,15.700,15.600,15.500,15.400,15.300,15.200,15.100,15.000,14.900,14.800,14.700,14.600,14.500,14.400,14.300,14.200,14.100,14.000,13.900,13.800,13.700,13.600,13.500,13.400,13.300,13.200,13.100,13.000,12.900,12.800,12.700,12.600,12.500,12.400,12.300,12.200,12.100,12.000,11.900,11.800,11.700,11.600,11.500,11.400,11.300,11.200,11.100,11.000,10.900,10.800,10.700,10.600,10.500,10.400,10.300,10.200,10.100,10.000,9.900,9.800,9.700,9.600,9.500,9.400,9.300,9.200,9.100,9.000,8.900,8.800,8.700,8.600,8.500,8.400,8.300,8.200,8.100,8.000,7.900,7.800,7.700,7.600,7.500,7.400,7.300,7.200,7.100,7.000,6.900,6.800,6.700,6.600,6.500,6.400,6.300,6.200,6.100,6.000,5.900,5.800,5.700,5.600,5.500,5.400,5.300,5.200,5.100,5.000,4.900,4.800,4.700,4.600,4.500,4.400,4.300,4.200,4.100,4.000,3.900,3.800,3.700,3.600,3.500,3.400,3.300,3.200,3.100,3.000,2.900,2.800,2.700,2.600,2.500,2.400,2.300,2.200,2.100,2.000,1.900,1.800,1.700,1.600,1.500,1.400,1.300,1.200,1.100,1.000,0.900,0.800,0.700,0.600,0.500,0.400,0.300,0.200,0.100,0.000
45108.0000000,-9.0898,-9.0898,-9.0898,-9.0898,-9.0898,-9.0898,-9.0898,-9.0898,-9.0898,-9.0898,-9.0898,-9.0898,-9.0898,-9.0898,-9.0898,-9.0898,-9.0898,-9.0898,-9.0898,-9.0898,-9.0898,-9.0898,-9.0898,-9.0898,-9.0898,-9.0898,-9.0898,-9.0898,-9.0898,-9.0898,-9.0898,-9.0898,-9.0898,-9.0898,-9.0898,-9.0898,-9.0898,-9.0898,-9.0898,-9.0898,-9.0898,-9.0898,-9.0898,-9.0898,-9.0898,-9.0898,-9.0898,-9.0898,-9.0898,-9.0898,-9.0898,-9.0898,-9.0898,-9.0898,-9.0898,-9.0898,-9.0898,-9.0898,-9.0898,-9.0898,-9.0898,-9.0898,-9.0898,-9.0898,-9.0898,-9.0898,-9.0898,-9.0898,-9.0898,-9.0898,-9.0898,-9.0898,-9.0898,-9.0898,-9.0898,-9.0898,-9.0898,-9.0898,-9.0898,-9.0898,-9.0898,-9.0898,-9.0898,-9.0898,-9.0898,-9.0898,-9.0898,-9.0898,-9.0898,-9.0898,-9.0898,-9.0898,-9.0898,-9.0898,-9.0898,-9.0898,-9.0898,-9.0898,-9.0898,-9.0898,-9.0898,-9.0898,-9.0898,-9.0898,-9.0898,-9.0898,-9.0898,-9.0898,-9.0898,-9.0898,-9.0898,-9.0898,-9.0898,-9.0898,-9.0898,-9.0898,-9.0898,-9.0898,-9.0898,-9.0898,-9.0898,-9.0898,-9.0898,-9.0898,-9.0898,-9.0898,-9.0898,-9.0898,-9.0898,-9.0898,-9.0898,-9.0898,-9.0898,-9.0898,-9.0898,-9.0898,-9.0898,-9.0898,-9.0898,-9.0898,-9.0898,-9.0898,-9.0898,-9.0898,-9.0898,-9.0898,-9.0898,-9.0898,-9.0898,-9.0898,-9.0898,-9.0898,-9.0898,-9.0898,-9.0898,-9.0898,-9.0898,-9.0898,-9.0898,-9.0898,-9.0898,-9.0898,-9.0898,-9.0898,-9.0898,-9.0898,-9.0898,-9.0898,-9.0898,-9.0898,-9.0898,-9.0898,-9.0898,-9.0898,-9.0898,-9.0898,-9.0898,-9.0898,-9.0898,-9.0898,-9.0898,-9.0898,-9.0898,-9.0898,-9.0898,-9.0898,-9.0898,-9.0898,-9.0898,-9.0898,-9.0898,-9.0898,-9.0898,-9.0898,-9.0898,-9.0898,-9.0898,-9.0898,-9.0898,-9.0898,-9.0898,-9.0898,-9.0898,-9.0898,-9.0898,-9.0898,-9.0898,-9.0898,-9.0898,-9.0898,-9.0898,-9.0898,-9.0898,-9.0898,-9.0898,-9.0898,-9.0898,-9.0898,-9.0898,-9.0898,-9.0898,-9.0898,-9.0898,-9.0898,-9.0898,-9.0898,-9.0898,-9.0898,-9.0898,-9.0898,-9.0898,-9.0898,-9.0898,-9.0898,-9.0898,-9.0898,-9.0898,-9.0898,-9.0898,-9.0898,-9.0898,-9.0898,-9.0898,-9.0898,-9.0898,-9.0898,-9.0898,-9.0898,-9.0898,-9.0898,-9.0898,-9.0898,-9.0898,-9.0898,-9.0898,-9.0898,-9.0898,-9.0898,-9.0898,-9.0898,-9.0898,-9.0898,-9.0898,-9.0898,-9.0898,-9.0898,-9.0898,-9.0898,-9.0898,-9.0898,-9.0898,-9.0898,-9.0898
45108.0416667,-7.8585,-7.8643,-7.8670,-7.8614,-7.8583,-7.8697,-7.5883,-7.6168,-7.6382,-7.6638,-7.7003,-7.7430,-7.3678,-7.4325,-7.4916,-7.5828,-7.6678,-7.7322,-7.8022,-7.8330,-7.8535,-7.8725,-7.8759,-7.8774,-7.8742,-7.6844,-7.6975,-7.7192,-7.7170,-7.7469,-7.7964,-7.8371,-7.8608,-7.8761,-7.8936,-7.8960,-7.8717,-7.8744,-7.6425,-7.6488,-7.6559,-7.6602,-7.6750,-7.6993,-7.7654,-7.8274,-7.6298,-7.6577,-7.6747,-7.7088,-7.7415,-7.7858,-7.8142,-7.9237,-7.9708,-7.9616,-7.9467,-7.9359,-7.8965,-7.8855,-7.8672,-7.8535,-7.8488,-7.8477,-7.8500,-7.7485,-7.7571,-7.8128,-7.8810,-7.8943,-7.8992,-7.9029,-7.9035,-7.9020,-7.9110,-7.9125,-7.9006,-7.8465,-7.8397,-7.8400,-7.8341,-7.8311,-7.7267,-7.7359,-7.6987,-7.7255,-7.7594,-7.7898,-7.8170,-7.8433,-7.8641,-7.8749,-7.8781,-7.8840,-7.8848,-7.8839,-7.8839,-7.8866,-7.8532,-7.8594,-7.5411,-7.5575,-7.5842,-7.6193,-7.6663,-7.5711,-7.6142,-7.6714,-7.7258,-7.7783,-7.8260,-7.8510,-7.8730,-7.8869,-7.9017,-7.9100,-7.9101,-7.9141,-7.9239,-7.8881,-7.8925,-7.8929,-7.8883,-7.8904,-7.8960,-7.8940,-7.8971,-7.9038,-7.9085,-7.8901,-7.8947,-7.8980,-7.8984,-7.9041,-7.9010,-7.9056,-7.9077,-7.9179,-7.9280,-7.9325,-7.9373,-7.9206,-7.9230,-7.9287,-7.9323,-7.9204,-7.9196,-7.9193,-7.9249,-7.9615,-7.9833,-7.9930,-7.9820,-7.9747,-7.9604,-7.9533,-7.9488,-7.8719,-7.8707,-7.8699,-7.8423,-7.8412,-7.8419,-7.8397,-7.8491,-7.8641,-7.8912,-7.9145,-7.9346,-7.6980,-7.7190,-7.7342,-7.7532,-7.7662,-7.7774,-7.7935,-7.8074,-7.8156,-7.8249,-7.8318,-7.8410,-7.8439,-7.8503,-7.8591,-7.8664,-7.8736,-7.8799,-7.8850,-7.8898,-7.8915,-7.8885,-7.8917,-7.8948,-7.8977,-7.9005,-7.9033,-7.9060,-7.9086,-7.9111,-7.9136,-7.9160,-7.9183,-7.9204,-7.9225,-7.9244,-7.9261,-7.9278,-7.9292,-7.9305,-7.9317,-7.9328,-7.9337,-7.9346,-7.9353,-7.9360,-7.9366,-7.9372,-7.9377,-7.9382,-7.9386,-7.9391,-7.9395,-7.9398,-7.9402,-7.9405,-7.9409,-7.9412,-7.9415,-7.9417,-7.9420,-7.9423,-7.9425,-7.9428,-7.9430,-7.9432,-7.9434,-7.9436,-7.9438,-7.9440,-7.9442,-7.9443,-7.9445,-7.9447,-7.9448,-7.9450,-7.9451,-7.9453,-7.9454,-7.9455,-7.9457,-7.9458,-7.9459,-7.9460,-7.9461,-7.9463,-7.9464,-7.9465,-7.9466,-7.9467,-7.9468,-7.9469,-7.9470,-7.9470,-7.9471,-7.9472,-7.9473,-7.9474,-7.9475,-7.9475,-7.9476,-7.9477,-7.9477,-7.9476
45108.0833333,-7.0121,-7.0201,-7.0253,-7.0234,-7.0232,-7.0357,-6.7890,-6.8074,-6.8172,-6.8256,-6.8352,-6.8481,-6.4752,-6.5089,-6.5413,-6.5902,-6.6374,-6.6791,-6.7390,-6.7775,-6.8149,-6.8601,-6.8926,-6.9279,-6.9559,-6.8173,-6.8511,-6.8775,-6.8690,-6.8824,-6.9087,-6.9342,-6.9553,-6.9757,-7.0046,-7.0231,-7.0184,-7.0330,-6.8353,-6.8429,-6.8470,-6.8465,-6.8503,-6.8555,-6.8802,-6.9108,-6.7355,-6.7567,-6.7709,-6.7974,-6.8223,-6.8550,-6.8863,-7.0222,-7.1288,-7.1335,-7.1323,-7.1332,-7.1076,-7.1059,-7.0960,-7.0880,-7.0852,-7.0826,-7.0795,-6.9754,-6.9624,-6.9843,-7.0238,-7.0332,-7.0390,-7.0452,-7.0498,-7.0547,-7.0744,-7.0882,-7.0836,-7.0400,-7.0361,-7.0381,-7.0328,-7.0292,-6.9325,-6.9343,-6.8904,-6.8994,-6.9129,-6.9232,-6.9337,-6.9482,-6.9652,-6.9805,-6.9916,-7.0044,-7.0122,-7.0174,-7.0242,-7.0342,-7.0138,-7.0257,-6.7567,-6.7680,-6.7821,-6.7954,-6.8119,-6.7014,-6.7174,-6.7413,-6.7680,-6.7994,-6.8346,-6.8575,-6.8817,-6.9017,-6.9287,-6.9524,-6.9726,-6.9984,-7.0439,-7.0316,-7.0546,-7.0707,-7.0762,-7.0861,-7.0945,-7.0939,-7.0969,-7.1023,-7.1059,-7.0889,-7.0926,-7.0956,-7.0963,-7.1016,-7.0992,-7.1036,-7.1060,-7.1156,-7.1256,-7.1311,-7.1375,-7.1252,-7.1303,-7.1387,-7.1449,-7.1361,-7.1371,-7.1381,-7.1447,-7.1819,-7.2120,-7.2343,-7.2279,-7.2238,-7.2137,-7.2089,-7.2053,-7.1293,-7.1247,-7.1193,-7.0880,-7.0830,-7.0794,-7.0720,-7.0723,-7.0755,-7.0864,-7.0982,-7.1105,-6.8963,-6.9098,-6.9169,-6.9270,-6.9336,-6.9382,-6.9460,-6.9516,-6.9549,-6.9591,-6.9615,-6.9664,-6.9668,-6.9710,-6.9772,-6.9833,-6.9905,-6.9980,-7.0055,-7.0136,-7.0198,-7.0224,-7.0308,-7.0392,-7.0476,-7.0558,-7.0638,-7.0715,-7.0789,-7.0859,-7.0925,-7.0986,-7.1043,-7.1095,-7.1144,-7.1189,-7.1230,-7.1269,-7.1304,-7.1337,-7.1368,-7.1397,-7.1425,-7.1450,-7.1475,-7.1498,-7.1520,-7.1540,-7.1559,-7.1578,-7.1595,-7.1611,-7.1625,-7.1639,-7.1652,-7.1664,-7.1675,-7.1685,-7.1694,-7.1703,-7.1711,-7.1718,-7.1725,-7.1731,-7.1737,-7.1743,-7.1748,-7.1753,-7.1758,-7.1762,-7.1767,-7.1771,-7.1775,-7.1778,-7.1782,-7.1785,-7.1789,-7.1792,-7.1795,-7.1798,-7.1800,-7.1803,-7.1806,-7.1808,-7.1811,-7.1813,-7.1815,-7.1818,-7.1820,-7.1822,-7.1824,-7.1826,-7.1828,-7.1830,-7.1831,-7.1833,-7.1835,-7.1836,-7.1838,-7.1840,-7.1841,-7.1842,-7.1843,-7.1844
45108.1250000,-5.8711,-5.8774,-5.8818,-5.8804,-5.8808,-5.8917,-5.6893,-5.7057,-5.7146,-5.7221,-5.7300,-5.7396,-5.3996,-5.4212,-5.4407,-5.4673,-5.4910,-5.5114,-5.5417,-5.5622,-5.5837,-5.6114,-5.6323,-5.6581,-5.6820,-5.5835,-5.6222,-5.6604,-5.6757,-5.7036,-5.7409,-5.7719,-5.7929,-5.8103,-5.8326,-5.8466,-5.8434,-5.8571,-5.7016,-5.7111,-5.7186,-5.7216,-5.7282,-5.7352,-5.7576,-5.7796,-5.6310,-5.6427,-5.6504,-5.6643,-5.6782,-5.6973,-5.7197,-5.8243,-5.9283,-5.9371,-5.9417,-5.9480,-5.9330,-5.9379,-5.9365,-5.9372,-5.9423,-5.9471,-5.9512,-5.8705,-5.8666,-5.8867,-5.9108,-5.9140,-5.9145,-5.9157,-5.9166,-5.9176,-5.9288,-5.9374,-5.9337,-5.8991,-5.8980,-5.9026,-5.9007,-5.9002,-5.8216,-5.8257,-5.7920,-5.8005,-5.8111,-5.8170,-5.8216,-5.8275,-5.8334,-5.8386,-5.8416,-5.8479,-5.8515,-5.8542,-5.8581,-5.8649,-5.8479,-5.8580,-5.6537,-5.6645,-5.6785,-5.6918,-5.7069,-5.6158,-5.6266,-5.6411,-5.6560,-5.6721,-5.6890,-5.6994,-5.7104,-5.7195,-5.7322,-5.7441,-5.7540,-5.7704,-5.8037,-5.7962,-5.8200,-5.8420,-5.8587,-5.8853,-5.9091,-5.9201,-5.9317,-5.9454,-5.9564,-5.9511,-5.9607,-5.9681,-5.9718,-5.9794,-5.9792,-5.9838,-5.9861,-5.9943,-6.0028,-6.0076,-6.0131,-6.0033,-6.0080,-6.0158,-6.0219,-6.0154,-6.0174,-6.0196,-6.0273,-6.0641,-6.0947,-6.1199,-6.1162,-6.1141,-6.1073,-6.1049,-6.1040,-6.0404,-6.0381,-6.0347,-6.0081,-6.0041,-6.0009,-5.9942,-5.9934,-5.9938,-5.9984,-6.0024,-6.0070,-5.8196,-5.8257,-5.8269,-5.8312,-5.8342,-5.8354,-5.8394,-5.8416,-5.8428,-5.8447,-5.8453,-5.8479,-5.8470,-5.8491,-5.8525,-5.8557,-5.8597,-5.8639,-5.8681,-5.8728,-5.8759,-5.8761,-5.8810,-5.8862,-5.8916,-5.8971,-5.9027,-5.9085,-5.9144,-5.9205,-5.9266,-5.9328,-5.9391,-5.9454,-5.9518,-5.9581,-5.9644,-5.9707,-5.9768,-5.9828,-5.9887,-5.9943,-5.9998,-6.0050,-6.0100,-6.0148,-6.0192,-6.0235,-6.0275,-6.0312,-6.0347,-6.0380,-6.0410,-6.0439,-6.0466,-6.0491,-6.0515,-6.0537,-6.0558,-6.0577,-6.0596,-6.0613,-6.0629,-6.0644,-6.0659,-6.0672,-6.0685,-6.0696,-6.0708,-6.0718,-6.0728,-6.0737,-6.0745,-6.0753,-6.0761,-6.0767,-6.0774,-6.0780,-6.0786,-6.0791,-6.0796,-6.0801,-6.0806,-6.0810,-6.0814,-6.0818,-6.0822,-6.0826,-6.0829,-6.0833,-6.0836,-6.0839,-6.0842,-6.0845,-6.0847,-6.0850,-6.0853,-6.0855,-6.0858,-6.0860,-6.0862,-6.0864,-6.0866,-6.0867
45108.1666667,-5.1409,-5.1504,-5.1574,-5.1594,-5.1622,-5.1743,-5.0004,-5.0161,-5.0248,-5.0321,-5.0396,-5.0485,-4.7318,-4.7501,-4.7664,-4.7877,-4.8055,-4.8199,-4.8399,-4.8532,-4.8669,-4.8841,-4.8960,-4.9108,-4.9243,-4.8400,-4.8648,-4.8916,-4.9025,-4.9275,-4.9647,-5.0009,-5.0284,-5.0520,-5.0804,-5.0999,-5.1034,-5.1189,-4.9920,-5.0017,-5.0092,-5.0127,-5.0193,-5.0265,-5.0473,-5.0684,-4.9452,-4.9563,-4.9634,-4.9753,-4.9865,-5.0009,-5.0170,-5.0913,-5.1731,-5.1812,-5.1861,-5.1925,-5.1812,-5.1869,-5.1877,-5.1909,-5.1982,-5.2056,-5.2130,-5.1491,-5.1540,-5.1813,-5.2122,-5.2183,-5.2209,-5.2234,-5.2249,-5.2258,-5.2343,-5.2389,-5.2343,-5.2028,-5.2002,-5.2015,-5.1987,-5.1974,-5.1279,-5.1309,-5.1021,-5.1099,-5.1201,-5.1265,-5.1316,-5.1375,-5.1428,-5.1468,-5.1483,-5.1527,-5.1548,-5.1562,-5.1582,-5.1622,-5.1451,-5.1509,-4.9773,-4.9849,-4.9949,-5.0047,-5.0165,-4.9378,-4.9470,-4.9595,-4.9722,-4.9857,-4.9995,-5.0077,-5.0160,-5.0227,-5.0315,-5.0392,-5.0443,-5.0539,-5.0720,-5.0607,-5.0744,-5.0867,-5.0973,-5.1163,-5.1356,-5.1460,-5.1576,-5.1719,-5.1850,-5.1867,-5.2016,-5.2150,-5.2255,-5.2421,-5.2517,-5.2645,-5.2730,-5.2857,-5.2976,-5.3049,-5.3120,-5.3049,-5.3101,-5.3177,-5.3236,-5.3184,-5.3206,-5.3229,-5.3305,-5.3654,-5.3959,-5.4225,-5.4205,-5.4197,-5.4149,-5.4138,-5.4144,-5.3577,-5.3569,-5.3552,-5.3316,-5.3288,-5.3267,-5.3215,-5.3216,-5.3228,-5.3276,-5.3312,-5.3348,-5.1646,-5.1685,-5.1677,-5.1698,-5.1710,-5.1707,-5.1725,-5.1728,-5.1726,-5.1731,-5.1724,-5.1735,-5.1716,-5.1722,-5.1738,-5.1752,-5.1772,-5.1795,-5.1818,-5.1845,-5.1859,-5.1848,-5.1878,-5.1911,-5.1945,-5.1980,-5.2017,-5.2055,-5.2094,-5.2134,-5.2175,-5.2217,-5.2260,-5.2304,-5.2349,-5.2394,-5.2441,-5.2487,-5.2535,-5.2583,-5.2631,-5.2680,-5.2730,-5.2779,-5.2829,-5.2879,-5.2929,-5.2978,-5.3028,-5.3077,-5.3125,-5.3172,-5.3219,-5.3265,-5.3309,-5.3352,-5.3394,-5.3434,-5.3473,-5.3510,-5.3545,-5.3579,-5.3611,-5.3641,-5.3670,-5.3697,-5.3722,-5.3746,-5.3769,-5.3790,-5.3810,-5.3829,-5.3847,-5.3863,-5.3879,-5.3894,-5.3908,-5.3921,-5.3933,-5.3944,-5.3955,-5.3965,-5.3975,-5.3984,-5.3993,-5.4001,-5.4008,-5.4015,-5.4022,-5.4028,-5.4034,-5.4040,-5.4045,-5.4050,-5.4055,-5.4059,-5.4064,-5.4068,-5.4072,-5.4075,-5.4079,-5.4082,-5.4085,-5.4087
45108.2083333,-4.5241,-4.5280,-4.5311,-4.5300,-4.5303,-4.5376,-4.3857,-4.3985,-4.4061,-4.4131,-4.4207,-4.4295,-4.1374,-4.1542,-4.1690,-4.1880,-4.2038,-4.2163,-4.2332,-4.2444,-4.2557,-4.2695,-4.2786,-4.2893,-4.2985,-4.2263,-4.2428,-4.2599,-4.2631,-4.2791,-4.3051,-4.3316,-4.3536,-4.3740,-4.4001,-4.4205,-4.4288,-4.4469,-4.3478,-4.3598,-4.3699,-4.3756,-4.3839,-4.3927,-4.4138,-4.4341,-4.3329,-4.3433,-4.3500,-4.3610,-4.3714,-4.3843,-4.3978,-4.4568,-4.5195,-4.5261,-4.5300,-4.5351,-4.5254,-4.5300,-4.5306,-4.5336,-4.5401,-4.5469,-4.5541,-4.5011,-4.5076,-4.5349,-4.5681,-4.5768,-4.5821,-4.5868,-4.5903,-4.5935,-4.6045,-4.6119,-4.6094,-4.5833,-4.5817,-4.5834,-4.5811,-4.5799,-4.5186,-4.5205,-4.4946,-4.5002,-4.5079,-4.5124,-4.5161,-4.5208,-4.5253,-4.5290,-4.5307,-4.5347,-4.5367,-4.5381,-4.5399,-4.5434,-4.5287,-4.5335,-4.3843,-4.3901,-4.3976,-4.4046,-4.4131,-4.3438,-4.3505,-4.3596,-4.3692,-4.3795,-4.3903,-4.3968,-4.4034,-4.4088,-4.4161,-4.4225,-4.4267,-4.4345,-4.4485,-4.4381,-4.4481,-4.4564,-4.4627,-4.4741,-4.4861,-4.4921,-4.4995,-4.5090,-4.5179,-4.5171,-4.5281,-4.5388,-4.5480,-4.5634,-4.5748,-4.5903,-4.6025,-4.6191,-4.6357,-4.6478,-4.6596,-4.6584,-4.6674,-4.6785,-4.6874,-4.6850,-4.6891,-4.6929,-4.7014,-4.7347,-4.7635,-4.7892,-4.7884,-4.7884,-4.7850,-4.7850,-4.7865,-4.7363,-4.7365,-4.7358,-4.7153,-4.7134,-4.7120,-4.7082,-4.7091,-4.7112,-4.7168,-4.7212,-4.7252,-4.5733,-4.5767,-4.5761,-4.5778,-4.5786,-4.5781,-4.5793,-4.5791,-4.5786,-4.5787,-4.5777,-4.5782,-4.5761,-4.5762,-4.5770,-4.5776,-4.5788,-4.5801,-4.5814,-4.5830,-4.5834,-4.5817,-4.5835,-4.5854,-4.5875,-4.5897,-4.5919,-4.5943,-4.5968,-4.5994,-4.6020,-4.6048,-4.6076,-4.6105,-4.6135,-4.6165,-4.6197,-4.6229,-4.6262,-4.6295,-4.6329,-4.6364,-4.6399,-4.6434,-4.6470,-4.6507,-4.6544,-4.6581,-4.6619,-4.6657,-4.6695,-4.6734,-4.6773,-4.6812,-4.6851,-4.6890,-4.6929,-4.6968,-4.7007,-4.7046,-4.7085,-4.7123,-4.7161,-4.7199,-4.7235,-4.7272,-4.7307,-4.7342,-4.7375,-4.7408,-4.7440,-4.7471,-4.7500,-4.7529,-4.7556,-4.7583,-4.7608,-4.7631,-4.7654,-4.7676,-4.7696,-4.7716,-4.7734,-4.7751,-4.7768,-4.7783,-4.7798,-4.7812,-4.7825,-4.7837,-4.7849,-4.7859,-4.7870,-4.7879,-4.7889,-4.7897,-4.7905,-4.7913,-4.7920,-4.7927,-4.7934,-4.7940,-4.7945,-4.7948
45108.2500000,-4.1446,-4.1520,-4.1569,-4.1602,-4.1627,-4.1669,-4.0256,-4.0332,-4.0390,-4.0446,-4.0499,-4.0560,-3.7746,-3.7879,-3.8007,-3.8169,-3.8314,-3.8439,-3.8587,-3.8704,-3.8816,-3.8942,-3.9033,-3.9141,-3.9243,-3.8604,-3.8713,-3.8857,-3.8851,-3.8966,-3.9153,-3.9345,-3.9515,-3.9671,-3.9861,-4.0037,-4.0113,-4.0262,-3.9457,-3.9575,-3.9681,-3.9740,-3.9832,-3.9941,-4.0135,-4.0328,-3.9491,-3.9611,-3.9693,-3.9801,-3.9901,-4.0021,-4.0155,-4.0634,-4.1157,-4.1246,-4.1306,-4.1374,-4.1304,-4.1357,-4.1367,-4.1381,-4.1429,-4.1487,-4.1552,-4.1085,-4.1122,-4.1332,-4.1612,-4.1719,-4.1795,-4.1864,-4.1916,-4.1971,-4.2081,-4.2172,-4.2196,-4.2000,-4.2020,-4.2057,-4.2068,-4.2068,-4.1508,-4.1535,-4.1307,-4.1350,-4.1401,-4.1448,-4.1474,-4.1506,-4.1547,-4.1588,-4.1593,-4.1619,-4.1640,-4.1658,-4.1676,-4.1707,-4.1573,-4.1614,-4.0286,-4.0335,-4.0394,-4.0447,-4.0514,-3.9878,-3.9940,-4.0012,-4.0079,-4.0153,-4.0229,-4.0280,-4.0332,-4.0378,-4.0442,-4.0499,-4.0535,-4.0598,-4.0687,-4.0593,-4.0676,-4.0748,-4.0805,-4.0901,-4.1000,-4.1054,-4.1110,-4.1173,-4.1238,-4.1210,-4.1286,-4.1363,-4.1438,-4.1545,-4.1622,-4.1744,-4.1843,-4.1969,-4.2108,-4.2233,-4.2359,-4.2373,-4.2486,-4.2613,-4.2728,-4.2743,-4.2821,-4.2892,-4.3012,-4.3374,-4.3681,-4.3950,-4.3971,-4.3991,-4.3983,-4.3999,-4.4024,-4.3552,-4.3571,-4.3582,-4.3404,-4.3402,-4.3403,-4.3374,-4.3386,-4.3400,-4.3443,-4.3485,-4.3524,-4.2125,-4.2161,-4.2164,-4.2187,-4.2203,-4.2202,-4.2218,-4.2222,-4.2228,-4.2238,-4.2232,-4.2236,-4.2219,-4.2224,-4.2229,-4.2232,-4.2239,-4.2246,-4.2253,-4.2261,-4.2259,-4.2237,-4.2247,-4.2258,-4.2270,-4.2283,-4.2297,-4.2311,-4.2327,-4.2343,-4.2360,-4.2378,-4.2396,-4.2416,-4.2435,-4.2456,-4.2477,-4.2499,-4.2521,-4.2544,-4.2567,-4.2591,-4.2615,-4.2640,-4.2666,-4.2692,-4.2718,-4.2745,-4.2772,-4.2800,-4.2828,-4.2857,-4.2886,-4.2915,-4.2944,-4.2974,-4.3005,-4.3035,-4.3066,-4.3097,-4.3128,-4.3160,-4.3191,-4.3223,-4.3255,-4.3286,-4.3318,-4.3350,-4.3382,-4.3414,-4.3445,-4.3477,-4.3508,-4.3539,-4.3570,-4.3601,-4.3631,-4.3660,-4.3689,-4.3718,-4.3746,-4.3773,-4.3799,-4.3825,-4.3850,-4.3875,-4.3898,-4.3921,-4.3943,-4.3964,-4.3984,-4.4003,-4.4021,-4.4039,-4.4055,-4.4071,-4.4087,-4.4101,-4.4114,-4.4127,-4.4140,-4.4151,-4.4161,-4.4168
45108.2916667,-6.0026,-6.0189,-6.0312,-6.0472,-6.0596,-6.0710,-5.8664,-5.8784,-5.8891,-5.8996,-5.9091,-5.9173,-5.4868,-5.5012,-5.5164,-5.5347,-5.5526,-5.5699,-5.5875,-5.6054,-5.6223,-5.6404,-5.6555,-5.6741,-5.6936,-5.6035,-5.6155,-5.6366,-5.6325,-5.6457,-5.6685,-5.6925,-5.7150,-5.7351,-5.7574,-5.7831,-5.7954,-5.8146,-5.7062,-5.7237,-5.7396,-5.7478,-5.7616,-5.7787,-5.8011,-5.8235,-5.7067,-5.7255,-5.7394,-5.7556,-5.7704,-5.7876,-5.8074,-5.8608,-5.9245,-5.9427,-5.9573,-5.9740,-5.9709,-5.9851,-5.9916,-5.9963,-6.0052,-6.0163,-6.0279,-5.9635,-5.9662,-5.9863,-6.0112,-6.0270,-6.0402,-6.0528,-6.0629,-6.0747,-6.0923,-6.1081,-6.1198,-6.0989,-6.1092,-6.1213,-6.1306,-6.1341,-6.0539,-6.0608,-6.0301,-6.0362,-6.0405,-6.0479,-6.0506,-6.0538,-6.0605,-6.0687,-6.0688,-6.0713,-6.0750,-6.0784,-6.0816,-6.0867,-6.0681,-6.0739,-5.8762,-5.8837,-5.8918,-5.8988,-5.9075,-5.8137,-5.8231,-5.8329,-5.8398,-5.8471,-5.8537,-5.8591,-5.8649,-5.8707,-5.8796,-5.8880,-5.8933,-5.9015,-5.9077,-5.8931,-5.9028,-5.9119,-5.9205,-5.9348,-5.9492,-5.9590,-5.9668,-5.9736,-5.9817,-5.9758,-5.9853,-5.9948,-6.0055,-6.0184,-6.0268,-6.0424,-6.0540,-6.0661,-6.0792,-6.0936,-6.1087,-6.1083,-6.1232,-6.1381,-6.1520,-6.1559,-6.1695,-6.1822,-6.2029,-6.2564,-6.3051,-6.3501,-6.3589,-6.3666,-6.3719,-6.3797,-6.3889,-6.3250,-6.3332,-6.3403,-6.3189,-6.3227,-6.3266,-6.3252,-6.3293,-6.3321,-6.3372,-6.3421,-6.3465,-6.1401,-6.1447,-6.1464,-6.1509,-6.1546,-6.1556,-6.1595,-6.1618,-6.1656,-6.1699,-6.1707,-6.1723,-6.1715,-6.1740,-6.1763,-6.1779,-6.1799,-6.1817,-6.1830,-6.1843,-6.1838,-6.1801,-6.1808,-6.1814,-6.1821,-6.1826,-6.1832,-6.1837,-6.1843,-6.1849,-6.1856,-6.1863,-6.1871,-6.1880,-6.1891,-6.1902,-6.1915,-6.1928,-6.1943,-6.1960,-6.1977,-6.1995,-6.2015,-6.2036,-6.2058,-6.2081,-6.2105,-6.2129,-6.2155,-6.2182,-6.2209,-6.2238,-6.2267,-6.2296,-6.2327,-6.2358,-6.2390,-6.2423,-6.2456,-6.2489,-6.2524,-6.2559,-6.2594,-6.2630,-6.2666,-6.2703,-6.2740,-6.2778,-6.2816,-6.2854,-6.2892,-6.2931,-6.2970,-6.3009,-6.3049,-6.3089,-6.3128,-6.3168,-6.3208,-6.3248,-6.3287,-6.3327,-6.3366,-6.3406,-6.3445,-6.3484,-6.3522,-6.3560,-6.3598,-6.3635,-6.3672,-6.3708,-6.3743,-6.3778,-6.3812,-6.3845,-6.3877,-6.3909,-6.3939,-6.3969,-6.3997,-6.4024,-6.4049,-6.4067
45108.3333333,-14.8906,-14.9203,-14.9448,-15.0117,-15.0597,-15.0794,-14.5703,-14.5985,-14.6353,-14.6648,-14.7028,-14.7338,-13.6659,-13.6902,-13.7079,-13.7427,-13.7802,-13.8244,-13.8542,-13.8914,-13.9234,-13.9560,-13.9929,-14.0519,-14.1028,-13.8845,-13.8922,-13.9535,-13.9324,-13.9605,-14.0180,-14.0792,-14.1388,-14.1758,-14.2152,-14.2817,-14.3286,-14.3725,-14.1211,-14.1584,-14.1949,-14.2080,-14.2409,-14.2979,-14.3435,-14.3768,-14.0902,-14.1434,-14.1811,-14.2173,-14.2415,-14.2694,-14.3117,-14.3890,-14.5121,-14.5800,-14.6358,-14.6925,-14.6970,-14.7422,-14.7737,-14.7859,-14.8066,-14.8430,-14.8796,-14.7438,-14.7564,-14.7955,-14.8239,-14.8621,-14.8978,-14.9391,-14.9646,-15.0049,-15.0412,-15.0854,-15.1288,-15.0918,-15.1431,-15.1906,-15.2337,-15.2533,-15.0478,-15.0627,-14.9866,-14.9970,-15.0041,-15.0422,-15.0585,-15.0609,-15.0820,-15.1134,-15.1054,-15.1047,-15.1213,-15.1350,-15.1463,-15.1622,-15.1192,-15.1312,-14.6355,-14.6517,-14.6661,-14.6766,-14.7000,-14.4613,-14.4920,-14.5154,-14.5275,-14.5393,-14.5448,-14.5494,-14.5618,-14.5757,-14.5974,-14.6147,-14.6291,-14.6439,-14.6335,-14.5974,-14.6114,-14.6346,-14.6535,-14.6889,-14.7317,-14.7622,-14.7827,-14.7948,-14.8063,-14.7820,-14.8041,-14.8299,-14.8548,-14.8807,-14.9056,-14.9467,-14.9659,-14.9779,-14.9920,-15.0204,-15.0522,-15.0491,-15.0774,-15.0966,-15.1154,-15.1213,-15.1532,-15.1795,-15.2219,-15.3191,-15.4258,-15.5401,-15.5762,-15.6111,-15.6417,-15.6749,-15.7104,-15.5629,-15.5970,-15.6353,-15.5977,-15.6174,-15.6405,-15.6469,-15.6663,-15.6860,-15.7080,-15.7285,-15.7438,-15.2342,-15.2447,-15.2539,-15.2697,-15.2835,-15.2853,-15.2990,-15.3109,-15.3292,-15.3471,-15.3541,-15.3595,-15.3554,-15.3620,-15.3665,-15.3693,-15.3723,-15.3751,-15.3770,-15.3790,-15.3766,-15.3664,-15.3673,-15.3683,-15.3691,-15.3698,-15.3704,-15.3708,-15.3711,-15.3714,-15.3715,-15.3716,-15.3716,-15.3716,-15.3716,-15.3715,-15.3715,-15.3715,-15.3716,-15.3718,-15.3721,-15.3725,-15.3731,-15.3739,-15.3748,-15.3760,-15.3774,-15.3791,-15.3810,-15.3831,-15.3856,-15.3883,-15.3913,-15.3945,-15.3981,-15.4019,-15.4059,-15.4102,-15.4148,-15.4196,-15.4246,-15.4298,-15.4353,-15.4409,-15.4468,-15.4528,-15.4590,-15.4654,-15.4719,-15.4786,-15.4854,-15.4924,-15.4995,-15.5067,-15.5140,-15.5215,-15.5291,-15.5367,-15.5445,-15.5523,-15.5602,-15.5682,-15.5763,-15.5844,-15.5925,-15.6007,-15.6090,-15.6173,-15.6256,-15.6339,-15.6422,-15.6505,-15.6588,-15.6671,-15.6754,-15.6837,-15.6919,-15.7000,-15.7081,-15.7161,-15.7240,-15.7316,-15.7388,-15.7442
45108.3750000,-25.4872,-25.5407,-25.5820,-25.7760,-25.9180,-25.9729,-25.0962,-25.1403,-25.2131,-25.2556,-25.3313,-25.3872,-23.6837,-23.6936,-23.7181,-23.7408,-23.7777,-23.8431,-23.8444,-23.8864,-23.9439,-23.9534,-24.0011,-24.1291,-24.2417,-23.8667,-23.8263,-23.9508,-23.8796,-23.8914,-23.9875,-24.0984,-24.2302,-24.2571,-24.2937,-24.4757,-24.5781,-24.6337,-24.2406,-24.2982,-24.3975,-24.3952,-24.4526,-24.5683,-24.6126,-24.6088,-24.1002,-24.1972,-24.2636,-24.3287,-24.3908,-24.4430,-24.5201,-24.4697,-24.5289,-24.6883,-24.8280,-24.9645,-25.0053,-25.1233,-25.1985,-25.2084,-25.2244,-25.2907,-25.3558,-25.1656,-25.1949,-25.2374,-25.2415,-25.3025,-25.3770,-25.4745,-25.5562,-25.6442,-25.6815,-25.7663,-25.8975,-25.8539,-25.9911,-26.1041,-26.2197,-26.2692,-25.8898,-25.9078,-25.7610,-25.7407,-25.7204,-25.8146,-25.8615,-25.9019,-25.9734,-26.0272,-25.9894,-25.9701,-26.0127,-26.0559,-26.0894,-26.1275,-26.0584,-26.0718,-25.2123,-25.2460,-25.2760,-25.2726,-25.3075,-24.8718,-24.9447,-24.9924,-25.0068,-25.0143,-24.9983,-25.0110,-25.0200,-25.0424,-25.0839,-25.1103,-25.1451,-25.1815,-25.1271,-25.0490,-25.0349,-25.0642,-25.0821,-25.1475,-25.2261,-25.2915,-25.3286,-25.3417,-25.3743,-25.3392,-25.3715,-25.4129,-25.4414,-25.4542,-25.4969,-25.5769,-25.6241,-25.6017,-25.5787,-25.5955,-25.6553,-25.6417,-25.6975,-25.6861,-25.7085,-25.7044,-25.7711,-25.8069,-25.8446,-25.8876,-25.9818,-26.1316,-26.2275,-26.3105,-26.3905,-26.4671,-26.5511,-26.3131,-26.4191,-26.5184,-26.4861,-26.5328,-26.5951,-26.6227,-26.6719,-26.7239,-26.7719,-26.8202,-26.8563,-26.0019,-26.0224,-26.0590,-26.1033,-26.1414,-26.1486,-26.1883,-26.2273,-26.2831,-26.3361,-26.3643,-26.3854,-26.3835,-26.4101,-26.4425,-26.4635,-26.4689,-26.4529,-26.4380,-26.4214,-26.3976,-26.3608,-26.3447,-26.3298,-26.3158,-26.3027,-26.2906,-26.2793,-26.2688,-26.2591,-26.2502,-26.2419,-26.2343,-26.2272,-26.2207,-26.2147,-26.2091,-26.2039,-26.1991,-26.1946,-26.1905,-26.1866,-26.1830,-26.1796,-26.1765,-26.1736,-26.1709,-26.1685,-26.1664,-26.1645,-26.1628,-26.1614,-26.1603,-26.1595,-26.1590,-26.1588,-26.1590,-26.1595,-26.1603,-26.1616,-26.1632,-26.1653,-26.1677,-26.1706,-26.1738,-26.1775,-26.1816,-26.1861,-26.1910,-26.1963,-26.2020,-26.2081,-26.2145,-26.2213,-26.2284,-26.2359,-26.2436,-26.2517,-26.2601,-26.2687,-26.2777,-26.2868,-26.2962,-26.3059,-26.3157,-26.3258,-26.3360,-26.3464,-26.3570,-26.3677,-26.3786,-26.3896,-26.4008,-26.4121,-26.4234,-26.4349,-26.4464,-26.4580,-26.4697,-26.4814,-26.4931,-26.5046,-26.5155,-26.5239
45108.4166667,-46.8055,-46.8197,-46.9781,-47.4841,-47.8505,-47.9492,-46.3325,-46.4208,-46.5997,-46.7043,-46.8908,-47.0233,-44.2559,-44.2319,-44.2049,-44.2095,-44.2483,-44.3708,-44.3644,-44.4084,-44.4238,-44.2967,-44.2921,-44.6115,-44.9733,-44.2443,-43.9895,-44.2487,-44.0179,-43.9362,-44.0793,-44.2813,-44.6024,-44.7863,-44.6451,-45.0412,-45.2883,-45.3220,-44.7004,-45.0069,-45.2147,-45.1577,-45.2027,-45.4324,-45.4137,-45.2505,-44.2866,-44.5124,-44.7097,-44.7872,-44.8828,-44.9406,-45.0755,-44.6469,-44.4315,-44.8280,-45.1783,-45.5007,-45.6284,-45.9076,-46.0953,-46.1134,-46.1816,-46.3082,-46.4002,-46.1147,-46.1468,-46.1262,-45.9846,-46.1200,-46.2945,-46.5206,-46.7224,-46.9360,-46.9537,-47.1701,-47.5260,-47.4972,-47.8787,-48.1733,-48.4865,-48.6230,-47.9007,-47.8518,-47.6530,-47.5044,-47.3020,-47.5077,-47.6144,-47.7213,-47.9469,-48.2451,-48.3413,-48.3661,-48.4446,-48.5334,-48.5853,-48.6374,-48.4830,-48.5424,-46.8307,-46.8385,-46.8473,-46.7358,-46.7798,-45.9110,-46.0869,-46.1784,-46.1788,-46.1551,-46.0459,-46.0745,-46.0989,-46.1588,-46.2529,-46.2498,-46.3377,-46.4209,-46.2488,-46.0964,-46.0265,-46.0773,-46.0726,-46.2604,-46.4352,-46.5790,-46.6440,-46.6405,-46.6915,-46.5997,-46.6464,-46.7351,-46.8641,-46.8073,-46.8835,-47.0421,-47.1332,-47.1027,-47.0554,-46.9783,-47.0256,-46.9350,-46.9941,-46.8364,-46.8399,-46.9223,-47.0238,-46.9950,-46.9704,-46.7984,-46.7691,-46.8949,-47.1196,-47.3172,-47.5188,-47.7440,-47.9225,-47.4756,-47.7354,-47.9899,-47.9993,-48.1081,-48.2579,-48.3341,-48.4553,-48.5818,-48.6742,-48.7750,-48.8481,-47.3085,-47.3190,-47.4275,-47.5451,-47.6456,-47.6611,-47.7711,-47.8871,-48.0491,-48.2003,-48.2917,-48.3565,-48.3516,-48.4051,-48.5165,-48.6145,-48.7072,-48.7879,-48.8486,-48.8751,-48.8018,-48.6474,-48.5447,-48.4371,-48.3350,-48.2396,-48.1510,-48.0691,-47.9933,-47.9230,-47.8576,-47.7967,-47.7400,-47.6871,-47.6377,-47.5916,-47.5487,-47.5086,-47.4713,-47.4365,-47.4041,-47.3741,-47.3461,-47.3202,-47.2961,-47.2738,-47.2531,-47.2339,-47.2161,-47.1997,-47.1844,-47.1703,-47.1573,-47.1452,-47.1340,-47.1237,-47.1142,-47.1055,-47.0974,-47.0901,-47.0834,-47.0774,-47.0720,-47.0672,-47.0631,-47.0595,-47.0566,-47.0543,-47.0526,-47.0515,-47.0510,-47.0512,-47.0521,-47.0535,-47.0557,-47.0585,-47.0619,-47.0660,-47.0707,-47.0761,-47.0821,-47.0888,-47.0961,-47.1040,-47.1124,-47.1215,-47.1311,-47.1413,-47.1520,-47.1632,-47.1749,-47.1871,-47.1997,-47.2127,-47.2261,-47.2400,-47.2542,-47.2687,-47.2835,-47.2987,-47.3140,-47.3294,-47.3441,-47.3556
45108.4583333,-70.9896,-71.0572,-71.7335,-72.6742,-73.3406,-73.3993,-70.7791,-70.8969,-71.2394,-71.6850,-72.0119,-72.2345,-68.3397,-68.2953,-68.3944,-68.3012,-68.2932,-68.4858,-68.4691,-68.8412,-68.8216,-69.0895,-68.7577,-69.1921,-69.6949,-68.2986,-67.3970,-67.7775,-67.0821,-67.2709,-66.9280,-67.2186,-67.6144,-68.3372,-68.7375,-69.3538,-69.6112,-69.3894,-68.3886,-68.9642,-69.3238,-69.0459,-69.0927,-69.5870,-69.5066,-69.0037,-67.3522,-67.7123,-67.7900,-68.0450,-68.3109,-68.4429,-68.6523,-67.3592,-66.3154,-66.7237,-67.3029,-68.1046,-68.5289,-69.1613,-69.5876,-69.5979,-69.4537,-69.4863,-69.7270,-69.5069,-69.4413,-69.5016,-69.1076,-69.5009,-70.0130,-70.4461,-70.8649,-71.3039,-71.3677,-71.1876,-72.0237,-72.3833,-73.0959,-73.5651,-74.1625,-74.4513,-73.5626,-73.6115,-73.3046,-73.2680,-72.4920,-72.6845,-72.7298,-72.8269,-73.2080,-73.8045,-74.0285,-74.0807,-74.2385,-74.4299,-74.5481,-74.6736,-74.4874,-74.6907,-71.8420,-72.0437,-72.1172,-72.0819,-71.9847,-70.4817,-70.6921,-70.7039,-70.5773,-70.4321,-70.2380,-70.2319,-70.2111,-70.2811,-70.4098,-70.3119,-70.4704,-70.6092,-70.0837,-69.8689,-69.9667,-70.0434,-69.9767,-70.0046,-70.4185,-70.7384,-70.8707,-70.7284,-70.8682,-70.7435,-70.6566,-70.6322,-71.0350,-71.2331,-71.3303,-71.5533,-71.6662,-71.5330,-71.1662,-71.3608,-71.5060,-71.3519,-71.4241,-71.3140,-71.0560,-71.1402,-71.2150,-70.9943,-70.8535,-69.7972,-69.2659,-69.1143,-69.4935,-69.6233,-69.8060,-70.1259,-70.6184,-70.2383,-70.7601,-71.2906,-71.4499,-71.7662,-72.1834,-72.4481,-72.7094,-72.8427,-72.8554,-72.9442,-73.0199,-70.6738,-70.7680,-70.9252,-71.1275,-71.3563,-71.4929,-71.6691,-71.8663,-72.1792,-72.4715,-72.6591,-72.8143,-72.9825,-73.2188,-73.4149,-73.5836,-73.7432,-73.8923,-74.0327,-74.1730,-74.2854,-74.3466,-74.4556,-74.5345,-74.5543,-74.4522,-74.0341,-73.6092,-73.1962,-72.7978,-72.4363,-72.1108,-71.8177,-71.5532,-71.3138,-71.0962,-70.8978,-70.7165,-70.5502,-70.3975,-70.2569,-70.1272,-70.0075,-69.8968,-69.7943,-69.6993,-69.6111,-69.5292,-69.4531,-69.3823,-69.3165,-69.2553,-69.1983,-69.1452,-69.0959,-69.0500,-69.0073,-68.9676,-68.9307,-68.8965,-68.8647,-68.8352,-68.8078,-68.7825,-68.7590,-68.7372,-68.7172,-68.6986,-68.6815,-68.6658,-68.6514,-68.6382,-68.6261,-68.6152,-68.6053,-68.5964,-68.5885,-68.5816,-68.5756,-68.5706,-68.5664,-68.5631,-68.5607,-68.5592,-68.5586,-68.5587,-68.5598,-68.5617,-68.5644,-68.5680,-68.5724,-68.5776,-68.5836,-68.5904,-68.5980,-68.6064,-68.6155,-68.6254,-68.6360,-68.6472,-68.6591,-68.6714,-68.6835,-68.6933
45108.5000000,-70.3030,-70.4161,-71.2640,-72.4808,-73.3963,-73.7256,-71.0626,-71.3043,-71.7182,-72.2318,-72.6114,-72.8758,-69.1052,-69.1235,-69.2922,-69.2750,-69.3322,-69.5879,-69.6290,-70.0686,-70.1124,-70.4696,-70.2462,-70.8000,-71.4415,-69.8961,-69.7618,-69.8579,-68.6227,-68.4859,-67.8206,-67.6810,-68.2856,-68.8528,-69.2160,-69.9792,-70.3830,-70.1912,-69.0992,-69.7590,-70.1702,-69.8914,-69.9849,-70.4718,-70.2861,-69.6012,-67.6458,-67.9622,-67.9638,-68.1026,-68.2837,-68.3453,-68.5249,-66.9759,-65.3186,-65.5997,-66.0595,-66.7280,-67.0638,-67.6835,-68.1318,-68.0775,-67.9791,-68.1318,-68.4188,-68.2784,-68.2042,-68.2616,-67.9357,-68.5795,-69.2470,-69.7536,-70.2285,-70.7757,-71.0667,-71.4489,-72.3529,-72.7603,-73.5642,-74.1209,-74.7993,-75.1417,-74.2835,-74.7413,-74.4667,-74.5175,-73.6670,-73.8886,-73.8879,-73.8956,-74.1909,-74.7513,-74.9215,-74.9252,-75.0551,-75.2344,-75.3376,-75.4528,-75.2303,-75.4569,-72.2454,-72.5107,-72.6799,-72.7828,-72.8442,-71.3776,-71.6866,-71.7555,-71.6068,-71.3798,-71.0734,-70.9950,-70.8993,-70.9119,-70.9988,-71.1468,-71.2276,-71.3009,-70.7040,-70.3264,-70.2787,-70.2172,-70.0032,-69.8424,-70.1562,-70.4310,-70.5332,-70.3636,-70.4807,-70.3428,-70.4310,-70.3256,-70.7066,-70.9000,-71.0668,-71.4005,-71.5866,-71.4786,-71.0178,-71.1432,-71.2269,-71.0231,-71.1120,-71.0853,-70.9403,-71.1121,-71.3203,-71.4272,-71.2543,-69.4412,-68.1200,-67.3923,-67.7057,-67.9691,-67.9508,-68.0942,-68.4243,-68.0463,-68.5924,-69.1901,-69.4722,-69.9769,-70.4845,-70.8522,-71.2431,-71.5101,-71.6432,-71.7780,-71.8635,-69.5089,-69.6714,-69.8724,-70.0995,-70.3479,-70.5011,-70.7024,-70.9335,-71.2865,-71.6180,-71.8371,-72.0215,-72.2262,-72.5138,-72.7733,-73.0150,-73.2538,-73.4819,-73.6952,-73.9004,-74.0683,-74.1782,-74.3460,-74.5034,-74.6491,-74.7824,-74.9023,-75.0070,-75.0923,-75.1509,-75.1687,-75.1206,-74.9635,-74.6189,-73.8738,-73.1298,-72.4226,-71.7619,-71.1594,-70.6119,-70.1149,-69.6637,-69.2544,-68.8831,-68.5463,-68.2409,-67.9639,-67.7124,-67.4841,-67.2765,-67.0876,-66.9153,-66.7580,-66.6141,-66.4822,-66.3612,-66.2499,-66.1474,-66.0528,-65.9655,-65.8847,-65.8099,-65.7406,-65.6763,-65.6167,-65.5613,-65.5098,-65.4620,-65.4176,-65.3764,-65.3380,-65.3024,-65.2693,-65.2386,-65.2102,-65.1838,-65.1593,-65.1367,-65.1158,-65.0964,-65.0786,-65.0622,-65.0472,-65.0334,-65.0208,-65.0093,-64.9990,-64.9896,-64.9812,-64.9738,-64.9673,-64.9616,-64.9568,-64.9528,-64.9497,-64.9472,-64.9456,-64.9447,-64.9446,-64.9451,-64.9463,-64.9482,-64.9505,-64.9528
45108.5416667,-86.2022,-87.1846,-88.2058,-89.6855,-90.7873,-91.1321,-86.9507,-87.4763,-88.2035,-89.0724,-89.8054,-90.3532,-86.1570,-86.2931,-86.5750,-86.6431,-86.7830,-87.1549,-87.2858,-87.9323,-88.5607,-88.9765,-88.6143,-89.2485,-90.0240,-87.7558,-86.8450,-87.4808,-86.4030,-85.9335,-85.3999,-85.0778,-85.8538,-86.5224,-86.9003,-87.7760,-88.1802,-87.8734,-86.2941,-87.1214,-87.7612,-88.1608,-88.6237,-89.0746,-88.5992,-88.0730,-84.9500,-85.2111,-85.5537,-85.4757,-85.4825,-85.3050,-85.2948,-82.5172,-80.3390,-80.7251,-81.5983,-82.3725,-82.7038,-83.3977,-83.8593,-83.6868,-83.5225,-83.5696,-83.8025,-83.4810,-83.2350,-83.1737,-82.7324,-83.4335,-83.7698,-84.4929,-85.1833,-86.0169,-86.7072,-87.5256,-88.6453,-88.8558,-90.1721,-91.3201,-92.4164,-93.0569,-92.1559,-92.9360,-92.7641,-93.0513,-92.1971,-92.6977,-92.8631,-92.9597,-93.3452,-94.0226,-94.1931,-94.1685,-94.3014,-94.4967,-94.5992,-94.7172,-94.3558,-94.6080,-89.9175,-90.2529,-90.4837,-90.6431,-90.7674,-88.9113,-89.3465,-89.5161,-89.4181,-89.2278,-88.9328,-88.8764,-88.7932,-88.8272,-88.9528,-89.1380,-89.2213,-89.2892,-88.5085,-87.9582,-87.8657,-87.7967,-88.0420,-88.1797,-88.3114,-88.4351,-88.3626,-87.8332,-87.7960,-87.3820,-86.9839,-86.7985,-87.2648,-87.5389,-87.7770,-88.2161,-88.4550,-88.3452,-88.1975,-88.2684,-88.2714,-87.9152,-87.9538,-87.8376,-87.2443,-87.4075,-87.3222,-87.5942,-87.6161,-85.8525,-84.0423,-82.6306,-82.8886,-83.1659,-83.3920,-83.4893,-83.7967,-83.1659,-83.7055,-84.3026,-84.5278,-85.0693,-85.6346,-86.0240,-86.4463,-86.7397,-86.9092,-87.1296,-87.3040,-84.4425,-84.7125,-85.0202,-85.3538,-85.6932,-85.9146,-86.1979,-86.5150,-86.9720,-87.4039,-87.6954,-87.9455,-88.2175,-88.5970,-88.9480,-89.2775,-89.6053,-89.9211,-90.2202,-90.5114,-90.7570,-90.9301,-91.1825,-91.4253,-91.6573,-91.8786,-92.0890,-92.2886,-92.4774,-92.6551,-92.8216,-92.9764,-93.1188,-93.2476,-93.3605,-93.4539,-93.5212,-93.5509,-93.5220,-93.3930,-93.0588,-92.1967,-91.2711,-90.3067,-89.3286,-88.3676,-87.4408,-86.5589,-85.7279,-84.9507,-84.2279,-83.5584,-82.9403,-82.3712,-81.8482,-81.3684,-80.9289,-80.5269,-80.1596,-79.8241,-79.5180,-79.2387,-78.9839,-78.7514,-78.5391,-78.3453,-78.1682,-78.0061,-77.8577,-77.7217,-77.5969,-77.4822,-77.3766,-77.2795,-77.1899,-77.1071,-77.0307,-76.9601,-76.8947,-76.8342,-76.7781,-76.7261,-76.6779,-76.6332,-76.5917,-76.5533,-76.5177,-76.4847,-76.4541,-76.4259,-76.3997,-76.3756,-76.3533,-76.3328,-76.3140,-76.2967,-76.2809,-76.2665,-76.2534,-76.2416,-76.2309,-76.2215,-76.2136,-76.2082
45108.5833333,-103.4701,-104.6527,-105.8521,-107.6439,-109.0743,-110.0569,-105.2685,-105.6222,-106.6775,-107.8070,-108.8046,-109.5780,-105.5141,-105.8326,-106.2735,-106.6112,-106.9709,-107.4991,-107.7932,-108.5260,-109.2426,-109.8826,-110.3049,-110.9426,-111.7300,-108.5258,-107.4686,-107.5693,-106.3595,-105.8148,-105.0589,-104.8147,-105.7654,-106.6164,-107.2021,-108.4310,-108.9849,-108.7970,-106.4104,-107.3212,-108.0906,-108.5206,-109.1491,-109.8866,-110.0097,-109.6265,-105.8858,-106.3376,-106.7286,-106.7616,-106.8010,-106.6125,-106.3321,-102.3529,-99.0708,-99.2643,-99.9874,-100.7002,-100.9136,-101.6155,-102.0865,-101.9754,-102.4135,-102.5163,-102.5847,-101.9338,-101.8663,-101.6396,-100.9483,-101.4963,-101.6732,-102.3033,-102.9090,-103.6821,-104.3668,-105.3038,-106.6769,-107.3266,-108.6753,-109.9263,-111.1042,-111.8484,-110.7972,-111.8927,-112.0075,-112.8849,-113.2893,-113.7631,-113.9278,-114.1803,-114.8795,-115.8353,-116.2089,-116.3449,-116.5902,-116.8428,-117.0275,-117.2527,-116.8259,-117.1821,-110.3081,-110.7481,-111.1284,-111.4294,-111.7129,-109.4087,-109.9111,-110.2045,-110.2136,-110.1229,-109.9004,-109.8601,-109.7997,-109.8413,-109.9946,-110.1952,-110.2858,-110.3133,-109.6986,-109.0154,-108.9405,-108.8821,-109.1057,-109.3430,-109.5999,-109.8007,-109.7993,-109.3266,-109.2999,-108.7405,-108.2095,-107.8261,-108.0899,-108.1055,-108.0883,-108.3764,-108.5247,-108.3657,-107.8785,-108.1541,-108.3826,-108.1144,-108.2557,-108.1440,-107.4797,-107.4801,-107.1825,-106.9362,-106.8701,-105.0112,-103.2536,-101.6055,-101.7510,-101.9492,-102.0815,-102.0961,-102.3307,-101.4148,-101.9220,-102.5084,-102.6517,-103.1899,-103.7513,-104.1116,-104.5175,-104.6682,-105.0562,-105.4145,-105.6644,-102.0349,-102.3519,-102.6983,-103.0863,-103.4641,-103.7229,-104.0668,-104.4416,-104.9399,-105.4229,-105.7584,-106.0594,-106.3633,-106.7969,-107.2243,-107.6296,-108.0371,-108.4337,-108.8128,-109.1855,-109.5040,-109.7345,-110.0668,-110.3895,-110.7011,-111.0014,-111.2904,-111.5682,-111.8348,-112.0903,-112.3346,-112.5678,-112.7900,-113.0011,-113.2006,-113.3882,-113.5625,-113.7197,-113.8526,-113.9492,-113.9884,-113.9339,-113.6301,-113.0885,-112.4518,-111.7698,-111.0509,-110.3205,-109.5925,-108.8724,-108.1574,-107.4407,-106.7150,-105.9753,-105.2197,-104.4493,-103.6674,-102.8794,-102.0914,-101.3097,-100.5410,-99.7910,-99.0652,-98.3678,-97.7024,-97.0714,-96.4764,-95.9181,-95.3965,-94.9111,-94.4608,-94.0443,-93.6599,-93.3058,-92.9801,-92.6809,-92.4063,-92.1545,-91.9236,-91.7120,-91.5181,-91.3403,-91.1772,-91.0277,-90.8904,-90.7643,-90.6484,-90.5418,-90.4437,-90.3533,-90.2700,-90.1931,-90.1222,-90.0566,-89.9960,-89.9400,-89.8882,-89.8403,-89.7960,-89.7551,-89.7173,-89.6827,-89.6522,-89.6298
45108.6250000,-89.0908,-90.0889,-91.0842,-92.5193,-93.6237,-94.1843,-90.0207,-89.9635,-90.7340,-91.6525,-92.5375,-93.3143,-90.9275,-91.3833,-91.9160,-92.3665,-92.8175,-93.3871,-93.5557,-94.4228,-95.1883,-95.8453,-96.3342,-97.0784,-97.8841,-94.6297,-93.6927,-93.6453,-92.6423,-92.2903,-91.6038,-91.3198,-91.9226,-92.1809,-92.2906,-93.4822,-94.1554,-94.1487,-92.0755,-93.0334,-93.8231,-94.2891,-94.8967,-95.5875,-95.7281,-95.3428,-92.0055,-92.4975,-92.6477,-92.9120,-93.1759,-93.2972,-93.2627,-90.2828,-87.4413,-87.4330,-87.6134,-88.1696,-88.2412,-88.7384,-88.9953,-88.5795,-88.0738,-88.0447,-88.2503,-87.8901,-88.1315,-88.2364,-87.7940,-88.2909,-88.3783,-88.8791,-89.3556,-89.9344,-90.2676,-90.4136,-91.6736,-92.2898,-93.4953,-94.5583,-95.5528,-96.1400,-95.1367,-95.9811,-95.9552,-96.7462,-97.3428,-98.0899,-98.5389,-98.9818,-99.7378,-100.6636,-101.0375,-101.1789,-101.4125,-101.6602,-101.8431,-102.0674,-101.7143,-102.0919,-95.4543,-95.8745,-96.2913,-96.6715,-96.9970,-94.9762,-95.4923,-95.8011,-95.7225,-95.7912,-95.7429,-95.8032,-95.8316,-95.9331,-96.1351,-96.3628,-96.4352,-96.1452,-95.6210,-95.0522,-95.0680,-95.0696,-94.9446,-95.3003,-95.6520,-95.9071,-95.9708,-95.5990,-95.4310,-95.0449,-94.6709,-94.5752,-94.9237,-94.9499,-94.4135,-94.3258,-94.4811,-94.3524,-93.8513,-94.0227,-94.1585,-93.8794,-93.9841,-93.4487,-93.1391,-93.3111,-93.1697,-92.9966,-92.9173,-91.0483,-89.7625,-88.6307,-88.8171,-89.0188,-89.1228,-89.0183,-89.1992,-88.2682,-88.6641,-89.1155,-89.1525,-89.5715,-90.0037,-90.2268,-90.4303,-90.3458,-90.4368,-90.6073,-90.7690,-87.5177,-87.8145,-88.1338,-88.4855,-88.8283,-89.0613,-89.3626,-89.6861,-90.1241,-90.5422,-90.8268,-91.0805,-91.3392,-91.7078,-92.0557,-92.3827,-92.7108,-93.0290,-93.3324,-93.6311,-93.8838,-94.0613,-94.3314,-94.5964,-94.8550,-95.1075,-95.3538,-95.5942,-95.8286,-96.0567,-96.2774,-96.4765,-96.5198,-96.4204,-96.2966,-96.1749,-96.0359,-95.8919,-95.7416,-95.5866,-95.4251,-95.2542,-95.0794,-94.8995,-94.7129,-94.5192,-94.3173,-94.1060,-93.8837,-93.6488,-93.3994,-93.1336,-92.8494,-92.5452,-92.2196,-91.8719,-91.5018,-91.1098,-90.6969,-90.2648,-89.8152,-89.3504,-88.8723,-88.3832,-87.8850,-87.3795,-86.8684,-86.3533,-85.8360,-85.3181,-84.8013,-84.2877,-83.7793,-83.2780,-82.7861,-82.3056,-81.8385,-81.3865,-80.9513,-80.5342,-80.1363,-79.7582,-79.4006,-79.0635,-78.7469,-78.4505,-78.1739,-77.9165,-77.6774,-77.4558,-77.2508,-77.0615,-76.8869,-76.7259,-76.5777,-76.4414,-76.3159,-76.2006,-76.0945,-75.9971,-75.9076,-75.8263,-75.7550,-75.7031
45108.6666667,-122.9217,-123.2810,-123.0323,-124.4585,-125.6543,-126.5349,-120.7891,-121.4797,-122.2577,-123.0869,-123.9132,-124.6707,-122.0844,-122.6628,-123.3433,-124.1632,-124.9528,-125.7303,-125.6986,-126.6264,-127.5023,-128.4065,-129.0708,-129.2818,-130.6630,-127.0570,-126.6167,-127.2127,-125.9008,-125.3247,-124.7068,-124.3899,-125.1212,-125.5988,-125.4095,-126.3970,-126.8875,-126.9255,-123.8553,-124.8530,-125.7208,-125.7165,-126.5780,-127.6962,-128.8351,-129.5131,-125.0057,-125.5619,-125.9675,-126.2447,-126.3521,-126.6312,-126.6121,-124.0403,-121.0771,-120.7272,-120.6126,-121.0934,-120.9469,-121.4040,-121.5945,-121.1360,-120.7045,-121.1053,-121.3981,-120.3081,-120.0989,-119.9529,-119.4445,-119.8317,-119.9271,-120.3889,-120.8269,-121.4140,-121.9499,-122.1619,-123.3159,-123.6482,-124.7200,-126.1664,-127.3677,-128.1788,-126.9880,-128.1400,-128.2051,-129.3612,-130.2544,-131.2894,-131.5314,-132.3738,-133.5656,-134.7593,-135.3185,-135.6340,-135.9824,-136.2958,-136.6230,-137.0729,-136.7757,-137.4518,-128.7772,-129.3201,-129.8520,-130.2887,-130.7531,-128.1237,-128.7329,-129.2973,-129.6194,-129.8481,-129.9226,-130.0135,-130.0963,-130.2284,-130.5009,-130.7820,-130.9100,-130.7245,-130.4665,-129.7213,-129.7740,-129.7550,-129.4631,-129.6556,-129.5944,-129.9445,-130.1502,-129.9722,-129.8789,-129.2412,-129.0827,-128.8714,-129.2082,-129.4076,-129.3956,-129.5778,-129.5618,-129.2710,-128.5542,-128.2350,-127.8823,-127.4938,-127.6199,-127.0001,-126.5003,-126.4233,-126.1223,-125.7609,-125.3549,-123.9550,-122.6832,-121.3579,-121.0376,-121.0100,-121.1010,-121.1034,-121.3740,-120.3661,-120.7932,-121.2628,-121.1928,-121.5615,-121.8964,-121.9295,-122.2700,-122.4096,-122.6957,-122.9532,-123.1249,-118.7207,-118.9372,-119.1642,-119.4688,-119.7811,-119.9903,-120.3058,-120.6410,-121.0789,-121.5187,-121.8255,-122.1224,-122.3934,-122.8081,-123.2408,-123.6561,-124.0824,-124.5035,-124.9107,-125.3165,-125.6626,-125.9034,-126.2333,-126.3275,-126.4104,-126.4507,-126.4490,-126.4457,-126.4445,-126.4466,-126.4512,-126.4554,-126.4538,-126.4409,-126.4113,-126.3611,-126.2887,-126.1943,-126.0793,-125.9456,-125.7928,-125.6201,-125.4359,-125.2418,-125.0389,-124.8288,-124.6128,-124.3915,-124.1653,-123.9346,-123.6996,-123.4605,-123.2173,-122.9697,-122.7177,-122.4607,-122.1983,-121.9298,-121.6544,-121.3712,-121.0791,-120.7770,-120.4639,-120.1384,-119.7997,-119.4465,-119.0782,-118.6941,-118.2936,-117.8765,-117.4431,-116.9935,-116.5283,-116.0485,-115.5550,-115.0491,-114.5323,-114.0059,-113.4718,-112.9315,-112.3870,-111.8398,-111.2921,-110.7454,-110.2019,-109.6632,-109.1312,-108.6076,-108.0943,-107.5927,-107.1045,-106.6309,-106.1733,-105.7326,-105.3098,-104.9056,-104.5204,-104.1546,-103.8083,-103.4816,-103.1750,-102.8904,-102.6368,-102.4491
45108.7083333,-104.6111,-104.8079,-104.5638,-105.1393,-105.6366,-106.0386,-101.2408,-101.4169,-101.9328,-102.5420,-103.2098,-103.8398,-102.2627,-102.7513,-103.2263,-103.8204,-104.3582,-104.8587,-104.9473,-105.3154,-105.5931,-105.7111,-106.1839,-106.5321,-107.4320,-104.4935,-104.5604,-105.1702,-104.6733,-104.6736,-104.8060,-104.8601,-105.0657,-105.1268,-105.2661,-106.1020,-106.4412,-106.5821,-103.6811,-104.2382,-104.7421,-104.8049,-105.2504,-105.8951,-106.7286,-107.4670,-104.0687,-104.6823,-105.0796,-105.5756,-105.8007,-106.2139,-106.3867,-105.7387,-104.3539,-104.0852,-103.8365,-103.8647,-103.5012,-103.6567,-103.6235,-103.2857,-102.9371,-103.0005,-102.9193,-101.6296,-101.5547,-101.7678,-101.7156,-101.8375,-101.9062,-102.1361,-102.3420,-102.6294,-102.9194,-103.0460,-103.3936,-103.3117,-103.9108,-104.7704,-105.4517,-105.9091,-104.7009,-105.5077,-105.4223,-106.2132,-106.5559,-107.4885,-107.9964,-108.8083,-109.8500,-110.6835,-111.3886,-111.8998,-112.3485,-112.6917,-113.0645,-113.5352,-113.3553,-113.9321,-106.9238,-107.3058,-107.9041,-108.4793,-109.1079,-107.0869,-107.6055,-108.1538,-108.5447,-108.8912,-109.0970,-109.2710,-109.4416,-109.5929,-109.7666,-109.9599,-109.9480,-109.9636,-110.0619,-109.5027,-109.6447,-109.7382,-109.5728,-109.7135,-109.6950,-109.8210,-109.8917,-109.7595,-109.6736,-109.1096,-108.9614,-108.8332,-109.0190,-109.2133,-109.3004,-109.6091,-109.7822,-109.8523,-109.6644,-109.5906,-109.3660,-108.9289,-108.8607,-108.3753,-107.9235,-107.4413,-107.1862,-106.8482,-106.4665,-105.5815,-104.8613,-103.8818,-103.6488,-103.5030,-103.4165,-103.3427,-103.3710,-102.3519,-102.4839,-102.5666,-102.3005,-102.4876,-102.6727,-102.6634,-102.8901,-103.0190,-103.2978,-103.6489,-103.9251,-100.3294,-100.5554,-100.7052,-100.9408,-101.1455,-101.2735,-101.4764,-101.6676,-101.9062,-102.1515,-102.3085,-102.4723,-102.5921,-102.8162,-103.0550,-103.2809,-103.5171,-103.7439,-103.9060,-104.0078,-104.0448,-103.9980,-104.0544,-104.1081,-104.1575,-104.2020,-104.2419,-104.2776,-104.3086,-104.3343,-104.3544,-104.3685,-104.3763,-104.3776,-104.3722,-104.3598,-104.3406,-104.3148,-104.2824,-104.2434,-104.1960,-104.1382,-104.0743,-104.0042,-103.9275,-103.8442,-103.7544,-103.6574,-103.5530,-103.4406,-103.3202,-103.1916,-103.0547,-102.9099,-102.7575,-102.5979,-102.4316,-102.2592,-102.0812,-101.8982,-101.7106,-101.5189,-101.3235,-101.1246,-100.9223,-100.7168,-100.5082,-100.2963,-100.0809,-99.8620,-99.6391,-99.4120,-99.1802,-98.9434,-98.7010,-98.4526,-98.1978,-97.9360,-97.6669,-97.3902,-97.1055,-96.8126,-96.5116,-96.2023,-95.8849,-95.5596,-95.2268,-94.8868,-94.5403,-94.1880,-93.8305,-93.4686,-93.1034,-92.7357,-92.3666,-91.9970,-91.6281,-91.2609,-90.8965,-90.5363,-90.1823,-89.8390,-89.5212,-89.2796
45108.7500000,-83.6037,-83.6884,-83.6844,-83.9705,-84.2269,-84.5449,-80.8637,-81.1017,-81.3078,-81.5732,-81.8679,-82.1646,-81.0139,-81.3277,-81.6391,-82.1018,-82.5118,-82.8623,-83.1104,-83.2912,-83.3989,-83.5418,-83.7171,-83.8940,-84.2521,-81.7642,-81.8542,-82.2915,-82.0759,-82.2524,-82.5940,-82.9217,-83.2413,-83.3820,-83.5689,-83.8831,-83.9700,-84.1773,-81.8036,-82.0434,-82.3857,-82.4639,-82.7675,-83.2032,-83.9032,-84.5024,-81.8533,-82.2605,-82.5073,-82.8998,-83.1566,-83.5142,-83.7730,-84.5480,-84.5520,-84.4222,-84.2569,-84.2767,-83.9017,-83.9216,-83.7976,-83.5224,-83.2759,-83.1473,-83.0776,-81.9323,-81.7413,-81.8672,-81.9201,-81.8784,-81.8513,-81.9688,-82.0661,-82.2107,-82.4310,-82.5671,-82.7029,-82.3785,-82.6410,-83.0377,-83.3331,-83.5231,-82.4462,-82.8071,-82.5238,-82.9859,-83.3029,-83.8715,-84.2616,-84.6967,-85.3538,-85.8626,-86.1604,-86.4478,-86.7603,-87.0111,-87.3221,-87.7377,-87.7112,-88.2742,-83.1668,-83.6011,-84.1747,-84.7529,-85.3742,-83.9438,-84.3836,-84.9112,-85.3565,-85.7863,-86.1091,-86.3264,-86.5425,-86.7132,-86.9387,-87.1241,-87.1845,-87.2902,-87.5195,-87.1138,-87.2782,-87.4096,-87.3755,-87.4981,-87.6496,-87.7394,-87.8268,-87.8586,-87.8822,-87.5336,-87.4859,-87.4300,-87.4665,-87.5248,-87.4824,-87.6082,-87.6735,-87.7085,-87.7303,-87.7702,-87.8070,-87.5862,-87.6577,-87.5618,-87.4456,-87.1618,-87.0259,-86.8436,-86.5881,-85.9458,-85.3699,-84.7076,-84.4627,-84.3080,-84.1177,-83.9899,-83.9084,-82.9779,-82.9586,-82.9294,-82.5918,-82.6041,-82.6351,-82.5441,-82.5894,-82.6256,-82.7533,-82.9382,-83.1135,-80.1623,-80.3396,-80.4485,-80.6150,-80.7495,-80.8391,-80.9885,-81.1180,-81.2529,-81.3983,-81.4897,-81.5964,-81.6520,-81.7777,-81.9147,-82.0115,-82.1145,-82.2115,-82.2941,-82.3740,-82.4153,-82.3931,-82.4510,-82.5051,-82.5540,-82.5980,-82.6376,-82.6733,-82.7049,-82.7323,-82.7558,-82.7755,-82.7915,-82.8039,-82.8128,-82.8180,-82.8196,-82.8176,-82.8119,-82.8023,-82.7873,-82.7656,-82.7398,-82.7098,-82.6755,-82.6372,-82.5950,-82.5488,-82.4988,-82.4449,-82.3871,-82.3255,-82.2600,-82.1908,-82.1178,-82.0409,-81.9602,-81.8757,-81.7872,-81.6948,-81.5983,-81.4977,-81.3929,-81.2839,-81.1708,-81.0534,-80.9320,-80.8065,-80.6771,-80.5440,-80.4073,-80.2672,-80.1239,-79.9776,-79.8284,-79.6766,-79.5223,-79.3656,-79.2066,-79.0453,-78.8818,-78.7161,-78.5481,-78.3776,-78.2047,-78.0291,-77.8508,-77.6695,-77.4850,-77.2972,-77.1060,-76.9111,-76.7124,-76.5098,-76.3033,-76.0928,-75.8784,-75.6600,-75.4379,-75.2125,-74.9847,-74.7577,-74.5420,-74.3743
45108.7916667,-64.7367,-64.8840,-64.9658,-65.1358,-65.2978,-65.5973,-62.8530,-63.1149,-63.3245,-63.5389,-63.7429,-63.9672,-62.9927,-63.2295,-63.4412,-63.7425,-63.9939,-64.2032,-64.3871,-64.5065,-64.5918,-64.7144,-64.7914,-64.9379,-65.1387,-63.2957,-63.3887,-63.6462,-63.4180,-63.5063,-63.7369,-64.0138,-64.2873,-64.4810,-64.7283,-64.9985,-65.0549,-65.2239,-63.4136,-63.5460,-63.6845,-63.7053,-63.8600,-64.0762,-64.5111,-64.9670,-63.0460,-63.3223,-63.4914,-63.7722,-63.9953,-64.2779,-64.5406,-65.5161,-66.1696,-66.1534,-66.1100,-66.1765,-65.9303,-65.9863,-65.9303,-65.7849,-65.6678,-65.6063,-65.5626,-64.6132,-64.4445,-64.5211,-64.5801,-64.5534,-64.5053,-64.5067,-64.4984,-64.5107,-64.5775,-64.6318,-64.6976,-64.3815,-64.4955,-64.6759,-64.8251,-64.9265,-64.0899,-64.2794,-63.9512,-64.1968,-64.3755,-64.6833,-64.9027,-65.1411,-65.4698,-65.7683,-65.9445,-66.1320,-66.3032,-66.4423,-66.6347,-66.8916,-66.8043,-67.1393,-63.5814,-63.8621,-64.2296,-64.6217,-65.0950,-64.1009,-64.4435,-64.8931,-65.2959,-65.6952,-66.0498,-66.2581,-66.4727,-66.6438,-66.8730,-67.0639,-67.2029,-67.3864,-67.6991,-67.4644,-67.6653,-67.8420,-67.8953,-68.0763,-68.2520,-68.3389,-68.4177,-68.4984,-68.5548,-68.3433,-68.3891,-68.4200,-68.4656,-68.5733,-68.5787,-68.6786,-68.7083,-68.7653,-68.7896,-68.8234,-68.8563,-68.6703,-68.7246,-68.7301,-68.7231,-68.5634,-68.5283,-68.4854,-68.4437,-68.3796,-68.1248,-67.7478,-67.5557,-67.4233,-67.2407,-67.1064,-66.9766,-66.1228,-66.0289,-65.9433,-65.6105,-65.5637,-65.5446,-65.4339,-65.4070,-65.3695,-65.3765,-65.4188,-65.4723,-63.0343,-63.1082,-63.1281,-63.1899,-63.2488,-63.2887,-63.3741,-63.4411,-63.5152,-63.5950,-63.6316,-63.6871,-63.7106,-63.7754,-63.8509,-63.9155,-63.9845,-64.0506,-64.1106,-64.1715,-64.2059,-64.1947,-64.2472,-64.2991,-64.3491,-64.3970,-64.4431,-64.4872,-64.5290,-64.5682,-64.6046,-64.6380,-64.6684,-64.6957,-64.7196,-64.7403,-64.7576,-64.7716,-64.7822,-64.7892,-64.7921,-64.7898,-64.7843,-64.7756,-64.7636,-64.7487,-64.7311,-64.7108,-64.6880,-64.6626,-64.6347,-64.6044,-64.5717,-64.5366,-64.4991,-64.4593,-64.4171,-64.3726,-64.3257,-64.2764,-64.2248,-64.1709,-64.1145,-64.0559,-63.9948,-63.9315,-63.8657,-63.7977,-63.7272,-63.6544,-63.5792,-63.5017,-63.4217,-63.3394,-63.2547,-63.1677,-63.0783,-62.9865,-62.8924,-62.7961,-62.6975,-62.5967,-62.4939,-62.3890,-62.2821,-62.1734,-62.0628,-61.9506,-61.8367,-61.7212,-61.6042,-61.4857,-61.3659,-61.2446,-61.1219,-60.9979,-60.8725,-60.7456,-60.6174,-60.4878,-60.3572,-60.2273,-60.1037,-60.0070
45108.8333333,-44.4298,-44.5916,-44.7020,-44.8420,-44.9724,-45.2051,-43.3860,-43.6273,-43.7874,-43.9330,-44.0902,-44.2479,-43.4941,-43.6889,-43.8561,-44.0933,-44.2807,-44.4198,-44.5726,-44.6662,-44.7386,-44.8374,-44.8882,-44.9757,-45.0741,-43.8208,-43.8967,-44.0455,-43.9029,-43.9692,-44.1219,-44.2730,-44.4213,-44.5436,-44.7166,-44.8887,-44.9000,-45.0248,-43.7837,-43.8943,-44.0005,-44.0186,-44.1081,-44.2394,-44.5137,-44.7712,-43.4473,-43.6076,-43.7043,-43.8786,-44.0337,-44.2388,-44.4427,-45.2486,-45.9236,-45.9440,-45.9398,-45.9871,-45.8230,-45.8647,-45.8393,-45.7832,-45.7641,-45.7744,-45.7857,-45.1587,-45.1085,-45.2717,-45.4180,-45.4156,-45.3877,-45.3877,-45.3789,-45.3750,-45.4086,-45.4068,-45.3838,-45.0901,-45.1104,-45.1653,-45.1943,-45.2110,-44.6033,-44.6755,-44.3912,-44.5128,-44.6261,-44.7807,-44.9044,-45.0445,-45.2169,-45.3712,-45.4595,-45.5670,-45.6584,-45.7330,-45.8263,-45.9545,-45.8416,-46.0115,-43.6247,-43.7995,-44.0242,-44.2543,-44.5192,-43.8426,-44.0434,-44.3053,-44.5588,-44.8272,-45.0928,-45.2578,-45.4275,-45.5650,-45.7444,-45.8962,-46.0165,-46.1771,-46.4707,-46.3477,-46.5288,-46.6886,-46.7725,-46.9590,-47.1345,-47.2227,-47.3202,-47.4274,-47.5171,-47.4330,-47.5125,-47.5718,-47.6252,-47.7209,-47.7439,-47.8300,-47.8848,-47.9806,-48.0596,-48.1174,-48.1746,-48.0685,-48.1135,-48.1444,-48.1669,-48.0667,-48.0513,-48.0341,-48.0532,-48.2334,-48.2851,-48.2072,-48.0891,-48.0082,-47.8749,-47.7806,-47.6971,-47.0410,-46.9659,-46.8889,-46.6133,-46.5551,-46.5114,-46.4141,-46.3720,-46.3197,-46.2896,-46.2694,-46.2635,-44.4427,-44.4567,-44.4332,-44.4442,-44.4580,-44.4547,-44.4802,-44.4917,-44.5075,-44.5315,-44.5371,-44.5584,-44.5498,-44.5742,-44.6067,-44.6358,-44.6714,-44.7080,-44.7429,-44.7802,-44.8010,-44.7919,-44.8273,-44.8633,-44.8987,-44.9335,-44.9678,-45.0013,-45.0339,-45.0653,-45.0956,-45.1246,-45.1522,-45.1785,-45.2033,-45.2265,-45.2483,-45.2685,-45.2870,-45.3038,-45.3183,-45.3300,-45.3398,-45.3476,-45.3535,-45.3574,-45.3594,-45.3594,-45.3575,-45.3537,-45.3480,-45.3403,-45.3307,-45.3192,-45.3059,-45.2908,-45.2738,-45.2552,-45.2348,-45.2127,-45.1890,-45.1637,-45.1369,-45.1085,-45.0787,-45.0473,-45.0145,-44.9803,-44.9447,-44.9077,-44.8693,-44.8296,-44.7885,-44.7460,-44.7022,-44.6571,-44.6107,-44.5629,-44.5138,-44.4634,-44.4118,-44.3588,-44.3045,-44.2489,-44.1921,-44.1340,-44.0746,-44.0140,-43.9521,-43.8891,-43.8248,-43.7593,-43.6927,-43.6249,-43.5560,-43.4861,-43.4151,-43.3431,-43.2702,-43.1964,-43.1221,-43.0481,-42.9776,-42.9222
45108.8750000,-27.1063,-27.1699,-27.2157,-27.2495,-27.2944,-27.4282,-26.3698,-26.5366,-26.6387,-26.7310,-26.8359,-26.9475,-26.4125,-26.5660,-26.6912,-26.8647,-26.9985,-27.0912,-27.2143,-27.2744,-27.3271,-27.4031,-27.4394,-27.4906,-27.5355,-26.8004,-26.8824,-26.9716,-26.9082,-26.9569,-27.0578,-27.1444,-27.2150,-27.2790,-27.3794,-27.4507,-27.4287,-27.4967,-26.7246,-26.7790,-26.8298,-26.8434,-26.8916,-26.9600,-27.1467,-27.3254,-26.5470,-26.6330,-26.6816,-26.7824,-26.8736,-26.9957,-27.1163,-27.6743,-28.1708,-28.1730,-28.1599,-28.1725,-28.0647,-28.0791,-28.0602,-28.0431,-28.0509,-28.0691,-28.0889,-27.7129,-27.7317,-27.9155,-28.1196,-28.1344,-28.1234,-28.1249,-28.1208,-28.1163,-28.1640,-28.1806,-28.1388,-27.9327,-27.9153,-27.9264,-27.9118,-27.9064,-27.5176,-27.5409,-27.3470,-27.4058,-27.4714,-27.5316,-27.5838,-27.6474,-27.7159,-27.7739,-27.8142,-27.8738,-27.9154,-27.9483,-27.9923,-28.0559,-27.9740,-28.0551,-26.7110,-26.7836,-26.8826,-26.9854,-27.1090,-26.6834,-26.7764,-26.9079,-27.0451,-27.1939,-27.3465,-27.4385,-27.5333,-27.6084,-27.7052,-27.7887,-27.8564,-27.9567,-28.1643,-28.1057,-28.2325,-28.3438,-28.4102,-28.5413,-28.6657,-28.7273,-28.8010,-28.8927,-28.9696,-28.9523,-29.0310,-29.0946,-29.1435,-29.2359,-29.2819,-29.3587,-29.4149,-29.5124,-29.6021,-29.6583,-29.7152,-29.6710,-29.7155,-29.7709,-29.8184,-29.7670,-29.7692,-29.7722,-29.8106,-30.0368,-30.1806,-30.2440,-30.1760,-30.1278,-30.0450,-29.9881,-29.9449,-29.5319,-29.4818,-29.4268,-29.2354,-29.1875,-29.1483,-29.0835,-29.0549,-29.0281,-29.0212,-29.0092,-29.0022,-27.8200,-27.8146,-27.7785,-27.7647,-27.7550,-27.7373,-27.7356,-27.7231,-27.7108,-27.7047,-27.6921,-27.6929,-27.6735,-27.6723,-27.6775,-27.6823,-27.6926,-27.7047,-27.7171,-27.7321,-27.7382,-27.7272,-27.7440,-27.7619,-27.7803,-27.7991,-27.8182,-27.8377,-27.8572,-27.8768,-27.8963,-27.9157,-27.9348,-27.9537,-27.9722,-27.9902,-28.0078,-28.0248,-28.0412,-28.0568,-28.0714,-28.0847,-28.0972,-28.1087,-28.1192,-28.1288,-28.1375,-28.1453,-28.1520,-28.1579,-28.1627,-28.1665,-28.1694,-28.1712,-28.1720,-28.1718,-28.1706,-28.1683,-28.1651,-28.1607,-28.1553,-28.1489,-28.1414,-28.1329,-28.1234,-28.1128,-28.1013,-28.0887,-28.0752,-28.0606,-28.0451,-28.0287,-28.0114,-27.9932,-27.9741,-27.9541,-27.9333,-27.9117,-27.8892,-27.8660,-27.8420,-27.8173,-27.7918,-27.7656,-27.7386,-27.7109,-27.6826,-27.6535,-27.6238,-27.5934,-27.5623,-27.5306,-27.4982,-27.4652,-27.4315,-27.3972,-27.3623,-27.3268,-27.2907,-27.2540,-27.2169,-27.1798,-27.1444,-27.1162
45108.9166667,-12.8785,-12.9213,-12.9526,-12.9755,-12.9996,-13.0575,-12.5638,-12.6297,-12.6708,-12.7086,-12.7517,-12.7999,-12.4955,-12.5698,-12.6334,-12.7221,-12.7950,-12.8493,-12.9201,-12.9589,-12.9935,-13.0386,-13.0637,-13.0948,-13.1212,-12.7892,-12.8307,-12.8755,-12.8518,-12.8802,-12.9339,-12.9809,-13.0183,-13.0512,-13.0987,-13.1302,-13.1163,-13.1438,-12.7693,-12.7914,-12.8103,-12.8147,-12.8334,-12.8600,-12.9351,-13.0122,-12.6513,-12.6934,-12.7190,-12.7675,-12.8119,-12.8699,-12.9301,-13.1992,-13.4564,-13.4667,-13.4685,-13.4802,-13.4348,-13.4440,-13.4364,-13.4290,-13.4326,-13.4405,-13.4494,-13.2658,-13.2757,-13.3693,-13.4910,-13.5131,-13.5210,-13.5326,-13.5395,-13.5459,-13.5800,-13.5978,-13.5827,-13.4855,-13.4776,-13.4813,-13.4730,-13.4684,-13.2717,-13.2775,-13.1791,-13.1989,-13.2229,-13.2441,-13.2621,-13.2853,-13.3092,-13.3289,-13.3407,-13.3630,-13.3783,-13.3908,-13.4071,-13.4311,-13.3866,-13.4178,-12.7843,-12.8176,-12.8613,-12.9050,-12.9563,-12.7456,-12.7831,-12.8347,-12.8884,-12.9468,-13.0075,-13.0451,-13.0843,-13.1161,-13.1573,-13.1934,-13.2220,-13.2654,-13.3519,-13.3247,-13.3815,-13.4326,-13.4666,-13.5300,-13.5914,-13.6245,-13.6625,-13.7089,-13.7497,-13.7492,-13.7932,-13.8314,-13.8635,-13.9181,-13.9528,-14.0025,-14.0411,-14.0994,-14.1559,-14.1962,-14.2372,-14.2293,-14.2632,-14.3034,-14.3394,-14.3250,-14.3373,-14.3495,-14.3837,-14.5326,-14.6471,-14.7259,-14.7060,-14.6922,-14.6622,-14.6426,-14.6294,-14.4222,-14.4025,-14.3793,-14.2832,-14.2615,-14.2433,-14.2125,-14.1985,-14.1849,-14.1803,-14.1744,-14.1714,-13.5835,-13.5805,-13.5619,-13.5538,-13.5477,-13.5373,-13.5339,-13.5248,-13.5162,-13.5102,-13.5009,-13.4978,-13.4849,-13.4802,-13.4773,-13.4738,-13.4726,-13.4722,-13.4717,-13.4724,-13.4690,-13.4575,-13.4595,-13.4623,-13.4657,-13.4697,-13.4742,-13.4793,-13.4849,-13.4909,-13.4973,-13.5041,-13.5111,-13.5185,-13.5260,-13.5337,-13.5414,-13.5493,-13.5571,-13.5648,-13.5724,-13.5797,-13.5868,-13.5937,-13.6004,-13.6069,-13.6131,-13.6190,-13.6247,-13.6301,-13.6351,-13.6399,-13.6443,-13.6483,-13.6520,-13.6552,-13.6581,-13.6606,-13.6627,-13.6643,-13.6656,-13.6664,-13.6667,-13.6666,-13.6661,-13.6651,-13.6637,-13.6619,-13.6595,-13.6568,-13.6535,-13.6499,-13.6457,-13.6412,-13.6361,-13.6307,-13.6248,-13.6184,-13.6117,-13.6045,-13.5968,-13.5888,-13.5804,-13.5715,-13.5623,-13.5526,-13.5426,-13.5323,-13.5215,-13.5104,-13.4990,-13.4872,-13.4751,-13.4627,-13.4499,-13.4368,-13.4235,-13.4098,-13.3959,-13.3817,-13.3673,-13.3528,-13.3389,-13.3278
45108.9583333,-11.0244,-11.0611,-11.0893,-11.1106,-11.1332,-11.1839,-10.7777,-10.8358,-10.8723,-10.9056,-10.9421,-10.9817,-10.6643,-10.7252,-10.7777,-10.8500,-10.9107,-10.9580,-11.0209,-11.0583,-11.0932,-11.1377,-11.1657,-11.1995,-11.2292,-10.9643,-11.0076,-11.0522,-11.0402,-11.0693,-11.1192,-11.1632,-11.1984,-11.2299,-11.2736,-11.3033,-11.2950,-11.3205,-10.9995,-11.0187,-11.0346,-11.0391,-11.0542,-11.0745,-11.1312,-11.1891,-10.8805,-10.9123,-10.9325,-10.9699,-11.0052,-11.0518,-11.1023,-11.3252,-11.5469,-11.5605,-11.5672,-11.5816,-11.5489,-11.5616,-11.5604,-11.5603,-11.5693,-11.5812,-11.5934,-11.4373,-11.4482,-11.5267,-11.6288,-11.6500,-11.6602,-11.6735,-11.6831,-11.6935,-11.7313,-11.7576,-11.7517,-11.6750,-11.6745,-11.6856,-11.6832,-11.6833,-11.5126,-11.5206,-11.4396,-11.4569,-11.4767,-11.4921,-11.5041,-11.5193,-11.5340,-11.5458,-11.5517,-11.5674,-11.5777,-11.5863,-11.5975,-11.6146,-11.5737,-11.5961,-11.0418,-11.0670,-11.0998,-11.1323,-11.1710,-10.9861,-11.0147,-11.0540,-11.0951,-11.1397,-11.1856,-11.2140,-11.2434,-11.2673,-11.2981,-11.3252,-11.3457,-11.3781,-11.4412,-11.4159,-11.4589,-11.4972,-11.5234,-11.5721,-11.6206,-11.6477,-11.6790,-11.7173,-11.7520,-11.7534,-11.7919,-11.8265,-11.8566,-11.9062,-11.9409,-11.9889,-12.0278,-12.0836,-12.1392,-12.1814,-12.2246,-12.2265,-12.2639,-12.3084,-12.3494,-12.3452,-12.3652,-12.3850,-12.4280,-12.5892,-12.7202,-12.8228,-12.8154,-12.8113,-12.7946,-12.7863,-12.7852,-12.6101,-12.6013,-12.5885,-12.5070,-12.4924,-12.4800,-12.4574,-12.4501,-12.4438,-12.4459,-12.4444,-12.4440,-11.9224,-11.9199,-11.9036,-11.8963,-11.8906,-11.8812,-11.8777,-11.8693,-11.8611,-11.8552,-11.8464,-11.8430,-11.8310,-11.8260,-11.8226,-11.8185,-11.8163,-11.8146,-11.8127,-11.8117,-11.8069,-11.7949,-11.7944,-11.7944,-11.7946,-11.7951,-11.7959,-11.7970,-11.7983,-11.7999,-11.8017,-11.8037,-11.8060,-11.8085,-11.8112,-11.8141,-11.8173,-11.8206,-11.8241,-11.8278,-11.8316,-11.8355,-11.8394,-11.8435,-11.8476,-11.8518,-11.8561,-11.8605,-11.8648,-11.8692,-11.8735,-11.8778,-11.8821,-11.8862,-11.8902,-11.8941,-11.8978,-11.9014,-11.9048,-11.9079,-11.9109,-11.9136,-11.9161,-11.9183,-11.9202,-11.9218,-11.9232,-11.9243,-11.9250,-11.9254,-11.9256,-11.9254,-11.9248,-11.9239,-11.9227,-11.9212,-11.9193,-11.9170,-11.9144,-11.9115,-11.9082,-11.9045,-11.9006,-11.8962,-11.8915,-11.8865,-11.8811,-11.8754,-11.8694,-11.8630,-11.8563,-11.8493,-11.8419,-11.8343,-11.8263,-11.8180,-11.8094,-11.8005,-11.7914,-11.7819,-11.7723,-11.7625,-11.7530,-11.7453
